Grade,Chapter,Topic Nos.,Topic,Subtopic Nos.,"Skill (Reading, Listening, Speaking, Writing, Language)",Domain & Axis,Standard , Learning Objectives Nos., Learning Objectives ," Linguistic Concepts (Grammar, Spelling, Rhetoric)",Saal Practice,Saal Lessons,,,,,,,,,,,,,,
Grade 2,,1.1,المـعرفـة بـالـكـتـب والمطبوعات,1.1.1,القراءة,أسـاسـيـات القراءة,"أن يظهر المتعلم فهم لمفهوم المـادة المطبوعة ومكوناتها والغرض منها، ويميز البنية التنظيمية للنصوص القرائية.",G2.1.1.1.1,"يتعرف المتعلم الأنماط التنظيمية للكتب بمساريها المطبوع والإلكتروني، مثال: جدول المحتويات، الفصول، النصوص المتنوعة.",,,,,,,,,,,,,,,,,
Grade 2,,1.1,المـعرفـة بـالـكـتـب والمطبوعات,1.1.1,القراءة,أسـاسـيـات القراءة,"أن يظهر المتعلم فهم لمفهوم المـادة المطبوعة ومكوناتها والغرض منها، ويميز البنية التنظيمية للنصوص القرائية.",G2.2.1.1.1,يطبق المتعلم معرفته بالمطبوعات لدى اطلاعه على المواد الرقمية المعروضة على الإنترنت أو من خلال وسائل رقمية أخرى؛ ليحدد تنظيمها.,,,,,,,,,,,,,,,,,
Grade 2,,1.1,المـعرفـة بـالـكـتـب والمطبوعات,1.1.1,القراءة,أسـاسـيـات القراءة,"أن يظهر المتعلم فهم لمفهوم المـادة المطبوعة ومكوناتها والغرض منها، ويميز البنية التنظيمية للنصوص القرائية.",G2.3.1.1.1,"يحدد المتعلم العنوان واسم المؤلف وفهرس المحتويات وعناوين الفصول في مواد مطبوعة يقرؤها، ليعين المعلومات المطلوبة.",,,,,,,,,,,,,,,,,
Grade 2,,2.1,الــــوعــــي الصوتي,2.2.1,القراءة,أسـاسـيـات القراءة,"أن يظـهـر المـتـعـلم فهم بالأصوات والمقاطع الصوتية، والرموز المطبوعة والكلمات التي تمثلها.",G2.1.2.2.1,ينشئ المتعلم كلمات جديدة ذات معنى بإضافة أو حذف أو تغيير الأصوات في الكلمات.,,,,,,,,,,,,,,,,,
Grade 2,,2.1,الــــوعــــي الصوتي,2.2.1,القراءة,أسـاسـيـات القراءة,"أن يظـهـر المـتـعـلم فهم بالأصوات والمقاطع الصوتية، والرموز المطبوعة والكلمات التي تمثلها.",G2.2.2.2.1,يطبق المتعلم معرفته بقواعد الصوتيات في التحليل والتركيب صوتيا.,,,,,,,,,,,,,,,,,
Grade 2,,3.1,تعرف الكلمات والطلاقة,2.3.1,القراءة,أسـاسـيـات القراءة,أن يطبق المتعلم إستراتيجيات الـقـراءة الصحيحة لقراءة الكلمات والنصوص بدقة وطـلاقـة مـع فـهـم المـعـاني والدلالات.,G2.1.2.3.1,يقرأ المتعلم قراءة جهرية سليمة مراعيا التنغيم والضبط السليم في حدود 50 كلمة في الدقيقة الواحدة على أن تكون الكلمات مشكولة شكلا تاما.,,,,,,,,,,,,,,,,,
Grade 2,,3.1,تعرف الكلمات والطلاقة,2.3.1,القراءة,أسـاسـيـات القراءة,أن يطبق المتعلم إستراتيجيات الـقـراءة الصحيحة لقراءة الكلمات والنصوص بدقة وطـلاقـة مـع فـهـم المـعـاني والدلالات.,G2.2.2.3.1,"يقرأ المتعلم بطلاقة وبنطق سليم مستثمرا معرفته باللام القمرية - اللام الشمسية - الهمزة - التاء المربوطة - أنواع التنوين الثلاثة، على أن تكون الكلمات مشكولة شكلا تاما.",,,,,,,,,,,,,,,,,
Grade 2,,3.1,تعرف الكلمات والطلاقة,2.3.1,القراءة,أسـاسـيـات القراءة,أن يطبق المتعلم إستراتيجيات الـقـراءة الصحيحة لقراءة الكلمات والنصوص بدقة وطـلاقـة مـع فـهـم المـعـاني والدلالات.,G2.3.2.3.1,يقرأ المتعلم بطلاقة مستثمرا فهمه للنص من خلال السياق والصور على أن تكون الكلمات مشكولة شكلا ا.,,,,,,,,,,,,,,,,,
Grade 2,,1.2,مـــعـــرفـــة الـــفـــكـــر الـرئـيـسـة والتفاصيل,1.1.2,القراءة,قــــــــراءة الـنـصـوص الأدبية,"أن يـحـدد المتعلم الفكر الرئيسة والتفاصيل المساندة التي تسهم في توضيح الفكرة الرئيسة، أو الرسالة العامة، أو الدروس المقدمة في النصوص الأدبية.",G2.1.1.1.2,"يجيب المتعلم عن أسئلة لنص شعري، ويطرح أسئلة: من - ماذا - متى - أين - لماذا - كيف مظهرا فهمه للنص، مبديا رأيه فيه.",,,,,,,,,,,,,,,,,
Grade 2,,1.2,مـــعـــرفـــة الـــفـــكـــر الـرئـيـسـة والتفاصيل,1.1.2,القراءة,قــــــــراءة الـنـصـوص الأدبية,"أن يـحـدد المتعلم الفكر الرئيسة والتفاصيل المساندة التي تسهم في توضيح الفكرة الرئيسة، أو الرسالة العامة، أو الدروس المقدمة في النصوص الأدبية.",G2.2.1.1.2,"يحدد العناصر الفنية: الشخصيات، والمكان والزمان، والأحداث الرئيسة مستخلصا مغزاها، معبرًا عن رأيه فيها.",,,,,,,,,,,,,,,,,
Grade 2,,2.2,تــحــلــيــل النص,1.2.2,القراءة,قــــــــراءة الـنـصـوص الأدبية,"أن يحـدد المتعلم جوانب معينة في النصوص الأدبية ويفهمها، ويحلل عناصر النص وخيارات المؤلفين في اختيار الكلمات والأساليب الأدبية المناسبة لنصوصهم.",G2.1.1.2.2,يقارن المتعلم بين الشخصيات والزمان والمكان في قصص قرأها.,,,,,,,,,,,,,,,,,
Grade 2,,2.2,تــحــلــيــل النص,1.2.2,القراءة,قــــــــراءة الـنـصـوص الأدبية,"أن يحـدد المتعلم جوانب معينة في النصوص الأدبية ويفهمها، ويحلل عناصر النص وخيارات المؤلفين في اختيار الكلمات والأساليب الأدبية المناسبة لنصوصهم.",G2.2.1.2.2,"يحدد المتعلم الكلمات والعبارات التي تكون الإيقاع الشعري الإيقاعات المنتظمة، والأسطر المتكررة... إلخ.",,,,,,,,,,,,,,,,,
Grade 2,,2.2,تــحــلــيــل النص,1.2.2,القراءة,قــــــــراءة الـنـصـوص الأدبية,"أن يحـدد المتعلم جوانب معينة في النصوص الأدبية ويفهمها، ويحلل عناصر النص وخيارات المؤلفين في اختيار الكلمات والأساليب الأدبية المناسبة لنصوصهم.",G2.3.1.2.2,"يتعرف المتعلم المصطلحات الصحيحة لأنواع مختلفة من النصوص الأدبية، ويستخدمها، مثل: القصيدة، البيت، الشطر، البداية، الوسط، النهاية",,,,,,,,,,,,,,,,,
Grade 2,,3.2,تـــكـــامـــل المعرفة مع الفكر,1.3.2,القراءة,قــــــــراءة الـنـصـوص الأدبية,"أن يقرأ المتعلم نصوصا شعرية وأعملا نثرية متنوعة ويحللها ويقيمها، ويـدمـج الفكر المقدمة فيها؛ لبناء معرفة وفهم جديدين عن الفكرة المحورية، والرسائل المتضمنة في الأعمل الأدبية.",G2.1.1.3.2,"يربط المتعلم بين الصور التي يشاهدها والأحداث المناسبة لها، مفسرا العلاقات بينها تفسيرا منطقيا.",,,,,,,,,,,,,,,,,
Grade 2,,3.2,تـــكـــامـــل المعرفة مع الفكر,1.3.2,القراءة,قــــــــراءة الـنـصـوص الأدبية,"أن يقرأ المتعلم نصوصا شعرية وأعملا نثرية متنوعة ويحللها ويقيمها، ويـدمـج الفكر المقدمة فيها؛ لبناء معرفة وفهم جديدين عن الفكرة المحورية، والرسائل المتضمنة في الأعمل الأدبية.",G2.2.1.3.2,"يتفاعل المتعلم مع النصوص المقروءة بوسائل مختلفة: الرسم، الكتابة، الحاسوب، الجهاز اللوحي، مستنتجا القيم الواردة فيها.",,,,,,,,,,,,,,,,,
Grade 2,,3.2,تـــكـــامـــل المعرفة مع الفكر,1.3.2,الكتابة,قــــــــراءة الـنـصـوص الأدبية,"أن يقرأ المتعلم نصوصا شعرية وأعملا نثرية متنوعة ويحللها ويقيمها، ويـدمـج الفكر المقدمة فيها؛ لبناء معرفة وفهم جديدين عن الفكرة المحورية، والرسائل المتضمنة في الأعمل الأدبية.",G2.3.1.3.2,"ينتج المتعلم عملا أدبيا مبسطا على ضوء نص درسه مظهرا الشخصيات، المكان.",,,,,,,,,,,,,,,,,
Grade 2,,3.2,تـــكـــامـــل المعرفة مع الفكر,1.3.2,الكتابة,قــــــــراءة الـنـصـوص الأدبية,"أن يقرأ المتعلم نصوصا شعرية وأعملا نثرية متنوعة ويحللها ويقيمها، ويـدمـج الفكر المقدمة فيها؛ لبناء معرفة وفهم جديدين عن الفكرة المحورية، والرسائل المتضمنة في الأعمل الأدبية.",G2.4.1.3.2,يقترح المتعلم نهايات بديلة لقصة قرأها.,,,,,,,,,,,,,,,,,
Grade 2,,3.2,تـــكـــامـــل المعرفة مع الفكر,1.3.2,القراءة,قــــــــراءة الـنـصـوص الأدبية,"أن يقرأ المتعلم نصوصا شعرية وأعملا نثرية متنوعة ويحللها ويقيمها، ويـدمـج الفكر المقدمة فيها؛ لبناء معرفة وفهم جديدين عن الفكرة المحورية، والرسائل المتضمنة في الأعمل الأدبية.",G2.5.1.3.2,"يحفظ المتعلم 6 أناشيد قصيرة تتألف من 5 - 8 أبيات، تدور موضوعاتها تناسب المرحلة، مثل: الطفولة، والأسرة، والبيت، والوطن، والحيوانات، والطبيعة، والبيئة، والقيم الإنسانية، وغيرها.",,,,,,,,,,,,,,,,,
Grade 2,,1.3,مـــعـــرفـــة الـــفـــكـــر الـرئـيـسـة والتفاصيل,1.1.3,القراءة,قــــــــراءة الـنـصـوص المعلوماتية,"أن يـقـرأ المـتـعـلـم النص المعلوماتي بعمق وشمولية، ويحــدد الفكرة المركزية والفكر الرئيسة، ويستنتج العلاقات ضمن النص الواحد وبين النصوص المختلفة.",G2.1.1.1.3,"يطرح المتعلم أسئلة مثل: من، ماذا، متى، أين، لماذا، كيف عن المعلومات والرسومات التوضيحية والأحداث، ويجيب عن أسئلة أخرى.",,,,,,,,,,,,,,,,,
Grade 2,,1.3,مـــعـــرفـــة الـــفـــكـــر الـرئـيـسـة والتفاصيل,1.1.3,القراءة,قــــــــراءة الـنـصـوص المعلوماتية,"أن يـقـرأ المـتـعـلـم النص المعلوماتي بعمق وشمولية، ويحــدد الفكرة المركزية والفكر الرئيسة، ويستنتج العلاقات ضمن النص الواحد وبين النصوص المختلفة.",G2.2.1.1.3,يذكر المتعلم الفكرة المحورية والفكر الرئيسة لكل فقرة في نص معلوماتي مكون من فقرات.,,,,,,,,,,,,,,,,,
Grade 2,,1.3,مـــعـــرفـــة الـــفـــكـــر الـرئـيـسـة والتفاصيل,1.1.3,القراءة,قــــــــراءة الـنـصـوص المعلوماتية,"أن يـقـرأ المـتـعـلـم النص المعلوماتي بعمق وشمولية، ويحــدد الفكرة المركزية والفكر الرئيسة، ويستنتج العلاقات ضمن النص الواحد وبين النصوص المختلفة.",G2.3.1.1.3,"يستنتج المتعلم العلاقة الزمنية بين حدثين أو أكثر، أو بين مفاهيم علمية مقدمة في النص المعلوماتي.",,,,,,,,,,,,,,,,,
Grade 2,,2.3,تــحــلــيــل النص,1.2.3,اللغة (معجم),قــــــــراءة الـنـصـوص المعلوماتية,"أن يحلل المتعلم عناصر النص واختيار الكاتب للكلمات، ويقيم الطرائق التي تساهم فيها تراكيب الجمل في بناء النص، وأساليب عرض وجهة النظر، أو طريقة كتابة النص وطباعته.",G2.1.1.2.3,"يتعرف المتعلم معاني الكلمات والمصطلحات والعبارات الواردة في نص معلوماتي من خلال: السياق، والكلمات المكتوبة على لوحات الصف الجدارية، والمعاجم البسيطة، والرموز الموجودة في الرسومات، والملحوظات الهامشية.",,,,,,,,,,,,,,,,,
Grade 2,,2.3,تــحــلــيــل النص,1.2.3,القراءة,قــــــــراءة الـنـصـوص المعلوماتية,"أن يحلل المتعلم عناصر النص واختيار الكاتب للكلمات، ويقيم الطرائق التي تساهم فيها تراكيب الجمل في بناء النص، وأساليب عرض وجهة النظر، أو طريقة كتابة النص وطباعته.",G2.2.1.2.3,"يستخدم المتعلم ســمات الـنـص لتحديد المعلومات والحقائق الرئيسة مثل: التعليقات، الشروحات على الصور، عناوين الصفحات، جداول المحتويات....،",,,,,,,,,,,,,,,,,
Grade 2,,2.3,تــحــلــيــل النص,1.2.3,القراءة,قــــــــراءة الـنـصـوص المعلوماتية,"أن يحلل المتعلم عناصر النص واختيار الكاتب للكلمات، ويقيم الطرائق التي تساهم فيها تراكيب الجمل في بناء النص، وأساليب عرض وجهة النظر، أو طريقة كتابة النص وطباعته.",G2.3.1.2.3,يحدد المتعلم الغاية من النص المعلوماتي أو من المعلومات التي يريد المؤلف شرحها أو وصفها.,,,,,,,,,,,,,,,,,
Grade 2,,3.3,تـــكـــامـــل المعرفة مع المهارات,1.3.3,القراءة,قــــــــراءة الـنـصـوص المعلوماتية,"أن يتبين وظيفة النص من خـلال الوسائط المختلفة، وينقد ما جاء فيه من معارف وآراء، ويبني خبات جديدة ليوظفها في نتاجات متنوعة.",G2.1.1.3.3,يشرح المتعلم كيف تساهم الصور والرسومات التوضيحية في فهم النص.,,,,,,,,,,,,,,,,,
Grade 2,,3.3,تـــكـــامـــل المعرفة مع المهارات,1.3.3,القراءة,قــــــــراءة الـنـصـوص المعلوماتية,"أن يتبين وظيفة النص من خـلال الوسائط المختلفة، وينقد ما جاء فيه من معارف وآراء، ويبني خبات جديدة ليوظفها في نتاجات متنوعة.",G2.2.1.3.3,"يبدي المتعلم رأيه في الصور والمشاهد وفكرة النص مبينا السبب، مثال : أعجبني... لأنه، ... 
 أو لم يعجبني... لأنه....",,,,,,,,,,,,,,,,,
Grade 2,,3.3,تـــكـــامـــل المعرفة مع المهارات,1.3.3,القراءة,قــــــــراءة الـنـصـوص المعلوماتية,"أن يتبين وظيفة النص من خـلال الوسائط المختلفة، وينقد ما جاء فيه من معارف وآراء، ويبني خبات جديدة ليوظفها في نتاجات متنوعة.",G2.3.1.3.3,يرتب المتعلم صورا لخطوات وفق ترتيب زمني يراه منطقيا بعد قراءته نصا إرشاديا مبنيا على خطوات.,,,,,,,,,,,,,,,,,
Grade 2,,1.4,البحث عن المعلومات,1.1.4,الكتابة,الكتابة,"أن يـبـحـث المـتـعـلـم عن المـعـلـومـات، ويطبقها في موضوعات كتابية تستند إلى أغراض محددة تظهر فهمه بـالمـادة التي يبحث عنها وتتناسب مع غرض الكتابة وطبيعتها.",G2.1.1.1.4,يبحث المتعلم في مصادر متنوعة ملائمة؛ ليجيب عن أسئلة محددة في موضوع ما.,,,,,,,,,,,,,,,,,
Grade 2,,1.4,البحث عن المعلومات,1.1.4,الكتابة,الكتابة,"أن يـبـحـث المـتـعـلـم عن المـعـلـومـات، ويطبقها في موضوعات كتابية تستند إلى أغراض محددة تظهر فهمه بـالمـادة التي يبحث عنها وتتناسب مع غرض الكتابة وطبيعتها.",G2.2.1.1.4,يكتب المتعلم معلومات من عدة مصادر؛ مستندا إلى خبته الشخصية.,,,,,,,,,,,,,,,,,
Grade 2,,1.4,البحث عن المعلومات,1.1.4,الكتابة,الكتابة,"أن يـبـحـث المـتـعـلـم عن المـعـلـومـات، ويطبقها في موضوعات كتابية تستند إلى أغراض محددة تظهر فهمه بـالمـادة التي يبحث عنها وتتناسب مع غرض الكتابة وطبيعتها.",G2.3.1.1.4,يتشارك المتعلم مع زملائه في إعداد مشروعات بحثية كتابية مناسبة.,,,,,,,,,,,,,,,,,
Grade 2,,2.4,إنـــــتـــــاج الأعــــــمل الكتابيــــة ونشرها,1.2.4,الكتابة,الكتابة,أن ينتج المتعلم أعملا كتابية واضحة ومتنوعة تظهر توجها نحو التنظيم والترتيب متلائمة مع المهمة والغاية.,G2.1.1.2.4,ينشئ نصوصا مقروءة بخط واضح مرتب يمبّز اعتناءه بما يكتب.,,,,,,,,,,,,,,,,,
Grade 2,,2.4,إنـــــتـــــاج الأعــــــمل الكتابيــــة ونشرها,1.2.4,الكتابة,الكتابة,أن ينتج المتعلم أعملا كتابية واضحة ومتنوعة تظهر توجها نحو التنظيم والترتيب متلائمة مع المهمة والغاية.,G2.2.1.2.4,"يكتب المتعلم فقرة مضمنا إياها جملة رئيسة،وتفاصيل داعمة، وجملة خاتمة.",,,,,,,,,,,,,,,,,
Grade 2,,2.4,إنـــــتـــــاج الأعــــــمل الكتابيــــة ونشرها,1.2.4,الكتابة,الكتابة,أن ينتج المتعلم أعملا كتابية واضحة ومتنوعة تظهر توجها نحو التنظيم والترتيب متلائمة مع المهمة والغاية.,G2.3.1.2.4,"يراجع المتعلم ما يكتبه المسودة لتحسين مستوى الكتابة، وتحقيق التمسك والتتابع المنطقي، مستخدما علامات الترقيم.",,,,,,,,,,,,,,,,,
Grade 2,,2.4,إنـــــتـــــاج الأعــــــمل الكتابيــــة ونشرها,2.2.4,الكتابة,الكتابة,"أن ينتج المتعلم نصوصا تصف أشياء وأشخاصا من محيطه، وتتحدث عن أحداث وخبات مألوفة له، وتظهر كتاباته تقيده بالسلامة اللغوية.",G2.1.2.2.4,يكتب المتعلم قصة من خلال ترتيب الجمل البسيطة واللوحات المصورة.,,,,,,,,,,,,,,,,,
Grade 2,,2.4,إنـــــتـــــاج الأعــــــمل الكتابيــــة ونشرها,2.2.4,الكتابة,الكتابة,"أن ينتج المتعلم نصوصا تصف أشياء وأشخاصا من محيطه، وتتحدث عن أحداث وخبات مألوفة له، وتظهر كتاباته تقيده بالسلامة اللغوية.",G2.2.2.2.4,يكتب المتعلم بطاقة تهنئة ودعـوة وجملا إرشادية مفيدة.,,,,,,,,,,,,,,,,,
Grade 2,,2.4,إنـــــتـــــاج الأعــــــمل الكتابيــــة ونشرها,3.2.4,الكتابة,الكتابة,"أن يـسـتـخـدم المـتـعـلـم الـتـكـنـولـوجـيـا، بمــا فيها الإنـــترنـــت، وغــيرهــا من المصادر؛ لينتج وينشر عملا كتابيا متفاعلا مع الآخرين.",G2.1.3.2.4,يستخدم المتعلم التكنولوجيا في طباعة إنتاجه الأدبي ونشره.,,,,,,,,,,,,,,,,,
Grade 2,,2.4,إنـــــتـــــاج الأعــــــمل الكتابيــــة ونشرها,3.2.4,الكتابة,الكتابة,"أن يـسـتـخـدم المـتـعـلـم الـتـكـنـولـوجـيـا، بمــا فيها الإنـــترنـــت، وغــيرهــا من المصادر؛ لينتج وينشر عملا كتابيا متفاعلا مع الآخرين.",G2.2.3.2.4,يستخدم المتعلم مستقلا أو ضمن مجموعات الرسومات التوضيحية والتخطيطية الرقمية والشبكات للتخطيط للكتابة ولإنتاج الكتابة ونشرها.,,,,,,,,,,,,,,,,,
Grade 2,,1.5,استيعـــاب المــعــرفــة وتقديها,2.1.5,الاستماع والمحادثة,الاستماع والمحادثة,"أن يظهر المتعلم فهمًا لمواد مسموعة، ويـتـواصـل مع الآخرين مقدما المعلومات والنتائج المدعومة بالأدلة لإقناع المستمعين واستملتهم نحو الموضوع مستخدما اللغة العربية الفصيحة.",G2.1.2.1.5,يصف المتعلم الأشخاص والأماكن والأشياء مع تفاصيل إضافية مستخدما اللغة العربية الفصيحة مراعيا آداب المحادثة.,,,,,,,,,,,,,,,,,
Grade 2,,1.5,استيعـــاب المــعــرفــة وتقديها,2.1.5,الاستماع والمحادثة,الاستماع والمحادثة,"أن يظهر المتعلم فهمًا لمواد مسموعة، ويـتـواصـل مع الآخرين مقدما المعلومات والنتائج المدعومة بالأدلة لإقناع المستمعين واستملتهم نحو الموضوع مستخدما اللغة العربية الفصيحة.",G2.2.2.1.5,يستوعب المتعلم المــادة المسموعة نص معلوماتي ويختار عنوانا لها.,,,,,,,,,,,,,,,,,
Grade 2,,1.5,استيعـــاب المــعــرفــة وتقديها,2.1.5,الاستماع والمحادثة,الاستماع والمحادثة,"أن يظهر المتعلم فهمًا لمواد مسموعة، ويـتـواصـل مع الآخرين مقدما المعلومات والنتائج المدعومة بالأدلة لإقناع المستمعين واستملتهم نحو الموضوع مستخدما اللغة العربية الفصيحة.",G2.3.2.1.5,يستوعب المتعلم المادة المسموعة نص سردي ويعيد ذكر المحتوى بدقة وترتيب مميزا الفكر الواردة فيها من تلك التي لم ترد.,,,,,,,,,,,,,,,,,
Grade 2,,1.5,استيعـــاب المــعــرفــة وتقديها,2.1.5,الاستماع والمحادثة,الاستماع والمحادثة,"أن يظهر المتعلم فهمًا لمواد مسموعة، ويـتـواصـل مع الآخرين مقدما المعلومات والنتائج المدعومة بالأدلة لإقناع المستمعين واستملتهم نحو الموضوع مستخدما اللغة العربية الفصيحة.",G2.4.2.1.5,"يستوعب المتعلم النص المسموع، ويتبع توجيهات مكونة من خطوات متعددة.",,,,,,,,,,,,,,,,,
Grade 2,,1.5,استيعـــاب المــعــرفــة وتقديها,4.1.5,الاستماع والمحادثة,الاستماع والمحادثة,"أن يشارك المتعلم في النقاشات مع معلميه وزملائه، مكيفا كلامه وفقا لمجموعة متنوعة مــن الـسـيـاقـات والمــهــام التواصلية، مظهرا إجادته للغة العربية الفصيحة.",G2.1.4.1.5,يعيد المتعلم سرد قصة حقيقية أو خيالية سمعها أو قرأها ذاكـرا بعض التفاصيل مثل المكان. الشخصيات.,,,,,,,,,,,,,,,,,
Grade 2,,1.5,استيعـــاب المــعــرفــة وتقديها,4.1.5,الاستماع والمحادثة,الاستماع والمحادثة,"أن يشارك المتعلم في النقاشات مع معلميه وزملائه، مكيفا كلامه وفقا لمجموعة متنوعة مــن الـسـيـاقـات والمــهــام التواصلية، مظهرا إجادته للغة العربية الفصيحة.",G2.2.4.1.5,يناقش المتعلم زملاءه في قضية أو ظاهرة من محيطه مظهرا القدرة على تنظيم أفكاره موظفا الإياءات ولغة الجسد في التعبير عن مشاعره أو أفكاره باستخدام اللغة العربية.,,,,,,,,,,,,,,,,,
Grade 2,,1.5,استيعـــاب المــعــرفــة وتقديها,4.1.5,الاستماع والمحادثة,الاستماع والمحادثة,"أن يشارك المتعلم في النقاشات مع معلميه وزملائه، مكيفا كلامه وفقا لمجموعة متنوعة مــن الـسـيـاقـات والمــهــام التواصلية، مظهرا إجادته للغة العربية الفصيحة.",G2.3.4.1.5,يجيب عن المداخلات والتعليقات أثناء حديثه دون الخروج عن الموضوع أو الفكرة العامة.,,,,,,,,,,,,,,,,,
Grade 2,,1.5,استيعـــاب المــعــرفــة وتقديها,4.1.5,الاستماع والمحادثة,الاستماع والمحادثة,"أن يشارك المتعلم في النقاشات مع معلميه وزملائه، مكيفا كلامه وفقا لمجموعة متنوعة مــن الـسـيـاقـات والمــهــام التواصلية، مظهرا إجادته للغة العربية الفصيحة.",G2.4.4.1.5,يعبّر عن تجربة شخصية مراعيا تسلسل الأحداث.,,,,,,,,,,,,,,,,,
Grade 2,,1.5,استيعـــاب المــعــرفــة وتقديها,5.1.5,الاستماع والمحادثة,الاستماع والمحادثة,"أن يستخدم المتعلم الوسائل الرقمية في العروض البصرية للتعبير عن المعلومات، ويفهم المــادة المعروضة من خلال هذه الوسائط.",G2.1.5.1.5,"يقدم المتعلم عرضا تقديميا باستخدام الوسائط الرقمية عن موضوع مألوف بيئته - ألعابه...، ويعلق عليه بحقائق وتفصيملأت متقبلا آراء الآخرين.",,,,,,,,,,,,,,,,,
Grade 2,,1.5,استيعـــاب المــعــرفــة وتقديها,5.1.5,الاستماع والمحادثة,الاستماع والمحادثة,"أن يستخدم المتعلم الوسائل الرقمية في العروض البصرية للتعبير عن المعلومات، ويفهم المــادة المعروضة من خلال هذه الوسائط.",G2.2.5.1.5,يستخدم المتعلم مخططات الرسوم البيانية والجداول الزمنية والرسوم المتحركة في توضيح أفكار أو أحداث محددة ا آداب المحادثة.,,,,,,,,,,,,,,,,,
Grade 2,,1.6,اكـتـسـاب المــفــردات واستخدامها المعجم,1.1.6,اللغة (المعجم),اللغة,"أن يكتسب المتعلم مفردات جديدة من خلال احتكاكه بمــواقــف غنية ومتنوعة امجتمعيّة، رياضية، علمية،",G2.1.1.1.6,يجمع المتعلم كلمات من محيط لغوي واحد.,مفردات جديدة,,,,,,,,,,,,,,,,
Grade 2,,1.6,اكـتـسـاب المــفــردات واستخدامها المعجم,1.1.6,اللغة (المعجم),اللغة,"أن يكتسب المتعلم مفردات جديدة من خلال احتكاكه بمــواقــف غنية ومتنوعة امجتمعيّة، رياضية، علمية،",G2.2.1.1.6,يحدد المتعلم علاقات التضاد والـترادف بين الكلمات.,تضاد وترادف,,,,,,,,,,,,,,,,
Grade 2,,1.6,اكـتـسـاب المــفــردات واستخدامها المعجم,1.1.6,اللغة (المعجم),اللغة,"أن يكتسب المتعلم مفردات جديدة من خلال احتكاكه بمــواقــف غنية ومتنوعة امجتمعيّة، رياضية، علمية،",G2.3.1.1.6,يستبدل المتعلم بالأسماء والأفعال العامية كلمات فصيحة شفويا.,من العامية الى الفصحى,,,,,,,,,,,,,,,,
Grade 2,,1.6,اكـتـسـاب المــفــردات واستخدامها المعجم,3.1.6,اللغة (المعجم),اللغة,أن يفسر المتعلم المفردات الجديدة من خلال سياقاتها المختلفة.,G2.1.3.1.6,يفسر المتعلم الكلمات الجديدة مستخدما المعجم المبسط المصور.,تفسير المفردات,,,,,,,,,,,,,,,,
Grade 2,,1.6,اكـتـسـاب المــفــردات واستخدامها المعجم,3.1.6,اللغة (المعجم),اللغة,أن يفسر المتعلم المفردات الجديدة من خلال سياقاتها المختلفة.,G2.2.3.1.6,يفسر المتعلم الكلمات مستعينا بمرادفاتها وأضدادها وسياقها.,تفسير المفردات,,,,,,,,,,,,,,,,
Grade 2,,2.6,بنيـة اللغـة الـعـربـيـة: النحو والصرف,2.2.6,اللغة (النحو والصرف),اللغة,أن يـتـعـّرف المـتـعـلـم المفاهيم النحوية والصرفية ويستخدمها اسـتـخـداما صحيحا.,G2.1.2.2.6,يحاكي المتعلم شفويا جملة فعلية بسيطة مستخدما الفعل المـاضي والمضارع للمذكر والمؤنث.,جملة فعلية: المذكّر والمؤنث,,,,,,,,,,,,,,,,
Grade 2,,2.6,بنيـة اللغـة الـعـربـيـة: النحو والصرف,2.2.6,اللغة (النحو والصرف),اللغة,أن يـتـعـّرف المـتـعـلـم المفاهيم النحوية والصرفية ويستخدمها اسـتـخـداما صحيحا.,G2.2.2.2.6,يميّز المتعلم الأسماء والأفعال والحروف. التركيز على الاسم والفعل بالدرجة الأولى,مفردات وتراكيب: الأسماء والأفعال,,,,,,,,,,,,,,,,
Grade 2,,2.6,بنيـة اللغـة الـعـربـيـة: النحو والصرف,2.2.6,اللغة (النحو والصرف),اللغة,أن يـتـعـّرف المـتـعـلـم المفاهيم النحوية والصرفية ويستخدمها اسـتـخـداما صحيحا.,G2.3.2.2.6,"يوظف المتعلم شفويا أسلوب الإثبات والنفي في الإجابة عن سؤال: لم، لن، لا، ليس.",أساليب الكلام: الإثبات والنفي,,,,,,,,,,,,,,,,
Grade 2,,2.6,بنيـة اللغـة الـعـربـيـة: النحو والصرف,2.2.6,اللغة (النحو والصرف),اللغة,أن يـتـعـّرف المـتـعـلـم المفاهيم النحوية والصرفية ويستخدمها اسـتـخـداما صحيحا.,G2.4.2.2.6,"يحاكي المتعلم جملة فعلية بسيطة تتضمن ظرف الزمان صباحا، عصرا، مساء.. وظرف المكان خلف، أمام، فوق، تحت، أعلى، أسفل.",جملة فعلية- مفردات وتراكيب ظرفي المكان والزمان,,,,,,,,,,,,,,,,
Grade 2,,2.6,بنيـة اللغـة الـعـربـيـة: النحو والصرف,2.2.6,اللغة (النحو والصرف),اللغة,أن يـتـعـّرف المـتـعـلـم المفاهيم النحوية والصرفية ويستخدمها اسـتـخـداما صحيحا.,G2.5.2.2.6,"يحاكي المتعلم جملة اسمية بسيطة يتطابق فيها الاسم مع موصوفه للمفرد والمثنى، والجمع.",الجملة الإسمية: تطابق العدد بين المبتدأ والخبر,,,,,,,,,,,,,,,,
Grade 2,,2.6,بنيـة اللغـة الـعـربـيـة: النحو والصرف,2.2.6,اللغة (النحو والصرف),اللغة,أن يـتـعـّرف المـتـعـلـم المفاهيم النحوية والصرفية ويستخدمها اسـتـخـداما صحيحا.,G2.6.2.2.6,يطابق المتعلم في الجنس والعدد مطابقة صحيحة محاكيا نمطا في جملة النهي.,أساليب الكلام: تطابق الجنس والعدد في جملة النهي,,,,,,,,,,,,,,,,
Grade 2,,2.6,بنيـة اللغـة الـعـربـيـة: النحو والصرف,2.2.6,اللغة (النحو والصرف),اللغة,أن يـتـعـّرف المـتـعـلـم المفاهيم النحوية والصرفية ويستخدمها اسـتـخـداما صحيحا.,G2.7.2.2.6,"يميّز المتعلم بين أدوات الاستفهام محاكيا جملا تبدأ بـ متى، أين، من، ماذا، كيف، لماذا؟",أساليب الكلام: الإستفهام أدوات الإستفهام,,,,,,,,,,,,,,,,
Grade 2,,2.6,بنيـة اللغـة الـعـربـيـة: النحو والصرف,2.2.6,اللغة (النحو والصرف),اللغة,أن يـتـعـّرف المـتـعـلـم المفاهيم النحوية والصرفية ويستخدمها اسـتـخـداما صحيحا.,G2.8.2.2.6,"يوظف المتعلم حرفا العطف: و، أو في جمل من إنشائه محاكيا نمطا.","أساليب الكلام: حروف العطف: و، أو",,,,,,,,,,,,,,,,
Grade 2,,2.6,بنيـة اللغـة الـعـربـيـة: النحو والصرف,2.2.6,اللغة (النحو والصرف),اللغة,أن يـتـعـّرف المـتـعـلـم المفاهيم النحوية والصرفية ويستخدمها اسـتـخـداما صحيحا.,G2.9.2.2.6,يحول المتعلم الجملة المثبتة إلى منفية والعكس نمطا.,أساليب الكلام: النفي,,,,,,,,,,,,,,,,
Grade 2,,3.6,بنيـة اللغـة الـعـربـيـة: الإملاء,1.3.6,اللغة (الإملاء),اللغة,أن يكتب المتعلم الكلمات والجمل مراعيا قواعد الإملاء والترقيم.,G2.1.1.3.6,يكتب المتعلم الكلمات المبدوءة باللام الشمسية واللام القمرية كتابة صحيحة.,الحروف الشمسية والقمرية,,,,,,,,,,,,,,,,
Grade 2,,3.6,بنيـة اللغـة الـعـربـيـة: الإملاء,1.3.6,اللغة (الإملاء),اللغة,أن يكتب المتعلم الكلمات والجمل مراعيا قواعد الإملاء والترقيم.,G2.2.1.3.6,"يكتب المتعلم الكلمات المنتهية بالتنوين كتابة صحيحة، مفرقا بين النون والتنوين.",الكلمات المنتهية بالتنوين,,,,,,,,,,,,,,,,
Grade 2,,3.6,بنيـة اللغـة الـعـربـيـة: الإملاء,1.3.6,اللغة (الإملاء),اللغة,أن يكتب المتعلم الكلمات والجمل مراعيا قواعد الإملاء والترقيم.,G2.3.1.3.6,يكتب المتعلم الكلمات المنتهية بالتاء المفتوحة والتاء المربوطة والهاء كتابة صصحيحة.,التاء المفتوحة والمربوطة,,,,,,,,,,,,,,,,
Grade 2,,3.6,بنيـة اللغـة الـعـربـيـة: الإملاء,1.3.6,اللغة (الإملاء),اللغة,أن يكتب المتعلم الكلمات والجمل مراعيا قواعد الإملاء والترقيم.,G2.4.1.3.6,"يكتب المتعلم كلمات تتكون من 3-6 حروف، مكتسبة من محيطه اللغوي -إملاء منقول.",كلمات مكتسبة,,,,,,,,,,,,,,,,
Grade 2,,3.6,بنيـة اللغـة الـعـربـيـة: الإملاء,1.3.6,اللغة (الإملاء),اللغة,أن يكتب المتعلم الكلمات والجمل مراعيا قواعد الإملاء والترقيم.,5.1.3.6.G2,"يستخدم المتعلم علامات الترقيم علامة الاستفهام، النقطة، علامة التعجب.","علامات الترقيم: التعجب، الإستفهام، النقطة",,,,,,,,,,,,,,,,
Grade 2,,4.6,بنيـة اللغـة الـعـربـيـة: الخط,1.4.6,اللغة (الخط),اللغة,أن يكتب المتعلم بخط واضح وجميل مراعيا قواعد الخط العربي.,G2.1.1.4.6,يكتب المتعلم كلمات وجملا من كلمتين إلى ست كلمات بخط النسخ محاكيا نمطا.,,,,,,,,,,,,,,,,,
Grade 3,,1.1,المعـرفـة بـالـكـتـب والمطبوعات,1.1.1,القراءة,أسـاسـيـات القراءة,"أن يظهر المتعلم فهم لمفهوم المـادة المطبوعة ومكوناتها والغرض منها، ويميز البنية التنظيمية للنصوص القرائية.",G3.1.1.1.1,"يوضح المتعلم الأنماط التنظيمية للمطبوعات، مثال: صفحة، جـدول المحتويات، الفصول، مسرد المصطلحات، الفهرس، إلخ، متمكنا من استخدامها بطريقة صحيحة.",,,,,,,,,,,,,,,,,
Grade 3,,1.1,المعـرفـة بـالـكـتـب والمطبوعات,1.1.1,القراءة,أسـاسـيـات القراءة,"أن يظهر المتعلم فهم لمفهوم المـادة المطبوعة ومكوناتها والغرض منها، ويميز البنية التنظيمية للنصوص القرائية.",G3.2.1.1.1,يوظف المتعلم معرفته بالمطبوعات لدى قيامه بالبحث عن معلومات بوسائل رقمية أو من خلال الرسوم البيانية مثال: خرائط بسيطة أو جداول.,,,,,,,,,,,,,,,,,
Grade 3,,2.1,الــــوعــــي الصوتي,2.2.1,القراءة,أسـاسـيـات القراءة,"أن يظـهـر المـتـعـلم فهم بالأصوات والمقاطع الصوتية، والرموز المطبوعة والكلمات التي تمثلها.",G3.1.2.2.1,يطبق المتعلم معرفته بقواعد الصوتيات ليقرأ الكلمات المألوفة ويهجئ الكلمات غير المألوفة ومتعددة المقاطع.,,,,,,,,,,,,,,,,,
Grade 3,,2.1,الــــوعــــي الصوتي,2.2.1,القراءة,أسـاسـيـات القراءة,"أن يظـهـر المـتـعـلم فهم بالأصوات والمقاطع الصوتية، والرموز المطبوعة والكلمات التي تمثلها.",G3.2.2.2.1,"يحذف المتعلم صوتا في كلمة متعددة المقاطع ليكون كلمة جديدة، مثال: تستبدلون - تستدلون.",,,,,,,,,,,,,,,,,
Grade 3,,3.1,تعرف الكلمات والطلاقة,2.3.1,القراءة,أسـاسـيـات القراءة,أن يطبق المتعلم إستراتيجيات الـقـراءة الصحيحة لقراءة الكلمات والنصوص بدقة وطـلاقـة مـع فـهـم المـعـاني والدلالات.,G3.1.2.3.1,"يوظف المتعلم العلاقات بين بعض المفردات الشائعة في الاستخدام، موظفا السياق لفهم معاني المـفـردات، مثل: بـذور، زراعــة، تربة، جذور، شمس.",,,,,,,,,,,,,,,,,
Grade 3,,3.1,تعرف الكلمات والطلاقة,2.3.1,القراءة,أسـاسـيـات القراءة,أن يطبق المتعلم إستراتيجيات الـقـراءة الصحيحة لقراءة الكلمات والنصوص بدقة وطـلاقـة مـع فـهـم المـعـاني والدلالات.,G3.2.2.3.1,يقرأ المتعلم قراءة جهرية سليمة مراعيا التنغيم والضبط السليم في حدود 45 كلمة في الدقيقة الواحدة.,,,,,,,,,,,,,,,,,
Grade 3,,3.1,تعرف الكلمات والطلاقة,2.3.1,القراءة,أسـاسـيـات القراءة,أن يطبق المتعلم إستراتيجيات الـقـراءة الصحيحة لقراءة الكلمات والنصوص بدقة وطـلاقـة مـع فـهـم المـعـاني والدلالات.,G3.3.2.3.1,يقرأ المتعلم قراءة سليمة نصوصا تخلو بعض كلماتها البسيطة من الضبط معتمدا على السياق.,,,,,,,,,,,,,,,,,
Grade 3,,1.2,مـــعـــرفـــة الـــفـــكـــر الـرئـيـسـة والتفاصيل,1.1.2,القراءة,قــــــــراءة الـنـصـوص الأدبية,"أن يـحـدد المتعلم الفكر الرئيسة والتفاصيل المساندة التي تسهم في توضيح الفكرة الرئيسة، أو الرسالة العامة، أو الدروس المقدمة في النصوص الأدبية.",G3.1.1.1.2,يجيب المتعلم عن أسئلة تظهر فهمه للفكر الرئيسة والفكر الفرعية مستعينا بالنص.,,,,,,,,,,,,,,,,,
Grade 3,,1.2,مـــعـــرفـــة الـــفـــكـــر الـرئـيـسـة والتفاصيل,1.1.2,القراءة,قــــــــراءة الـنـصـوص الأدبية,"أن يـحـدد المتعلم الفكر الرئيسة والتفاصيل المساندة التي تسهم في توضيح الفكرة الرئيسة، أو الرسالة العامة، أو الدروس المقدمة في النصوص الأدبية.",G3.2.1.1.2,"يطرح المتعلم أسئلة عن الفكرة الرئيسة والفكر الفرعية في نصوص شعرية، مبديا رأيه في المضمون.",,,,,,,,,,,,,,,,,
Grade 3,,1.2,مـــعـــرفـــة الـــفـــكـــر الـرئـيـسـة والتفاصيل,1.1.2,القراءة,قــــــــراءة الـنـصـوص الأدبية,"أن يـحـدد المتعلم الفكر الرئيسة والتفاصيل المساندة التي تسهم في توضيح الفكرة الرئيسة، أو الرسالة العامة، أو الدروس المقدمة في النصوص الأدبية.",G3.3.1.1.2,"يحدد المتعلم تطور الأحداث، موضحا الصراع بأنواعه، والبداية والوسط والنهاية والمغزى.",,,,,,,,,,,,,,,,,
Grade 3,,2.2,تــحــلــيــل النص,1.2.2,القراءة,قــــــــراءة الـنـصـوص الأدبية,"أن يحـدد المتعلم جوانب معينة في النصوص الأدبية ويفهمها، ويحلل عناصر النص وخيارات المؤلفين في اختيار الكلمات والأساليب الأدبية المناسبة لنصوصهم.",G3.1.1.2.2,"يصف المتعلم الشخصيات الرئيسة في القصة، أو الحكاية الرمزية، أو الحكاية الخرافية.",,,,,,,,,,,,,,,,,
Grade 3,,2.2,تــحــلــيــل النص,1.2.2,القراءة,قــــــــراءة الـنـصـوص الأدبية,"أن يحـدد المتعلم جوانب معينة في النصوص الأدبية ويفهمها، ويحلل عناصر النص وخيارات المؤلفين في اختيار الكلمات والأساليب الأدبية المناسبة لنصوصهم.",G3.2.1.2.2,"يحدد المتعلم الحوار في النص الأدبي قصة /مسرحية ودوره في الكشف عـن طبيعة الشخصيات طيب، شرير، شجاع، أناني من خلال أقوالها وأفعالها وأشكالها المرسومة.",,,,,,,,,,,,,,,,,
Grade 3,,2.2,تــحــلــيــل النص,1.2.2,القراءة,قــــــــراءة الـنـصـوص الأدبية,"أن يحـدد المتعلم جوانب معينة في النصوص الأدبية ويفهمها، ويحلل عناصر النص وخيارات المؤلفين في اختيار الكلمات والأساليب الأدبية المناسبة لنصوصهم.",G3.3.1.2.2,"يفسر المتعلم الكلمات والعبارات المستخدمة في النصوص الأدبية، مميزا بين الاستخدامات الحقيقية والمجازية.",,,,,,,,,,,,,,,,,
Grade 3,,2.2,تــحــلــيــل النص,1.2.2,القراءة,قــــــــراءة الـنـصـوص الأدبية,"أن يحـدد المتعلم جوانب معينة في النصوص الأدبية ويفهمها، ويحلل عناصر النص وخيارات المؤلفين في اختيار الكلمات والأساليب الأدبية المناسبة لنصوصهم.",G3.4.1.2.2,"يحدد المتعلم أدوات الربط المتعلقة بالزمن، وتسلسل الأحــداث، والسبب والنتيجة لوصف العلاقة بين الأحداث في النصوص الأدبية، مثل: كيف عجل الحدث الأول في وقوع الأحداث اللاحقة.",,,,,,,,,,,,,,,,,
Grade 3,,2.2,تــحــلــيــل النص,1.2.2,القراءة,قــــــــراءة الـنـصـوص الأدبية,"أن يحـدد المتعلم جوانب معينة في النصوص الأدبية ويفهمها، ويحلل عناصر النص وخيارات المؤلفين في اختيار الكلمات والأساليب الأدبية المناسبة لنصوصهم.",G3.5.1.2.2,"يميز المتعلم الأشكال العامة للنصوص الأدبية قصيدة، قصة، مسرحية....",,,,,,,,,,,,,,,,,
Grade 3,,2.2,تــحــلــيــل النص,1.2.2,القراءة,قــــــــراءة الـنـصـوص الأدبية,"أن يحـدد المتعلم جوانب معينة في النصوص الأدبية ويفهمها، ويحلل عناصر النص وخيارات المؤلفين في اختيار الكلمات والأساليب الأدبية المناسبة لنصوصهم.",G3.6.1.2.2,"يصف المتعلم الأنماط التركيبية لأنواع مختلفة من الأشكال العامة للنصوص، مستخدما المصطلحات الصحيحة للرجوع إليها مثل: المقدمة، والخاتمة، والمقطع الشعري، والفصل من المسرحية.",,,,,,,,,,,,,,,,,
Grade 3,,3.2,تـــكـــامـــل المعرفة مع الفكر,1.3.2,القراءة,قــــــــراءة الـنـصـوص الأدبية,"أن يقرأ المتعلم نصوصا شعرية وأعملا نثرية متنوعة ويحللها ويقيمها، ويـدمـج الفكر المقدمة فيها؛ لبناء معرفة وفهم جديدين عن الفكرة المحورية، والرسائل المتضمنة في الأعمل الأدبية.",G3.1.1.3.2,"يفسر المتعلم كيف تساعد الرسوم التوضيحية وعناصر أخرى مرئية في النص على نقل المعنى العاطفة، والتأكيد على جوانب الشخصية، وتوضيح المكان والزمان....",,,,,,,,,,,,,,,,,
Grade 3,,3.2,تـــكـــامـــل المعرفة مع الفكر,1.3.2,القراءة,قــــــــراءة الـنـصـوص الأدبية,"أن يقرأ المتعلم نصوصا شعرية وأعملا نثرية متنوعة ويحللها ويقيمها، ويـدمـج الفكر المقدمة فيها؛ لبناء معرفة وفهم جديدين عن الفكرة المحورية، والرسائل المتضمنة في الأعمل الأدبية.",G3.2.1.3.2,"يذكر المتعلم أوجه التشابه والاختلاف بين نصين للكاتب نفسه من حيث: الفكر الرئيسة، والدروس المستخلصة، والمكان والزمان، وسير الأحداث.",,,,,,,,,,,,,,,,,
Grade 3,,3.2,تـــكـــامـــل المعرفة مع الفكر,1.3.2,الكتابة,قــــــــراءة الـنـصـوص الأدبية,"أن يقرأ المتعلم نصوصا شعرية وأعملا نثرية متنوعة ويحللها ويقيمها، ويـدمـج الفكر المقدمة فيها؛ لبناء معرفة وفهم جديدين عن الفكرة المحورية، والرسائل المتضمنة في الأعمل الأدبية.",G3.3.1.3.2,"يكتب المتعلم استجابة على ضوء نص درسه مظهرا الشخصيات، والمكان، وتسلسل الأحداث.",,,,,,,,,,,,,,,,,
Grade 3,,3.2,تـــكـــامـــل المعرفة مع الفكر,1.3.2,الكتابة,قــــــــراءة الـنـصـوص الأدبية,"أن يقرأ المتعلم نصوصا شعرية وأعملا نثرية متنوعة ويحللها ويقيمها، ويـدمـج الفكر المقدمة فيها؛ لبناء معرفة وفهم جديدين عن الفكرة المحورية، والرسائل المتضمنة في الأعمل الأدبية.",G3.4.1.3.2,"يقترح المتعلم نهايات بديلة لقصة قرأها، معللا اقتراحاته.",,,,,,,,,,,,,,,,,
Grade 3,,3.2,تـــكـــامـــل المعرفة مع الفكر,1.3.2,القراءة,قــــــــراءة الـنـصـوص الأدبية,"أن يقرأ المتعلم نصوصا شعرية وأعملا نثرية متنوعة ويحللها ويقيمها، ويـدمـج الفكر المقدمة فيها؛ لبناء معرفة وفهم جديدين عن الفكرة المحورية، والرسائل المتضمنة في الأعمل الأدبية.",G3.5.1.3.2,"يحفظ المتعلم 6 أناشيد قصيرة تتألف من 10-5 أبيات تدور موضوعاتها عن ما يناسب المرحلة من مثل: الـذات، والوطن، والصحة، والعلاقات الإنسانية، والأخلاق، والقيم.. وغيرها.",,,,,,,,,,,,,,,,,
Grade 3,,1.3,مـــعـــرفـــة الـــفـــكـــر الـرئـيـسـة والتفاصيل,1.1.3,القراءة,قــــــــراءة الـنـصـوص المعلوماتية,"أن يـقـرأ المـتـعـلـم النص المعلوماتي بعمق وشمولية، ويحــدد الفكرة المركزية والفكر الرئيسة، ويستنتج العلاقات ضمن النص الواحد وبين النصوص المختلفة.",G3.1.1.1.3,يستعين المتعلم بالرسومات التوضيحية والمخططات والجداول والشروحات في الإجابة عن أسئلة النص,,,,,,,,,,,,,,,,,
Grade 3,,1.3,مـــعـــرفـــة الـــفـــكـــر الـرئـيـسـة والتفاصيل,1.1.3,القراءة,قــــــــراءة الـنـصـوص المعلوماتية,"أن يـقـرأ المـتـعـلـم النص المعلوماتي بعمق وشمولية، ويحــدد الفكرة المركزية والفكر الرئيسة، ويستنتج العلاقات ضمن النص الواحد وبين النصوص المختلفة.",G3.2.1.1.3,"يحدد المتعلم الفكرة المحورية للنص والتفاصيل الرئيسة، شـارحا كيف تدعم التفاصيل الرئيسة الفكرة المحورية باستخدام الرسومات التوضيحية والمخططات والخرائط.",,,,,,,,,,,,,,,,,
Grade 3,,1.3,مـــعـــرفـــة الـــفـــكـــر الـرئـيـسـة والتفاصيل,1.1.3,القراءة,قــــــــراءة الـنـصـوص المعلوماتية,"أن يـقـرأ المـتـعـلـم النص المعلوماتي بعمق وشمولية، ويحــدد الفكرة المركزية والفكر الرئيسة، ويستنتج العلاقات ضمن النص الواحد وبين النصوص المختلفة.",G3.3.1.1.3,"يستنتج المتعلم العلاقة الزمنية، وعلاقة السبب والنتيجة بين مجموعة من الأحداث.",,,,,,,,,,,,,,,,,
Grade 3,,2.3,تــحــلــيــل النص,1.2.3,اللغة (المعجم),قــــــــراءة الـنـصـوص المعلوماتية,"أن يحلل المتعلم عناصر النص واختيار الكاتب للكلمات، ويقيم الطرائق التي تساهم فيها تراكيب الجمل في بناء النص، وأساليب عرض وجهة النظر، أو طريقة كتابة النص وطباعته.",G3.1.1.2.3,"يتعرف المتعلم معاني الكلمات والمصطلحات والعبارات الواردة في نص معلوماتي من خلال: السياق، والكلمات المكتوبة على لوحات الصف الجدارية، والمعاجم البسيطة، والرموز الموجودة في الرسومات، والملحوظات الهامشية، والمسارد.",,,,,,,,,,,,,,,,,
Grade 3,,2.3,تــحــلــيــل النص,1.2.3,القراءة,قــــــــراءة الـنـصـوص المعلوماتية,"أن يحلل المتعلم عناصر النص واختيار الكاتب للكلمات، ويقيم الطرائق التي تساهم فيها تراكيب الجمل في بناء النص، وأساليب عرض وجهة النظر، أو طريقة كتابة النص وطباعته.",G3.2.1.2.3,"يستخدم المتعلم السمات النصية في النصوص المطبوعة أو الرقمية لتحديد المعلومات بسرعة وفاعلية مثل: النصوص المطبوعة بخط مميز، الكلمات الرئيسة، والجمل الرئيسة، الارتباطات التشعبية، الجداول....،",,,,,,,,,,,,,,,,,
Grade 3,,2.3,تــحــلــيــل النص,1.2.3,القراءة,قــــــــراءة الـنـصـوص المعلوماتية,"أن يحلل المتعلم عناصر النص واختيار الكاتب للكلمات، ويقيم الطرائق التي تساهم فيها تراكيب الجمل في بناء النص، وأساليب عرض وجهة النظر، أو طريقة كتابة النص وطباعته.",G3.3.1.2.3,"يقارن المتعلم بين المعلومات المقدمة في النص وخباته السابقة، محددا كيف غيرت فهمه الأمور الجديدة.",,,,,,,,,,,,,,,,,
Grade 3,,3.3,تـــكـــامـــل المعرفة مع المهارات,1.3.3,القراءة,قــــــــراءة الـنـصـوص المعلوماتية,"أن يتبين وظيفة النص من خـلال الوسائط المختلفة، وينقد ما جاء فيه من معارف وآراء، ويبني خبات جديدة ليوظفها في نتاجات متنوعة.",G3.1.1.3.3,"يصف المتعلم العلاقات المنطقية بين جمل محددة في النص مثل: ذكـر أوجـه التشابه والاختلاف، تسلسل الأحداث....،",,,,,,,,,,,,,,,,,
Grade 3,,3.3,تـــكـــامـــل المعرفة مع المهارات,1.3.3,القراءة,قــــــــراءة الـنـصـوص المعلوماتية,"أن يتبين وظيفة النص من خـلال الوسائط المختلفة، وينقد ما جاء فيه من معارف وآراء، ويبني خبات جديدة ليوظفها في نتاجات متنوعة.",G3.2.1.3.3,يملأ المتعلم جدولا أو مخططا أو خريطة مفرغة وفق معلومات قرأها في نص معلوماتي,,,,,,,,,,,,,,,,,
Grade 3,,1.4,البحث عن المعلومات,1.1.4,القراءة,الكتابة,"أن يـبـحـث المـتـعـلـم عن المـعـلـومـات، ويطبقها في موضوعات كتابية تستند إلى أغراض محددة تظهر فهمه بـالمـادة التي يبحث عنها وتتناسب مع غرض الكتابة وطبيعتها.",G3.1.1.1.4,"يحصل المتعلم على معلومات من عدة مصادر الموسوعات، القصص، أشرطة الفيديو، الشبكة المعلوماتية، الأقراص المضغوطة.",,,,,,,,,,,,,,,,,
Grade 3,,1.4,البحث عن المعلومات,1.1.4,الكتابة,الكتابة,"أن يـبـحـث المـتـعـلـم عن المـعـلـومـات، ويطبقها في موضوعات كتابية تستند إلى أغراض محددة تظهر فهمه بـالمـادة التي يبحث عنها وتتناسب مع غرض الكتابة وطبيعتها.",G3.2.1.1.4,ينفذ المتعلم مستقلا أو ضمن مجموعات صغيرة مشروعات بحثية قصيرة مركزة تبني معرفته عن موضوع معين.,,,,,,,,,,,,,,,,,
Grade 3,,1.4,البحث عن المعلومات,1.1.4,الكتابة,الكتابة,"أن يـبـحـث المـتـعـلـم عن المـعـلـومـات، ويطبقها في موضوعات كتابية تستند إلى أغراض محددة تظهر فهمه بـالمـادة التي يبحث عنها وتتناسب مع غرض الكتابة وطبيعتها.",G3.3.1.1.4,"يلخص المتعلم أحد النصوص اللغوية، ويعرض النتائج أمام زملائه مستخدما الوسائل الملائمة الصور، الترسيمات.",,,,,,,,,,,,,,,,,
Grade 3,,1.4,البحث عن المعلومات,1.1.4,الكتابة,الكتابة,"أن يـبـحـث المـتـعـلـم عن المـعـلـومـات، ويطبقها في موضوعات كتابية تستند إلى أغراض محددة تظهر فهمه بـالمـادة التي يبحث عنها وتتناسب مع غرض الكتابة وطبيعتها.",G3.4.1.1.4,يوثق المتعلم مصادر المعلومات بشكل صحيح.,,,,,,,,,,,,,,,,,
Grade 3,,2.4,إنـــــتـــــاج الأعــــــمال الكتابيــــة ونشرها,1.2.4,الكتابة,الكتابة,أن ينتج المتعلم أعملا كتابية واضحة ومتنوعة تظهر توجها نحو التنظيم والترتيب متلائمة مع المهمة والغاية.,G3.1.1.2.4,"ينشئ المتعلم فقرة واحدة، ويطور فكرة رئيسة، ويضمنها حقائق وتفاصيل داعمة.",,,,,,,,,,,,,,,,,
Grade 3,,2.4,إنـــــتـــــاج الأعــــــمال الكتابيــــة ونشرها,1.2.4,الكتابة,الكتابة,أن ينتج المتعلم أعملا كتابية واضحة ومتنوعة تظهر توجها نحو التنظيم والترتيب متلائمة مع المهمة والغاية.,G3.2.1.2.4,ينشئ نصوصا مقروءة بخط واضـح مرتب تبز اعتناءه بما يكتب تاركا هوامش عن يمين الصفحة ويسارها.,,,,,,,,,,,,,,,,,
Grade 3,,2.4,إنـــــتـــــاج الأعــــــمال الكتابيــــة ونشرها,1.2.4,الكتابة,الكتابة,أن ينتج المتعلم أعملا كتابية واضحة ومتنوعة تظهر توجها نحو التنظيم والترتيب متلائمة مع المهمة والغاية.,G3.3.1.2.4,"يراجع المتعلم ما يكتبه المسودة لتحسين مستوى الكتابة، وتحقيق التمسك والتتابع المنطقي للأفكار، وإضافة تفاصيل وصفية على نصه مستخدما علامات الترقيم.",,,,,,,,,,,,,,,,,
Grade 3,,2.4,إنـــــتـــــاج الأعــــــمال الكتابيــــة ونشرها,2.2.4,الكتابة,الكتابة,"أن ينتج المتعلم نصوصا تصف أشياء وأشخاصا من محيطه، وتتحدث عن أحداث وخبات مألوفة له، وتظهر كتاباته تقيده بالسلامة اللغوية.",G3.1.2.2.4,يكتب المتعلم نصوصا سردية مقدما سياقا واضحا للأحداث تتضمن بعض التفاصيل المختارة بعناية لتطوير الحبكة.,,,,,,,,,,,,,,,,,
Grade 3,,2.4,إنـــــتـــــاج الأعــــــمال الكتابيــــة ونشرها,2.2.4,الكتابة,الكتابة,"أن ينتج المتعلم نصوصا تصف أشياء وأشخاصا من محيطه، وتتحدث عن أحداث وخبات مألوفة له، وتظهر كتاباته تقيده بالسلامة اللغوية.",G3.2.2.2.4,يكتب المتعلم نصوصا وصفية تتضمن تفاصيل حسية مادية؛ مدعومة بانطباعاته عن الناس والأماكن والأشياء.,,,,,,,,,,,,,,,,,
Grade 3,,2.4,إنـــــتـــــاج الأعــــــمال الكتابيــــة ونشرها,2.2.4,الكتابة,الكتابة,"أن ينتج المتعلم نصوصا تصف أشياء وأشخاصا من محيطه، وتتحدث عن أحداث وخبات مألوفة له، وتظهر كتاباته تقيده بالسلامة اللغوية.",G3.3.2.2.4,"يكتب المتعلم رسائل شخصية، ودعــوات، ورسائل شكر تظهر وعيا واهتمما بالمتلقي مضمنا رسالته التاريخ، المرسل إليه، التحية، ونص الرسالة، والختام، المرسل، التوقيع.",,,,,,,,,,,,,,,,,
Grade 3,,2.4,إنـــــتـــــاج الأعــــــمال الكتابيــــة ونشرها,5.2.4,الكتابة,الكتابة,"أن يـسـتـخـدم المـتـعـلـم الـتـكـنـولـوجـيـا، بمــا فيها الإنـــترنـــت، وغــيرهــا من المصادر؛ لينتج وينشر عملا كتابيا متفاعلا مع الآخرين.",G3.1.5.2.4,يستخدم المتعلم الـرسـومـات التوضيحية والتخطيطية الرقمية والأشكال البيانية للتخطيط للكتابة؛ لإنتاج مشاركاته الكتابية ونشرها عب الوسائل المناسبة.,,,,,,,,,,,,,,,,,
Grade 3,,2.4,إنـــــتـــــاج الأعــــــمال الكتابيــــة ونشرها,5.2.4,الكتابة,الكتابة,"أن يـسـتـخـدم المـتـعـلـم الـتـكـنـولـوجـيـا، بمــا فيها الإنـــترنـــت، وغــيرهــا من المصادر؛ لينتج وينشر عملا كتابيا متفاعلا مع الآخرين.",G3.2.5.2.4,"يوثق المتعلم المعلومات المستمدة من المعاجم الرقمية أو الورقية المبسطة، وغيرها من المصادر أثناء قيامه بالكتابة.",,,,,,,,,,,,,,,,,
Grade 3,,2.4,إنـــــتـــــاج الأعــــــمال الكتابيــــة ونشرها,5.2.4,الكتابة,الكتابة,"أن يـسـتـخـدم المـتـعـلـم الـتـكـنـولـوجـيـا، بمــا فيها الإنـــترنـــت، وغــيرهــا من المصادر؛ لينتج وينشر عملا كتابيا متفاعلا مع الآخرين.",G3.3.5.2.4,يستخدم برمجية معالجة الكلمات المناسبة؛ لإنتاج مشاركاته الكتابية ونشرها.,,,,,,,,,,,,,,,,,
Grade 3,,1.5,استيعـــاب المــعــرفــة وتقديها,2.1.5,الاسـتـماع والمحادثة,الاسـتـماع والمحادثة,"أن يظهر المتعلم فهم لمواد مسموعة، ويـتـواصـل مع الآخرين مقدما المعلومات والنتائج المدعومة بالأدلة لإقناع المستمعين واستملتهم نحو الموضوع مستخدما اللغة العربية الفصيحة.",G3.1.2.1.5,يستمع المتعلم إلى نص سردي ويختار عنوانا له مقترحا خواتيم بديلة.,,,,,,,,,,,,,,,,,
Grade 3,,1.5,استيعـــاب المــعــرفــة وتقديها,2.1.5,الاسـتـماع والمحادثة,الاسـتـماع والمحادثة,"أن يظهر المتعلم فهم لمواد مسموعة، ويـتـواصـل مع الآخرين مقدما المعلومات والنتائج المدعومة بالأدلة لإقناع المستمعين واستملتهم نحو الموضوع مستخدما اللغة العربية الفصيحة.",G3.2.2.1.5,"يستمع المتعلم إلى نص يتضمن آراء متعددة حـوار.. حديث إذاعي بسيط عن موضوع يتصل بقضية مجتمعيّة/ إنسانية من مثل: النظافة - مساعدة الآخرين، ويوازن بين أراء المتحدثين مبديا رأيه.",,,,,,,,,,,,,,,,,
Grade 3,,1.5,استيعـــاب المــعــرفــة وتقديها,2.1.5,الاسـتـماع والمحادثة,الاسـتـماع والمحادثة,"أن يظهر المتعلم فهم لمواد مسموعة، ويـتـواصـل مع الآخرين مقدما المعلومات والنتائج المدعومة بالأدلة لإقناع المستمعين واستملتهم نحو الموضوع مستخدما اللغة العربية الفصيحة.",G3.3.2.1.5,"يوازن المتعلم بين أقوال ومواقف شخصيتين في قصة واقعية مع ذكر التفاصيل الكافية، ويجيب عن الأسئلة للتوضيح مستخدما اللغة العربية الفصيحة.",,,,,,,,,,,,,,,,,
Grade 3,,1.5,استيعـــاب المــعــرفــة وتقديها,4.1.5,الاسـتـماع والمحادثة,الاسـتـماع والمحادثة,"أن يشارك المتعلم في النقاشات مع معلميه وزملائه، مكيفا كلامه وفقا لمجموعة متنوعة مــن الـسـيـاقـات والمــهــام التواصلية، مظهرا إجادته للغة العربية الفصيحة.",G3.1.4.1.5,يقدم عرضا تقديميا شفويا عن خبات شخصية محددا فيه الزمان والمكان باستخدام اللغة الفصيحة منوعا أساليبه لجذب المستمعين وتشويقهم متفاعلا معهم من خلال إجابته عن أسئلتهم.,,,,,,,,,,,,,,,,,
Grade 3,,1.5,استيعـــاب المــعــرفــة وتقديها,4.1.5,الاسـتـماع والمحادثة,الاسـتـماع والمحادثة,"أن يشارك المتعلم في النقاشات مع معلميه وزملائه، مكيفا كلامه وفقا لمجموعة متنوعة مــن الـسـيـاقـات والمــهــام التواصلية، مظهرا إجادته للغة العربية الفصيحة.",G3.2.4.1.5,"يعد المتعلم عرضا تقديميا معلوماتيا لموضوع درسه مقدما الفكر في تسلسل منطقي مظهرا فهمه للموضوع بما في ذلـك: الحقائق ذات الصلة، مجيبا عن أسئلة المشاهدين إجابات مقنعة.",,,,,,,,,,,,,,,,,
Grade 3,,1.5,استيعـــاب المــعــرفــة وتقديها,4.1.5,الاسـتـماع والمحادثة,الاسـتـماع والمحادثة,"أن يشارك المتعلم في النقاشات مع معلميه وزملائه، مكيفا كلامه وفقا لمجموعة متنوعة مــن الـسـيـاقـات والمــهــام التواصلية، مظهرا إجادته للغة العربية الفصيحة.",G3.3.4.1.5,يعرض المتعلم موضوعا موظ فا أدلة لإقناع المستمعين ويناقشها معهم.,,,,,,,,,,,,,,,,,
Grade 3,,1.5,استيعـــاب المــعــرفــة وتقديها,4.1.5,الاسـتـماع والمحادثة,الاسـتـماع والمحادثة,"أن يشارك المتعلم في النقاشات مع معلميه وزملائه، مكيفا كلامه وفقا لمجموعة متنوعة مــن الـسـيـاقـات والمــهــام التواصلية، مظهرا إجادته للغة العربية الفصيحة.",G3.4.4.1.5,"يقدم عرضا تقديميا شفويا لقصة درسها واضعا لها مقدمة ووسطا ونهاية، مضمنا عرضه تفصيملأت لتطوير الشخصيات والمكان.",,,,,,,,,,,,,,,,,
Grade 3,,1.5,استيعـــاب المــعــرفــة وتقديها,5.1.5,الاسـتـماع والمحادثة,الاسـتـماع والمحادثة,"أن يستخدم المتعلم الوسائل الرقمية في العروض البصرية للتعبير عن المعلومات، ويفهم المــادة المعروضة من خلال هذه الوسائط.",G3.1.5.1.5,ينشئ المتعلم التسجيملأت الصوتية أو تسجيملأت الفيديو لمسرحية أو قصيدة درسها بلغة عربية فصيحة.,,,,,,,,,,,,,,,,,
Grade 3,,1.6,اكـتـسـاب المــفــردات واستخدامها المعجم,1.1.6,اللغة (المعجم),اللغة,"أن يكتسب المتعلم مفردات جديدة من خلال احتكاكه بمــواقــف غنية ومتنوعة امجتمعيّة، رياضية، علمية،",G3.1.1.1.6,"يجمع المتعلم كلمات من محيط لغوي واحد، موضحا الفرق في دلالاتها.",مفردات جديدة,,,,,,,,,,,,,,,,
Grade 3,,1.6,اكـتـسـاب المــفــردات واستخدامها المعجم,1.1.6,اللغة (المعجم),اللغة,"أن يكتسب المتعلم مفردات جديدة من خلال احتكاكه بمــواقــف غنية ومتنوعة امجتمعيّة، رياضية، علمية،",G3.2.1.1.6,يولد المتعلم كلمات جديدة من جذر لغوي واحد.,إشتقاق المفردات,,,,,,,,,,,,,,,,
Grade 3,,1.6,اكـتـسـاب المــفــردات واستخدامها المعجم,1.1.6,اللغة (المعجم),اللغة,"أن يكتسب المتعلم مفردات جديدة من خلال احتكاكه بمــواقــف غنية ومتنوعة امجتمعيّة، رياضية، علمية،",G3.3.1.1.6,يحدد المتعلم علاقات التضاد والـترادف بين الكلمات.,التضاد والترادف,,,,,,,,,,,,,,,,
Grade 3,,1.6,اكـتـسـاب المــفــردات واستخدامها المعجم,1.1.6,اللغة (المعجم),اللغة,"أن يكتسب المتعلم مفردات جديدة من خلال احتكاكه بمــواقــف غنية ومتنوعة امجتمعيّة، رياضية، علمية،",G3.4.1.1.6,يستبدل المتعلم بالأسماء والصفات والأفعال العامية كلمات فصيحة شفويا.,من العامية الى الفصحى,,,,,,,,,,,,,,,,
Grade 3,,1.6,اكـتـسـاب المــفــردات واستخدامها المعجم,1.1.6,اللغة (المعجم),اللغة,"أن يكتسب المتعلم مفردات جديدة من خلال احتكاكه بمــواقــف غنية ومتنوعة امجتمعيّة، رياضية، علمية،",G3.5.1.1.6,"يرتب المتعلم علاقات التدرج بين مفردات ذات دلالة متقاربة بارد، حار، ساخن...",تفسير المفردات,,,,,,,,,,,,,,,,
Grade 3,,1.6,اكـتـسـاب المــفــردات واستخدامها المعجم,3.1.6,اللغة (المعجم),اللغة,أن يفسر المتعلم المفردات الجديدة من خلال سياقاتها المختلفة.,G3.1.3.1.6,"يوظف المتعلم كلمات في جمل مفيدة، ويفسر الكلمات مستعينا بسياقها، ومرادفاتها وأضدادها.",تفسير المفردات,,,,,,,,,,,,,,,,
Grade 3,,1.6,اكـتـسـاب المــفــردات واستخدامها المعجم,3.1.6,اللغة (المعجم),اللغة,أن يفسر المتعلم المفردات الجديدة من خلال سياقاتها المختلفة.,G3.2.3.1.6,يفسر المتعلم الكلمات مستخدما المعجم المبسط المصور.,تفسير المفردات,,,,,,,,,,,,,,,,
Grade 3,,1.6,اكـتـسـاب المــفــردات واستخدامها المعجم,3.1.6,اللغة (المعجم),اللغة,أن يفسر المتعلم المفردات الجديدة من خلال سياقاتها المختلفة.,G3.3.3.1.6,يحدد المتعلم المعنى المناسب للكلمات متعددة المعاني مستخدما السياق.,تفسير المفردات,,,,,,,,,,,,,,,,
Grade 3,,2.6,بنيـة اللغـة الـعـربـيـة: النحو والصرف,2.2.6,اللغة (النحو والصرف),اللغة,أن يـتـعـّرف المـتـعـلـم المفاهيم النحوية والصرفية ويستخدمها اسـتـخـداما صحيحا.,G3.1.2.2.6,"ينشئ المتعلم جملة اسمية بسيطة المبتدأ + الخبر المفرد، وممتدة المبتدأ + الصفة + الخبر المفرد المبتدأ + مضاف إليه + الخبر المفرد المبتدأ + شبه جملة + الخبر المفرد محاكيا نمطا.",الجملة الاسمية: أنواع الخبر,"الجملة الاسمية: مقدمة
الجملة الاسمية: أنواع الخبر1
الجملة الاسمية: أنواع الخبر2",,,,,,,,,,,,,,,
Grade 3,,2.6,بنيـة اللغـة الـعـربـيـة: النحو والصرف,2.2.6,اللغة (النحو والصرف),اللغة,أن يـتـعـّرف المـتـعـلـم المفاهيم النحوية والصرفية ويستخدمها اسـتـخـداما صحيحا.,G3.2.2.2.6,"ينشئ المتعلم جملة فعلية بسيطة الفعل + الفاعل + المفعول به، وجملة فعلية ممتدة الفعل+ الفاعل+ شبه جملة + صفة + المفعول به محاكيا نمطا.",الجملة الفعلية,,,,,,,,,,,,,,,,
Grade 3,,2.6,بنيـة اللغـة الـعـربـيـة: النحو والصرف,2.2.6,اللغة (النحو والصرف),اللغة,أن يـتـعـّرف المـتـعـلـم المفاهيم النحوية والصرفية ويستخدمها اسـتـخـداما صحيحا.,G3.3.2.2.6,يكون المتعلم جمل نداء بـ : يا محاكيا نمطا.,أساليب الكلام: النداء يا,,,,,,,,,,,,,,,,
Grade 3,,2.6,بنيـة اللغـة الـعـربـيـة: النحو والصرف,2.2.6,اللغة (النحو والصرف),اللغة,أن يـتـعـّرف المـتـعـلـم المفاهيم النحوية والصرفية ويستخدمها اسـتـخـداما صحيحا.,G3.4.2.2.6,يحول المتعلم جملا اسمية إلى جملة كان وجملة إن محاكيا نمطا.,الجملة الاسمية: دخول كان,النواسخ - كان وأخواتها,,,,,,,,,,,,,,,
Grade 3,,2.6,بنيـة اللغـة الـعـربـيـة: النحو والصرف,2.2.6,اللغة (النحو والصرف),اللغة,أن يـتـعـّرف المـتـعـلـم المفاهيم النحوية والصرفية ويستخدمها اسـتـخـداما صحيحا.,G3.5.2.2.6,"يوظف المتعلم حروف العطف و، أو، ثم في جمل من إنشائه محاكيا نمطا.",أساليب الكلام: حروف العطف,,,,,,,,,,,,,,,,
Grade 3,,2.6,بنيـة اللغـة الـعـربـيـة: النحو والصرف,2.2.6,اللغة (النحو والصرف),اللغة,أن يـتـعـّرف المـتـعـلـم المفاهيم النحوية والصرفية ويستخدمها اسـتـخـداما صحيحا.,G3.6.2.2.6,"يستخدم المتعلم أسلوب الإستفهام هل، متى، لماذا، ماذا، أين.",أساليب الكلام: الإستفهام أدوات الإستفهام,,,,,,,,,,,,,,,,
Grade 3,,2.6,بنيـة اللغـة الـعـربـيـة: النحو والصرف,2.2.6,اللغة (النحو والصرف),اللغة,أن يـتـعـّرف المـتـعـلـم المفاهيم النحوية والصرفية ويستخدمها اسـتـخـداما صحيحا.,G3.7.2.2.6,"يوظف المتعلم الإسم الموصول المفرد، المثنى، الجمع في جمل من إنشائه ا نمطا.",جمل وتراكيب: الإسم الموصول - تطابق مع العدد,,,,,,,,,,,,,,,,
Grade 3,,3.6,بنيـة اللغـة الـعـربـيـة: الإملاء,1.3.6,اللغة (المعجم),اللغة,أن يكتب المتعلم الكلمات والجمل مراعيا قواعد الإملاء والترقيم.,G3.1.1.3.6,"يكتب المتعلم كلمات مألوفة تتكون من 3-6 حروف، مكتسبة من محيطه اللغوي إملاء منقول.",كلمات مكتسبة,,,,,,,,,,,,,,,,
Grade 3,,3.6,بنيـة اللغـة الـعـربـيـة: الإملاء,1.3.6,اللغة (الإملاء),اللغة,أن يكتب المتعلم الكلمات والجمل مراعيا قواعد الإملاء والترقيم.,G3.2.1.3.6,يكتب المتعلم الكلمات المبدوءة بهمزة وصل أو قطع كتابة صحيحة.,همزة وصل أو قطع,,,,,,,,,,,,,,,,
Grade 3,,3.6,بنيـة اللغـة الـعـربـيـة: الإملاء,1.3.6,اللغة (الإملاء),اللغة,أن يكتب المتعلم الكلمات والجمل مراعيا قواعد الإملاء والترقيم.,G3.3.1.3.6,"يكتب المتعلم الكلمات بعد وصل بدايتها بالحروف الباء، الكاف، الـلام، الفاء كتابة صحيحة.",الكلمات الموصولة بأحرف في بدايتها,,,,,,,,,,,,,,,,
Grade 3,,3.6,بنيـة اللغـة الـعـربـيـة: الإملاء,1.3.6,اللغة (الإملاء),اللغة,أن يكتب المتعلم الكلمات والجمل مراعيا قواعد الإملاء والترقيم.,G3.4.1.3.6,"يستخدم المتعلم علامات الترقيم علامة الاستفهام، النقطة، علامة التعجب، النقطتان الرأسيتان، الفاصلة.","علامات الترقيم: لامة الاستفهام، النقطة، علامة التعجب، النقطتان الرأسيتان، الفاصلة",,,,,,,,,,,,,,,,
Grade 3,,4.6,بنيـة اللغـة الـعـربـيـة: الخط,1.4.6,اللغة (الخط),اللغة,أن يكتب المتعلم بخط واضح وجميل مراعيا قواعد الخط العربي.,G3.1.1.4.6,يكتب المتعلم فقرة مؤلفة من 3-4 سطور بخط النسخ محاكيا نمطا.,,,,,,,,,,,,,,,,,
Grade 4,,1.1,تــــعــــرف الكلمات والطلاقة,1.1.1,القراءة,أسـاسـيـات القراءة,أن يطبق المتعلم إستراتيجيات الـقـراءة الصحيحة لقراءة الكلمات والنصوص بدقة وطـلاقـة مـع فـهـم المـعـاني والدلالات.,G4.1.1.1.1,يقرأ المتعلم الكلمات المألوفة بلا تشكيل.,,,,,,,,,,,,,,,,,
Grade 4,,1.1,تــــعــــرف الكلمات والطلاقة,1.1.1,القراءة,أسـاسـيـات القراءة,أن يطبق المتعلم إستراتيجيات الـقـراءة الصحيحة لقراءة الكلمات والنصوص بدقة وطـلاقـة مـع فـهـم المـعـاني والدلالات.,G4.2.1.1.1,يظهر المتعلم الوعي بالعلاقات بين المفردات و معانيها ضمن حقول دلالية مناسبة.,,,,,,,,,,,,,,,,,
Grade 4,,1.1,تــــعــــرف الكلمات والطلاقة,1.1.1,القراءة,أسـاسـيـات القراءة,أن يطبق المتعلم إستراتيجيات الـقـراءة الصحيحة لقراءة الكلمات والنصوص بدقة وطـلاقـة مـع فـهـم المـعـاني والدلالات.,G4.3.1.1.1,"يميز المتعلم دلالة الكلمات عند قراءة المواد المكتوبة من خـلال دلالــة التركيب, دلالة المعنى.",,,,,,,,,,,,,,,,,
Grade 4,,1.1,تــــعــــرف الكلمات والطلاقة,1.1.1,القراءة,أسـاسـيـات القراءة,أن يطبق المتعلم إستراتيجيات الـقـراءة الصحيحة لقراءة الكلمات والنصوص بدقة وطـلاقـة مـع فـهـم المـعـاني والدلالات.,G4.4.1.1.1,يقرأ المتعلم النصوص بطلاقة قـراءة جهرية مراعيا التنغيم و الضبط السليم في حدود 60 كلمة في الدقيقة الواحدة,,,,,,,,,,,,,,,,,
Grade 4,,1.1,تــــعــــرف الكلمات والطلاقة,1.1.1,القراءة,أسـاسـيـات القراءة,أن يطبق المتعلم إستراتيجيات الـقـراءة الصحيحة لقراءة الكلمات والنصوص بدقة وطـلاقـة مـع فـهـم المـعـاني والدلالات.,G4.5.1.1.1,يقرأ المتعلم قراءة سليمه نصوصا تخلو بعض كلماتها م الضبط معتمدا على السياق.,,,,,,,,,,,,,,,,,
Grade 4,,1.2,مـــعـــرفـــة الـــفـــكـــر الـرئـيـسـة والتفاصيل,1.1.2,القراءة,قــــــــراءة الـنـصـوص الأدبية,"أن يـحـدد المتعلم الفكر الرئيسة والتفاصيل المساندة التي تسهم في توضيح الفكرة الرئيسة، أو الرسالة العامة، أو الدروس المقدمة في النصوص الأدبية.",G4.1.1.1.2,"يحدد المتعلم الفكرة الرئيسة والمغزى للنص الأدبي من خلال التفاصيل المساندة، داعم آراءه بأدلة من النص.",,,,,,,,,,,,,,,,,
Grade 4,,1.2,مـــعـــرفـــة الـــفـــكـــر الـرئـيـسـة والتفاصيل,1.1.2,القراءة,قــــــــراءة الـنـصـوص الأدبية,"أن يـحـدد المتعلم الفكر الرئيسة والتفاصيل المساندة التي تسهم في توضيح الفكرة الرئيسة، أو الرسالة العامة، أو الدروس المقدمة في النصوص الأدبية.",G4.2.1.1.2,"يحدد المتعلم تسلسل أحداث القصة، وملامح الشخصيات، والمكان والزمان، مستدلا بتفاصيل محددة داعمة، مقتبسا من أقوال الشخصية وأفعالها.",,,,,,,,,,,,,,,,,
Grade 4,,2.2,تــحــلــيــل النص,1.2.2,القراءة,قــــــــراءة الـنـصـوص الأدبية,"أن يحـدد المتعلم جوانب معينة في النصوص الأدبية ويفهمها، ويحلل عناصر النص وخيارات المؤلفين في اختيار الكلمات والأساليب الأدبية المناسبة لنصوصهم.",G4.1.1.2.2,"يحلل المتعلم بنية النصوص القصصية وعناصرها الفنية، مفسرا أفعال الشخصية، ودوافعها، كاشفا عن صفاتها.",,,,,,,,,,,,,,,,,
Grade 4,,2.2,تــحــلــيــل النص,1.2.2,القراءة,قــــــــراءة الـنـصـوص الأدبية,"أن يحـدد المتعلم جوانب معينة في النصوص الأدبية ويفهمها، ويحلل عناصر النص وخيارات المؤلفين في اختيار الكلمات والأساليب الأدبية المناسبة لنصوصهم.",G4.2.1.2.2,"يميز المتعلم النصوص الأدبية: قصة - قصيدة - رسالة .... وفقا لخصائصها الفنية المختلفة، مستخدما المصطلحات المناسبة",,,,,,,,,,,,,,,,,
Grade 4,,2.2,تــحــلــيــل النص,1.2.2,القراءة,قــــــــراءة الـنـصـوص الأدبية,"أن يحـدد المتعلم جوانب معينة في النصوص الأدبية ويفهمها، ويحلل عناصر النص وخيارات المؤلفين في اختيار الكلمات والأساليب الأدبية المناسبة لنصوصهم.",G4.3.1.2.2,يميز المتعلم الحوار الداخلي من الحوار الخارجي في القصة.,,,,,,,,,,,,,,,,,
Grade 4,,2.2,تــحــلــيــل النص,1.2.2,القراءة,قــــــــراءة الـنـصـوص الأدبية,"أن يحـدد المتعلم جوانب معينة في النصوص الأدبية ويفهمها، ويحلل عناصر النص وخيارات المؤلفين في اختيار الكلمات والأساليب الأدبية المناسبة لنصوصهم.",G4.4.1.2.2,يحدد المتعلم صفات الشخصية وأفعالها في القصص الخيالية ويقابلها بصفات الشخصية وأفعالها في القصص الواقعية.,,,,,,,,,,,,,,,,,
Grade 4,,2.2,تــحــلــيــل النص,1.3.2,القراءة,قــــــــراءة الـنـصـوص الأدبية,"أن يقرأ المتعلم نصوصا شعرية وأعملا نثرية متنوعة ويحللها ويقيمها، ويـدمـج الفكر المقدمة فيها؛ لبناء معرفة وفهم جديدين عن الفكرة المحورية، والرسائل المتضمنة في الأعمل الأدبية.",G4.1.1.3.2,"يقارن المتعلم بين حكايات من ثقافات مختلفة، من حيث: الفكرة، الشخصيات، المكان والزمان، عناصر الحبكة.",,,,,,,,,,,,,,,,,
Grade 4,,2.2,تــحــلــيــل النص,1.3.2,القراءة,قــــــــراءة الـنـصـوص الأدبية,"أن يقرأ المتعلم نصوصا شعرية وأعملا نثرية متنوعة ويحللها ويقيمها، ويـدمـج الفكر المقدمة فيها؛ لبناء معرفة وفهم جديدين عن الفكرة المحورية، والرسائل المتضمنة في الأعمل الأدبية.",G4.2.1.3.2,"يحلل المتعلم بنية الحكاية في قصص من التراث المحلي والإسلامي، مقارنا بينها وبين القصص المعاصرة التي يقرؤها.",,,,,,,,,,,,,,,,,
Grade 4,,2.2,تــحــلــيــل النص,1.3.2,القراءة,قــــــــراءة الـنـصـوص الأدبية,"أن يقرأ المتعلم نصوصا شعرية وأعملا نثرية متنوعة ويحللها ويقيمها، ويـدمـج الفكر المقدمة فيها؛ لبناء معرفة وفهم جديدين عن الفكرة المحورية، والرسائل المتضمنة في الأعمل الأدبية.",G4.3.1.3.2,"يحفظ المتعلم 6 نصوص شعرية تتألف من 10-7 أبيات موضوعاتها تناسب المرحلة، مثل: الوطن، العلاقات الإنسانية، الطبيعة، العلم، القيم... وغيرها.",,,,,,,,,,,,,,,,,
Grade 4,,1.3,مـــعـــرفـــة الـــفـــكـــر الـرئـيـسـة والتفاصيل,1.1.3,القراءة,قــــــــراءة الـنـصـوص المعلوماتية,"أن يـقـرأ المـتـعـلـم النص المعلوماتي بعمق وشمولية، ويحــدد الفكرة المركزية والفكر الرئيسة، ويستنتج العلاقات ضمن النص الواحد وبين النصوص المختلفة.",G4.1.1.1.3,يدعم المتعلم أفكار نص معلوماتي من خلال الاستدلال بالتفاصيل والأمثلة والاستنتاجات التي توصل إليها بعد قراءة النص.,,,,,,,,,,,,,,,,,
Grade 4,,1.3,مـــعـــرفـــة الـــفـــكـــر الـرئـيـسـة والتفاصيل,1.1.3,الكتابة,قــــــــراءة الـنـصـوص المعلوماتية,"أن يـقـرأ المـتـعـلـم النص المعلوماتي بعمق وشمولية، ويحــدد الفكرة المركزية والفكر الرئيسة، ويستنتج العلاقات ضمن النص الواحد وبين النصوص المختلفة.",G4.2.1.1.3,يلخص المتعلم فكر وتفاصيل ما قرأ برسومات ومخططات وخرائط.,,,,,,,,,,,,,,,,,
Grade 4,,1.3,مـــعـــرفـــة الـــفـــكـــر الـرئـيـسـة والتفاصيل,1.1.3,القراءة,قــــــــراءة الـنـصـوص المعلوماتية,"أن يـقـرأ المـتـعـلـم النص المعلوماتي بعمق وشمولية، ويحــدد الفكرة المركزية والفكر الرئيسة، ويستنتج العلاقات ضمن النص الواحد وبين النصوص المختلفة.",G4.3.1.1.3,"يستنتج المتعلم العلاقة الزمنية، وعلاقة السبب والنتيجة بين الأحداث أو المفاهيم العلمية.",,,,,,,,,,,,,,,,,
Grade 4,,2.3,تــحــلــيــل النص,1.2.3,القراءة,قــــــــراءة الـنـصـوص المعلوماتية,"أن يحلل المتعلم عناصر النص واختيار الكاتب للكلمات، ويقيم الطرائق التي تساهم فيها تراكيب الجمل في بناء النص، وأساليب عرض وجهة النظر، أو طريقة كتابة النص وطباعته.",G4.1.1.2.3,يفسر المتعلم معاني الكلمات والمصطلحات والعبارات الواردة في نص معلوماتي من خلال معرفته بعلاقات التضاد والـترادف والاشتراك اللفظي مستخدما المعاجم والرسومات والملحوظات الهامشية والمسارد.,,,,,,,,,,,,,,,,,
Grade 4,,2.3,تــحــلــيــل النص,1.2.3,القراءة,قــــــــراءة الـنـصـوص المعلوماتية,"أن يحلل المتعلم عناصر النص واختيار الكاتب للكلمات، ويقيم الطرائق التي تساهم فيها تراكيب الجمل في بناء النص، وأساليب عرض وجهة النظر، أو طريقة كتابة النص وطباعته.",G4.2.1.2.3,"يقارن المتعلم بين نصين معلوماتيمين في مصادر قدية مثل: الكتب المطبوعة، الصحف، المـجـلات... وحديثة مثل: مقاطع فيديو، الشبكة المعلوماتية... في الموضوع نفسه، محددا أوجـه التشابه والاختلاف في تقديم وجهات النظر.",,,,,,,,,,,,,,,,,
Grade 4,,3.3,تـــكـــامـــل المعرفة مع المهارات,1.3.3,القراءة,قــــــــراءة الـنـصـوص المعلوماتية,"أن يتبين وظيفة النص من خـلال الوسائط المختلفة، وينقد ما جاء فيه من معارف وآراء، ويبني خبات جديدة ليوظفها في نتاجات متنوعة.",G4.1.1.3.3,"يفسر المتعلم المعلومات المقدمة في النص بوسائل مختلفة مثل: الخرائط، المخططات، الصور، الرسوم، العناصر التفاعلية الرقمية... أو بطريقة شفوية، موضحا إسهام تلك الوسائط في فهم المعلومات المقدمة في النص.",,,,,,,,,,,,,,,,,
Grade 4,,3.3,تـــكـــامـــل المعرفة مع المهارات,1.3.3,القراءة,قــــــــراءة الـنـصـوص المعلوماتية,"أن يتبين وظيفة النص من خـلال الوسائط المختلفة، وينقد ما جاء فيه من معارف وآراء، ويبني خبات جديدة ليوظفها في نتاجات متنوعة.",G4.2.1.3.3,يفرغ المتعلم معلومات نص معلوماتي قرأه وفق جدول صممه.,,,,,,,,,,,,,,,,,
Grade 4,,1.4,البحث عن المعلومات,1.1.4,الكتابة,الكتابة,"أن يـبـحـث المـتـعـلـم عن المـعـلـومـات، ويطبقها في موضوعات كتابية تستند إلى أغراض محددة تظهر فهمه بـالمـادة التي يبحث عنها وتتناسب مع غرض الكتابة وطبيعتها.",G4.1.1.1.4,يحصل المتعلم على معلومات من عدة مصادر,,,,,,,,,,,,,,,,,
Grade 4,,1.4,البحث عن المعلومات,1.1.4,الكتابة,الكتابة,"أن يـبـحـث المـتـعـلـم عن المـعـلـومـات، ويطبقها في موضوعات كتابية تستند إلى أغراض محددة تظهر فهمه بـالمـادة التي يبحث عنها وتتناسب مع غرض الكتابة وطبيعتها.",G4.,"المقابلات، الشبكة ا لمعلوماتية، الأقراص المضغوطة.",,,,,,,,,,,,,,,,,
Grade 4,,1.4,البحث عن المعلومات,1.1.4,الكتابة,الكتابة,"أن يـبـحـث المـتـعـلـم عن المـعـلـومـات، ويطبقها في موضوعات كتابية تستند إلى أغراض محددة تظهر فهمه بـالمـادة التي يبحث عنها وتتناسب مع غرض الكتابة وطبيعتها.",G4.2.1.1.4,يفهم المتعلم البنية التنظيمية في الصحف والمجلات الدورية تقويم التاريخ.,,,,,,,,,,,,,,,,,
Grade 4,,1.4,البحث عن المعلومات,1.1.4,الكتابة,الكتابة,"أن يـبـحـث المـتـعـلـم عن المـعـلـومـات، ويطبقها في موضوعات كتابية تستند إلى أغراض محددة تظهر فهمه بـالمـادة التي يبحث عنها وتتناسب مع غرض الكتابة وطبيعتها.",G4.3.1.1.4,"ينفذ المتعلم مستقلا أو ضمن مجموعات مشروعات بحثية قصيرة مركزة، ويعرض ما تعلمه ضمن تقرير بحثي.",,,,,,,,,,,,,,,,,
Grade 4,,2.4,إنـــــتـــــاج الأعــــــمال الكتابيــــة ونشرها,1.2.4,الكتابة,الكتابة,أن ينتج المتعلم أعملا كتابية واضحة ومتنوعة تظهر توجها نحو التنظيم والترتيب متلائمة مع المهمة والغاية.,G4.1.1.2.4,"يختار المتعلم نقطة تركيز بؤرة للكتابة، وبنية على الغرض والمتلقي.",,,,,,,,,,,,,,,,,
Grade 4,,2.4,إنـــــتـــــاج الأعــــــمال الكتابيــــة ونشرها,1.2.4,الكتابة,الكتابة,أن ينتج المتعلم أعملا كتابية واضحة ومتنوعة تظهر توجها نحو التنظيم والترتيب متلائمة مع المهمة والغاية.,G4.2.1.2.4,"يكتب المتعلم نصوصا من ثلاث فقرات، يجعل الفقرة الأولى مقدمة للنص، ويكتب فقرة داعمة تتضمن حقائق وتفاصيل،ويختم النص بفقرة تلخص أهم النقاط المذكورة في النص",,,,,,,,,,,,,,,,,
Grade 4,,2.4,إنـــــتـــــاج الأعــــــمال الكتابيــــة ونشرها,1.2.4,الكتابة,الكتابة,أن ينتج المتعلم أعملا كتابية واضحة ومتنوعة تظهر توجها نحو التنظيم والترتيب متلائمة مع المهمة والغاية.,G4.3.1.2.4,"يستخدم المتعلم بنى واضحة ومختارة للكتابة بحسب الموضوع والغرض الترتيب الزمني التعاقبي، السبب والنتيجة، طرح سؤال والإجابة عنه، مستخدما أدوات الربط وعلامات الترقيم.",,,,,,,,,,,,,,,,,
Grade 4,,2.4,إنـــــتـــــاج الأعــــــمال الكتابيــــة ونشرها,1.2.4,الكتابة,الكتابة,أن ينتج المتعلم أعملا كتابية واضحة ومتنوعة تظهر توجها نحو التنظيم والترتيب متلائمة مع المهمة والغاية.,G4.4.1.2.4,يراجع المتعلم مسودات ما يكتب مطبقا آليات المراجعة والتقويم على ما ينتجه من نصوص مستخدما مقياسا للكتابة.,,,,,,,,,,,,,,,,,
Grade 4,,2.4,إنـــــتـــــاج الأعــــــمال الكتابيــــة ونشرها,2.2.4,الكتابة,الكتابة,"أن يكتب المتعلم نصوصا تعب عن فكرة مركزية تظهر مقدرة على التركيز والتنظيم وتدل على وعي كامل بالمتلقي في علاقته بغرض وبمـوضـوع الكتابة، مطورا مهاراته الكتابية من خلال مراحل الكتابة ما قبل الكتابة، المسودة، المراجعة، لتحرير النص.",G4.1.2.2.4,"يكتب المتعلم نصوصا سرديـة أو وصفية، ويربط بين الأفكار أو التجربة بشكل متمسك، مقدما سياقا مكانيا وزمانيا للأحداث مستخدما تفاصيل حسية",,,,,,,,,,,,,,,,,
Grade 4,,2.4,إنـــــتـــــاج الأعــــــمال الكتابيــــة ونشرها,2.2.4,الكتابة,الكتابة,"أن يكتب المتعلم نصوصا تعب عن فكرة مركزية تظهر مقدرة على التركيز والتنظيم وتدل على وعي كامل بالمتلقي في علاقته بغرض وبمـوضـوع الكتابة، مطورا مهاراته الكتابية من خلال مراحل الكتابة ما قبل الكتابة، المسودة، المراجعة، لتحرير النص.",G4.2.2.2.4,"يكتب المتعلم استجابات شخصية للنصوص الأدبية التي يقرؤها، مظهرا فهم للعمل الأدبي، داعم رأيه بأدلة من النص أو بخبته الشخصية.",,,,,,,,,,,,,,,,,
Grade 4,,2.4,إنـــــتـــــاج الأعــــــمال الكتابيــــة ونشرها,2.2.4,الكتابة,الكتابة,"أن يكتب المتعلم نصوصا تعب عن فكرة مركزية تظهر مقدرة على التركيز والتنظيم وتدل على وعي كامل بالمتلقي في علاقته بغرض وبمـوضـوع الكتابة، مطورا مهاراته الكتابية من خلال مراحل الكتابة ما قبل الكتابة، المسودة، المراجعة، لتحرير النص.",G4.3.2.2.4,"يكتب المتعلم نصوصا معلوماتية، ويصوغ سؤالا مركزيا عن موضوع أو قضية مضمنا نصه أدلة لدعم الفكرة.",,,,,,,,,,,,,,,,,
Grade 4,,2.4,إنـــــتـــــاج الأعــــــمال الكتابيــــة ونشرها,2.2.4,الكتابة,الكتابة,"أن يكتب المتعلم نصوصا تعب عن فكرة مركزية تظهر مقدرة على التركيز والتنظيم وتدل على وعي كامل بالمتلقي في علاقته بغرض وبمـوضـوع الكتابة، مطورا مهاراته الكتابية من خلال مراحل الكتابة ما قبل الكتابة، المسودة، المراجعة، لتحرير النص.",G4.4.2.2.4,يكتب المتعلم تلخيصا يتضمن الفكرة الأساسية وأهم التفاصيل.,,,,,,,,,,,,,,,,,
Grade 4,,2.4,إنـــــتـــــاج الأعــــــمال الكتابيــــة ونشرها,3.2.4,الكتابة,الكتابة,"أن يـسـتـخـدم المـتـعـلـم الـتـكـنـولـوجـيـا، بمــا فيها الإنـــترنـــت، وغــيرهــا من المصادر؛ لينتج وينشر عملا ا متفاعلا مع الآخرين.",G4.1.3.2.4,"يستخدم المتعلم الحاسوب عند تحرير كتاباته ونشرها، ومشاركته مع الآخرين.",,,,,,,,,,,,,,,,,
Grade 4,,2.4,إنـــــتـــــاج الأعــــــمال الكتابيــــة ونشرها,3.2.4,الكتابة,الكتابة,"أن يـسـتـخـدم المـتـعـلـم الـتـكـنـولـوجـيـا، بمــا فيها الإنـــترنـــت، وغــيرهــا من المصادر؛ لينتج وينشر عملا ا متفاعلا مع الآخرين.",G4.2.3.2.4,ينشر المتعلم ما كتبه عب وسائط وقنوات متعددة المجلات - الصحف - الموقع الإلكتروني.,,,,,,,,,,,,,,,,,
Grade 4,,1.5,استيعـــاب المــعــرفــة وتقديها,1.1.5,الاستماع والمحادثة,الاستماع والمحادثة,"أن يظهر المتعلم فهم لمواد مسموعة، ويـتـواصـل مع الآخرين مقدما المعلومات والنتائج المدعومة بالأدلة لإقناع المستمعين واستملتهم نحو الموضوع مستخدما اللغة العربية الفصيحة.",G4.1.1.1.5,يستوعب المتعلم المادة المسموعة نصا سرديا محددا المغزى العام.,,,,,,,,,,,,,,,,,
Grade 4,,1.5,استيعـــاب المــعــرفــة وتقديها,1.1.5,الاستماع والمحادثة,الاستماع والمحادثة,"أن يظهر المتعلم فهم لمواد مسموعة، ويـتـواصـل مع الآخرين مقدما المعلومات والنتائج المدعومة بالأدلة لإقناع المستمعين واستملتهم نحو الموضوع مستخدما اللغة العربية الفصيحة.",G4.2.1.1.5,يعرض مقدمات وخواتيم بديلة مؤثرة لقصة سمعها متحدثا بصوت مناسب من حيث النبرة والسرعة بطريقة منظمة لدعم هدفه من التحدث.,,,,,,,,,,,,,,,,,
Grade 4,,1.5,استيعـــاب المــعــرفــة وتقديها,1.1.5,الاستماع والمحادثة,الاستماع والمحادثة,"أن يظهر المتعلم فهم لمواد مسموعة، ويـتـواصـل مع الآخرين مقدما المعلومات والنتائج المدعومة بالأدلة لإقناع المستمعين واستملتهم نحو الموضوع مستخدما اللغة العربية الفصيحة.",G4.3.1.1.5,يعيد المتعلم صياغة المادة المسموعة شفويا ملخصا المعلومات والفكر الرئيسة أو الأحداث.,,,,,,,,,,,,,,,,,
Grade 4,,1.5,استيعـــاب المــعــرفــة وتقديها,2.1.5,الاستماع والمحادثة,الاستماع والمحادثة,"أن يشارك المتعلم في النقاشات مع معلميه وزملائه، مكيفا كلامه وفقا لمجموعة متنوعة مــن الـسـيـاقـات والمــهــام التواصلية، مظهرا إجادته للغة العربية الفصيحة.",G4.1.2.1.5,يعد المتعلم قصة درسها ويقدمها مضمنا عرضه تفصيملأت عن المكان والحبكة وكيفية تطور الأحداث.,,,,,,,,,,,,,,,,,
Grade 4,,1.5,استيعـــاب المــعــرفــة وتقديها,2.1.5,الاستماع والمحادثة,الاستماع والمحادثة,"أن يشارك المتعلم في النقاشات مع معلميه وزملائه، مكيفا كلامه وفقا لمجموعة متنوعة مــن الـسـيـاقـات والمــهــام التواصلية، مظهرا إجادته للغة العربية الفصيحة.",G4.2.2.1.5,يستمر المتعلم في الحديث عن موضوع محدد يعده مع مجموعته محاورا زملاءه في الزمر الأخرى لربط إضافاته بتعليقات المشاركين.,,,,,,,,,,,,,,,,,
Grade 4,,1.5,استيعـــاب المــعــرفــة وتقديها,2.1.5,الاستماع والمحادثة,الاستماع والمحادثة,"أن يشارك المتعلم في النقاشات مع معلميه وزملائه، مكيفا كلامه وفقا لمجموعة متنوعة مــن الـسـيـاقـات والمــهــام التواصلية، مظهرا إجادته للغة العربية الفصيحة.",G4.3.2.1.5,يقدم عرضا تقديميا شفويا عن خبرات شخصية مستخدما الحقيقة و المجاز بما يلفت انتباه مستمعيه لتعميق فهم الموضوع الرئيس,,,,,,,,,,,,,,,,,
Grade 4,,1.5,استيعـــاب المــعــرفــة وتقديها,3.1.5,الاستماع والمحادثة,الاستماع والمحادثة,"أن يستخدم المتعلم الوسائل الرقمية في العروض البصرية للتعبير عن المعلومات، ويفهم المــادة المعروضة من خلال هذه الوسائط.",G4.1.3.1.5,"يظهر المتعلم تفاعلا مع الجمهور من خلال إجابته عن أسئلتهم مستخدما وسائل مرئية مساعدة مثل: البوربوينت، ومقاطع الفيديو.",,,,,,,,,,,,,,,,,
Grade 4,,1.5,استيعـــاب المــعــرفــة وتقديها,3.1.5,الاستماع والمحادثة,الاستماع والمحادثة,"أن يستخدم المتعلم الوسائل الرقمية في العروض البصرية للتعبير عن المعلومات، ويفهم المــادة المعروضة من خلال هذه الوسائط.",G4.2.3.1.5,يعد المتعلم عرضا تقديميا معلوماتيا عن موضوع مناسب مقدما الفكر في تسلسل منطقي مظهرا فهمه للموضوع بما في ذلك الحقائق ذات الصلة مستخدما الوسائط الرقمية,,,,,,,,,,,,,,,,,
Grade 4,,1.5,استيعـــاب المــعــرفــة وتقديها,3.1.5,الاستماع والمحادثة,الاستماع والمحادثة,"أن يستخدم المتعلم الوسائل الرقمية في العروض البصرية للتعبير عن المعلومات، ويفهم المــادة المعروضة من خلال هذه الوسائط.",G4.3.3.1.5,ينشئ المتعلم التسجيملأت الصوتية و تسجيملأت الفيديو لقصص او قصائد درسها,,,,,,,,,,,,,,,,,
Grade 4,,1.6,اكـتـسـاب المــفــردات واستخدامها المعجم,1.1.6,اللغة (المعجم),اللغة,أن يكتسب المتعلم مفردات من خلال احتكاكه بمواقف غنية لغويا.,G4.1.1.1.6,يستبدل المتعلم بالأسماء والأفعال والعبارات العامية كلمات وعبارات فصيحة شفويا.,من العامية إلى الفصحى,,,,,,,,,,,,,,,,
Grade 4,,1.6,اكـتـسـاب المــفــردات واستخدامها المعجم,1.1.6,اللغة (المعجم),اللغة,أن يكتسب المتعلم مفردات من خلال احتكاكه بمواقف غنية لغويا.,G4.2.1.1.6,يصنف المتعلم الأسماء والأفعال وفق محيطها اللغوي.,تفسير المفردات,,,,,,,,,,,,,,,,
Grade 4,,1.6,اكـتـسـاب المــفــردات واستخدامها المعجم,1.1.6,اللغة (المعجم),اللغة,أن يكتسب المتعلم مفردات من خلال احتكاكه بمواقف غنية لغويا.,G4.3.2.1.6,"يرتب المتعلم علاقات التدرج بين مفردات ذات دلالة متقاربة نعاس، غفوة، نوم...",تفسير المفردات,,,,,,,,,,,,,,,,
Grade 4,,1.6,اكـتـسـاب المــفــردات واستخدامها المعجم,2.1.6,اللغة (المعجم),اللغة,أن يفسر المتعلم المفردات الجديدة من خلال سياقاتها المختلفة.,G4.1.2.1.6,"يفسر المتعلم الكلمات مستعينا بمرادفاتها وأضدادها، وسياقها.",تفسير المفردات,,,,,,,,,,,,,,,,
Grade 4,,1.6,اكـتـسـاب المــفــردات واستخدامها المعجم,2.1.6,اللغة (المعجم),اللغة,أن يفسر المتعلم المفردات الجديدة من خلال سياقاتها المختلفة.,G4.2.2.1.6,ي فسر المتعلم الكلمات مستخدما المعجم الورقي والرقمي.,تفسير المفردات,,,,,,,,,,,,,,,,
Grade 4,,1.6,اكـتـسـاب المــفــردات واستخدامها المعجم,2.1.6,اللغة (المعجم),اللغة,أن يفسر المتعلم المفردات الجديدة من خلال سياقاتها المختلفة.,G4.3.2.1.6,"يحدد المتعلم المعنى المناسب للكلمات متعددة المعاني مستخدما السياق، ومستعينا بجذرها.",تفسير المفردات,,,,,,,,,,,,,,,,
Grade 4,,1.6,اكـتـسـاب المــفــردات واستخدامها المعجم,2.1.6,اللغة (المعجم),اللغة,أن يفسر المتعلم المفردات الجديدة من خلال سياقاتها المختلفة.,G4.4.2.1.6,يوظف المتعلم الكلمات الجديدة في سياقات جمل مفيدة تفسر معناها.,تفسير المفردات,,,,,,,,,,,,,,,,
Grade 4,,2.6,بنيـة اللغـة الـعـربـيـة: النحو والصرف,1.2.6,اللغة (النحو والصرف),اللغة,أن يـتـعـّرف المـتـعـلـم المفاهيم النحوية والصرفية ويستخدمها اسـتـخـداما صحيحا.,G4.1.1.2.6,يميّز المتعلم بين الجملة التامة والتركيب.,الجمل والتراكيب: الجملة التامة,,,,,,,,,,,,,,,,
Grade 4,,2.6,بنيـة اللغـة الـعـربـيـة: النحو والصرف,1.2.6,اللغة (النحو والصرف),اللغة,أن يـتـعـّرف المـتـعـلـم المفاهيم النحوية والصرفية ويستخدمها اسـتـخـداما صحيحا.,G4.2.1.2.6,يعين المتعلم ركني الجملة الاسمية ويضبطهم ضبطا صحيحا.,الجملة الاسمية: المبتدأ والخبر,الجملة الاسمية: مقدمة,الجملة الاسمية: مقدمة,,,,,,,,,,,,,,
Grade 4,,2.6,بنيـة اللغـة الـعـربـيـة: النحو والصرف,1.2.6,اللغة (النحو والصرف),اللغة,أن يـتـعـّرف المـتـعـلـم المفاهيم النحوية والصرفية ويستخدمها اسـتـخـداما صحيحا.,G4.3.1.2.6,يميّز المتعلم بين أشكال الخبر في الجملة الاسمية,الجملة الاسمية: أنواع الخبر,الجملة الاسمية: أنواع الخبر1,الجملة الاسمية: أنواع الخبر1,,,,,,,,,,,,,,
Grade 4,,2.6,بنيـة اللغـة الـعـربـيـة: النحو والصرف,1.2.6,اللغة (النحو والصرف),اللغة,أن يـتـعـّرف المـتـعـلـم المفاهيم النحوية والصرفية ويستخدمها اسـتـخـداما صحيحا.,G4.4.1.2.6,"يتعرف المتعلم شبه الجملة الجار والمجرور والظرف بنوعيه، وينشئ شبه جملة في جمل صحيحة.","الجملة الاسمية: شبه الجملة - جار ومجرور، والظرف",الجملة الاسمية: أنواع الخبر2,الجملة الاسمية: أنواع الخبر2,,,,,,,,,,,,,,
Grade 4,,2.6,بنيـة اللغـة الـعـربـيـة: النحو والصرف,1.2.6,اللغة (النحو والصرف),اللغة,أن يـتـعـّرف المـتـعـلـم المفاهيم النحوية والصرفية ويستخدمها اسـتـخـداما صحيحا.,G4.5.1.2.6,يعين المتعلم أركان الجملة الفعلية ويضبطهم ضبطا صحيحا.,الجملة الفعلية: أركانها,,,,,,,,,,,,,,,,
Grade 4,,2.6,بنيـة اللغـة الـعـربـيـة: النحو والصرف,1.2.6,اللغة (النحو والصرف),اللغة,أن يـتـعـّرف المـتـعـلـم المفاهيم النحوية والصرفية ويستخدمها اسـتـخـداما صحيحا.,G4.6.1.2.6,يتعرف المتعلم ضمائر الرفع المنفصلة ويصرف الفعل معها.,ضمائر الرفع المنفصلة: تطابق تصريف الفعل مع الضمير,,,,,,,,,,,,,,,,
Grade 4,,2.6,بنيـة اللغـة الـعـربـيـة: النحو والصرف,1.2.6,اللغة (النحو والصرف),اللغة,أن يـتـعـّرف المـتـعـلـم المفاهيم النحوية والصرفية ويستخدمها اسـتـخـداما صحيحا.,G4.7.1.2.6,يتعرف المتعلم الجموع السالمة وبعض جمع التكسير.,الجموع السالمة وبعض جموع التكسير,,,,,,,,,,,,,,,,
Grade 4,,2.6,بنيـة اللغـة الـعـربـيـة: النحو والصرف,1.2.6,اللغة (النحو والصرف),اللغة,أن يـتـعـّرف المـتـعـلـم المفاهيم النحوية والصرفية ويستخدمها اسـتـخـداما صحيحا.,G4.8.1.2.6,يستخدم المتعلم الظروف الشائعة في مواقعها صحيحة.,تطبيق,,,,,,,,,,,,,,,,
Grade 4,,3.6,بنيـة اللغـة الـعـربـيـة: الإملاء,1.3.6,اللغة (الإملاء),اللغة,أن يكتب المتعلم الكلمات والجمل مراعيا قواعد الإملاء والترقيم.,G4.1.1.3.6,"يكتب المتعلم كلمات بصرية تحتوي على حروف تلفظ ولا تكتب، وتكتب ولا تلفظ.",حروف تكتب ولا تلفظ أو العكس,,,,,,,,,,,,,,,,
Grade 4,,3.6,بنيـة اللغـة الـعـربـيـة: الإملاء,1.3.6,اللغة (الإملاء),اللغة,أن يكتب المتعلم الكلمات والجمل مراعيا قواعد الإملاء والترقيم.,G4.2.1.3.6,يكتب المتعلم ألف تنوين النصب كتابة صحيحة في مواضعها الصحيحة.,ألف التنوين,,,,,,,,,,,,,,,,
Grade 4,,3.6,بنيـة اللغـة الـعـربـيـة: الإملاء,1.3.6,اللغة (الإملاء),اللغة,أن يكتب المتعلم الكلمات والجمل مراعيا قواعد الإملاء والترقيم.,G4.3.1.3.6,يكتب المتعلم الالف اللينة في نهاية الأسماء والأفعال والحروف كتابة صحيحة.,الألف اللينة,,,,,,,,,,,,,,,,
Grade 4,,3.6,بنيـة اللغـة الـعـربـيـة: الإملاء,1.3.6,اللغة (الإملاء),اللغة,أن يكتب المتعلم الكلمات والجمل مراعيا قواعد الإملاء والترقيم.,G4.4.1.3.6,"يستخدم المتعلم علامات الترقيم علامة الاستفهام، النقطة، علامة التعجب، الفاصلة، النقطتان الرأسيتان، القوسان استخداما صحيحا.",علامات الترقيم,,,,,,,,,,,,,,,,
Grade 4,,4.6,بنيـة اللغـة الـعـربـيـة: الخط,1.4.6,اللغة (الخط),اللغة,أن يكتب المتعلم بخط واضح وجميل مراعيا قواعد الخط العربي.,G4.1.1.4.6,يتتبع المتعلم رسم الحروف العربية مراعيا قواعد خط الرقعة.,,,,,,,,,,,,,,,,,
Grade 4,,4.6,بنيـة اللغـة الـعـربـيـة: الخط,1.4.6,اللغة (الخط),اللغة,أن يكتب المتعلم بخط واضح وجميل مراعيا قواعد الخط العربي.,G4.2.1.4.6,يكتب المتعلم كلمات وجملا بخط الرقعة محاكيا نمطا.,,,,,,,,,,,,,,,,,
Grade 4,,4.6,بنيـة اللغـة الـعـربـيـة: الخط,1.4.6,اللغة (الخط),اللغة,أن يكتب المتعلم بخط واضح وجميل مراعيا قواعد الخط العربي.,G4.3.1.4.6,يكتب المتعلم الحروف المتجانسة شكلا بخط الرقعة.,,,,,,,,,,,,,,,,,
Grade 4,,5.6,بنيـة اللغـة الـعـربـيـة: البلاغة,1.5.6,اللغة (البلاغة),اللغة,"أن يتعرف المتعلم المفاهيم البلاغية، ويتذوقها، ويوظفها في إنتاجه اللغوي.",G4.1.1.5.6,يحدد المتعلم التعبيرات المجازية في الجمل التي يقرؤها.,,,,,,,,,,,,,,,,,
Grade 4,,5.6,بنيـة اللغـة الـعـربـيـة: البلاغة,1.5.6,اللغة (البلاغة),اللغة,"أن يتعرف المتعلم المفاهيم البلاغية، ويتذوقها، ويوظفها في إنتاجه اللغوي.",G4.2.1.5.6,يفاضل المتعلم بين جملتين بناء على إيحاءات الألفاظ.,,,,,,,,,,,,,,,,,
Grade 4,,5.6,بنيـة اللغـة الـعـربـيـة: البلاغة,1.5.6,اللغة (البلاغة),اللغة,"أن يتعرف المتعلم المفاهيم البلاغية، ويتذوقها، ويوظفها في إنتاجه اللغوي.",G4.3.1.5.6,يدرك المتعلم الإيقاع الصوتي السجع في الجمل.,,,,,,,,,,,,,,,,,
Grade 4,,5.6,بنيـة اللغـة الـعـربـيـة: البلاغة,1.5.6,اللغة (البلاغة),اللغة,"أن يتعرف المتعلم المفاهيم البلاغية، ويتذوقها، ويوظفها في إنتاجه اللغوي.",G4.4.1.5.6,يستخدم المتعلم الكلمات ذات المحيط اللغوي الواحد ا الفروق بين دلالاتها.,,,,,,,,,,,,,,,,,
Grade 5,الوحدة الأولى,1.1,قِصَّةٌ: ورقةُ الحياةِ,1.1.1,القراءة,أساسيات القراءة,أن يطبق المتعلم استراتيجيات الــقــراءة الصحيحة لقراءة الكلمات والنصوص بدقة وطــلاقــة مــع فــهــم المــعــاني والدلالات.,G5.1.1.1.3,"يُوّظف َمعرفَتَه بالُمصاَحباِت اللُّغويَّة الّشائِعِة في الاْستعماِل اللُّغوِّي قَديًما وَحديثًا مثل: الاْختِناُق الُمرورُّي، تكنولوجيا الَمعلوماِت،... ِجباٌل شاِهَقٌة، َحفيُف الَّشَجِر
 َصهيُل الْخيوِل.",,,,,,,,,,,,,,,,,
Grade 5,الوحدة الأولى,1.1,قِصَّةٌ: ورقةُ الحياةِ,1.1.1,القراءة,أساسيات القراءة,أن يطبق المتعلم استراتيجيات الــقــراءة الصحيحة لقراءة الكلمات والنصوص بدقة وطــلاقــة مــع فــهــم المــعــاني والدلالات.,G5.1.1.1.1,يَقرأُ الُمتَعلِّم نُصوًصا نَثريَّة وِشعريَّة بِطلاقَة مَع مراعاِة التَّعبيِر عِن الانْفعالاِت والَمشاِعِر.,,,,,,,,,,,,,,,,,
Grade 5,الوحدة الأولى,1.1,قِصَّةٌ: ورقةُ الحياةِ,1.1.1,القراءة,قراءة النصوص المعلوماتية / تَحليل نص,"أن يحلل المتعلم عناصر النص واختيار الكاتب للكلمات، ويقيم الطرائق التي تساهم فيها تراكيب الجمل في بناء النص، وأساليب عرض وجهة النظر، أو طريقة كتابة النص وطباعته.",G5.3.2.1.2,"يُحِّدُد الُمتعلُّم البِناَء الُمستْخدَم في النَّص لِتَقديِم الأَحداِثِ والِفَكِر والَمفاهيِم و الَمعلومات، مثل:
 التَّسْلُسِل الَّزَمنِّي لِلأحداث، والسبَب والنَّتيجِة ، والُمقاَرنِة.",,,,,,,,,,,,,,,,,
Grade 5,الوحدة الأولى,1.1,قِصَّةٌ: ورقةُ الحياةِ,1.1.1,الاستماع والمحادثة,الاستماع والمحادثة/استيعاب المعرفة وتقديمها,"أن يشارك المتعلم في النقاشات مع معلميه وزملائه، مكيفا كلامه وفق لمجموعة متنوعة من السياقات والمهام التواصلية مظهرا إجادته للغة العربية الفصيحة",G5.5.1.2.1,"يَتَحَّدث الُمتَعلِّم بِصْوٍت واِضٍح وأُسلوٍب مَعبِّر لِتَقديِم معلوماٍت عْن موضوٍع، أَو فِكَرٍة،ِ أَوَ مْوقِفُ مْظِهًرا فَهَمُه للَمْوضوع.",,,,,,,,,,,,,,,,,
Grade 5,الوحدة الأولى,1.1,قِصَّةٌ: ورقةُ الحياةِ,1.1.1,الاستماع والمحادثة,الاستماع والمحادثة/استيعاب المعرفة وتقديمها,"أن يشارك المتعلم في النقاشات مع معلميه وزملائه، مكيفا كلامه وفق لمجموعة متنوعة من السياقات والمهام التواصلية مظهرا إجادته للغة العربية الفصيحة",G5.5.1.2.2,يُقِّدُمَ الُمتَعلِّم شَفويًّا ملَخصا لِقصٍة قَرأَها.,,,,,,,,,,,,,,,,,
Grade 5,الوحدة الأولى,1.2,النَّصُّ المَعلوماتيُّ: الرَّبْطُ بـالأَدَبِ,1.2.1,القراءة,قراءة النصوص الأدبية/تكامل المعرفة مع الفكر,"أن يقرأ المتعلم نصوصا شعرية وأعمالاً نثرية متنوعة ويقمها ويحللها، ويــدمــج الفكر المقدمة فيها؛ لبناء معرفة وفهم جديدين عن الفكرة المحورية، والرسائل المتضمنة في الأعمال الأدبية.",G5.2.3.1.1,يُحِّدُد الُمتَعلِّم مساَهَمَة الُّصَوِر والْكلِماِت في تَوضيِحَ مْغزى الْعَمِل الادبي,,,,,,,,,,,,,,,,,
Grade 5,الوحدة الأولى,1.2,النَّصُّ المَعلوماتيُّ: الرَّبْطُ بـالأَدَبِ,1.2.1,القراءة,قراءة النصوص المعلوماتية / معرفة الفكر الرئيسية والتفاصيل,"أن يقرأ المتعلم النص المعلوماتي بعمق وشمولية، ويحدد الفكرة المركزية والفكر الرئيسة، ويستنتج العلاقات ضمن النص الواحد وبين النصوص المختلفة.",G5.3.1.1.1,يْدَعم المتَعلِّم أَفكار نَص مْعلوماتٍّي مْن خلال الاْستدلال بالتَّفاصيِلَ و الأَمثِلَة والُّرسوماِت والُمَخَّططاِت الواِرَدِة في النَّص.,,,,,,,,,,,,,,,,,
Grade 5,الوحدة الأولى,1.2,النَّصُّ المَعلوماتيُّ: الرَّبْطُ بـالأَدَبِ,1.2.1,القراءة,قراءة النصوص المعلوماتية / معرفة الفكر الرئيسية والتفاصيل,"أن يقرأ المتعلم النص المعلوماتي بعمق وشمولية، ويحدد الفكرة المركزية والفكر الرئيسة، ويستنتج العلاقات ضمن النص الواحد وبين النصوص المختلفة.",G5.3.1.1.2,"يُحِّدُد الُمتَعلِّم الْفْكَرَة الِمْحَوريَّة لِلنَّص والتَّفاصيَل الَّرئيَسَة الّداِعَمَة لَها، مبَيِّنًا مدى التَّماُسك بَينها.",,,,,,,,,,,,,,,,,
Grade 5,الوحدة الأولى,1.2,النَّصُّ المَعلوماتيُّ: الرَّبْطُ بـالأَدَبِ,1.2.1,القراءة,قراءة النصوص المعلوماتية / تَحليل نص,"أن يحلل المتعلم عناصر النص واختيار الكاتب للكلمات، ويقيم الطرائق التي تساهم فيها تراكيب الجمل في بناء النص، وأساليب عرض وجهة النظر، أو طريقة كتابة النص وطباعته.",G5.3.2.1.1,"يُفسُر الُمتَعلِّم معاني الَكلمات والُمصَطلَحات والْعبارات الوارَدِة في نَّصَ معلوماتٍّيِ منِ خلاِلَ معرفَتِه بِعلاقاِت التَّضاِّد والتَّراُدِف والاْشتِراِك
 اللَّفظِّي مْستَخِدًما الَمعاِجَم والُّرسوماِت.",,,,,,,,,,,,,,,,,
Grade 5,الوحدة الأولى,1.2,النَّصُّ المَعلوماتيُّ: الرَّبْطُ بـالأَدَبِ,1.2.1,القراءة,قراءة النصوص المعلوماتية / تَحليل نص,"أن يحلل المتعلم عناصر النص واختيار الكاتب للكلمات، ويقيم الطرائق التي تساهم فيها تراكيب الجمل في بناء النص، وأساليب عرض وجهة النظر، أو طريقة كتابة النص وطباعته.",G5.3.2.1.2,"يحدد المتعلم البناء المستخدم في النص لتقديم الأحداث و الفكر و المفاهيم و المعلومات، مثل: (التسلسل الزمني للأحداث و السبب و النتيجة و المقارنة).",,,,,,,,,,,,,,,,,
Grade 5,الوحدة الأولى,1.2,النَّصُّ المَعلوماتيُّ: الرَّبْطُ بـالأَدَبِ,1.2.1,الاستماع والمحادثة,الاستماع والمحادثة/استيعاب المعرفة وتقديمها,"أن يظهر المتعلم فهما لمواد مسموعة، ويتواصـل مع الآخرين مقدما المعلومات والنتائج المدعومة بالأدلة لإقناع المستمعين واستمالتهم نحو الموضوع مستخدما اللغة العربية الفصيحة.",G5.5.1.1.1,يَستوِعب الُمتَعلِّم الماَّدَة الَمسموَعَة (نَصا سْرديًا - مقالاً) مَؤِّولاً رسائِل الُمتَحِّد ِث الَّشَفِويَّة وغير الَّشَفويَّة وْفَق أَهدافِه وِوْجَهِة نَظِرِه.,,,,,,,,,,,,,,,,,
Grade 5,الوحدة الأولى,1.2,النَّصُّ المَعلوماتيُّ: الرَّبْطُ بـالأَدَبِ,1.2.1,الاستماع والمحادثة,الاستماع والمحادثة/استيعاب المعرفة وتقديمها,"أن يظهر المتعلم فهما لمواد مسموعة، ويتواصـل مع الآخرين مقدما المعلومات والنتائج المدعومة بالأدلة لإقناع المستمعين واستمالتهم نحو الموضوع مستخدما اللغة العربية الفصيحة.",G5.5.1.2.1,"يَتَحَّدث الُمتَعلِّم بصْوت واِضٍح وأُسلوٍب مَعبِّر لِتَقديِم مْعلوماٍت عْن موضوٍع، أَو فِكرٍة، أَو مْوقِف ُمْظِهًرا فَهَمُه لِلَمْوضوِع.",,,,,,,,,,,,,,,,,
Grade 5,الوحدة الأولى,1.2,النَّصُّ المَعلوماتيُّ: الرَّبْطُ بـالأَدَبِ,1.2.1,الاستماع والمحادثة,الاستماع والمحادثة/استيعاب المعرفة وتقديمها,"أن يظهر المتعلم فهما لمواد مسموعة، ويتواصـل مع الآخرين مقدما المعلومات والنتائج المدعومة بالأدلة لإقناع المستمعين واستمالتهم نحو الموضوع مستخدما اللغة العربية الفصيحة.",G5.5.1.2.2,يُقِّدُم الُمتَعلِّم شَفويًّاُ ملَّخًصا لِقصٍة قَرأَها.,,,,,,,,,,,,,,,,,
Grade 5,الوحدة الأولى,1.2,النَّصُّ المَعلوماتيُّ: الرَّبْطُ بـالأَدَبِ,1.2.1,اللغة (المعجم),اللغة/ اكتساب المفردات واستخدامها (المعجم),أن يفسر المفردات الجديدة من خلال سياقاتها المختلفة,G5.6.1.2.5,يستخدم المتعلم الكلمات الجديدة في سياقات تفسر معناها,,,,,,,,,,,,,,,,,
Grade 5,الوحدة الأولى,1.2,النَّصُّ المَعلوماتيُّ: الرَّبْطُ بـالأَدَبِ,1.2.1,اللغة (المعجم),اللغة/ اكتساب المفردات واستخدامها (المعجم),أن يكتسب المتعلم مفردات من خلال احتكاكه بمواقف غنية لغويا,G5.6.1.1.1,يستخدم المتعلم الكلمات ذات المحيط اللَغوِّي الواِحِدُ مراعيًا الُفروَق بَيَن دلالاتِها.,,,,,,,,,,,,,,,,,
Grade 5,الوحدة الأولى,1.2,النَّصُّ المَعلوماتيُّ: الرَّبْطُ بـالأَدَبِ,1.2.1,اللغة (المعجم),اللغة/ اكتساب المفردات واستخدامها (المعجم),أن يكتسب المتعلم مفردات من خلال احتكاكه بمواقف غنية لغويا,G5.6.1.1.2,يُحِّدُد الُمتَعلِّم علاقات التَّضاِّد والتَّراُدِف بَيْن الَكلماِت.,,,,,,,,,,,,,,,,,
Grade 5,الوحدة الأولى,1.3,انواع الخبر في الجملة الاسمية,1.3.1,اللغة (النحو والصرف),اللغة/ بنية اللغة العربية (النحو والصرف),"أن يتعرف المتعلم المفاهيم النحوية والصرفية، ويستخدمها استخداما صحيحا.",G5.6.2.1.4,يَتَعَّرف المُتَعَلِّمُ أَنواعَ الْخَبَرِ في الْجُملَةِ الاسْميَّة,أنواع الخبر في الجملة الاسمية,"الجملة الإسمية: أنواع الخبر 1
الجملة الاسمية: أنواع الخبر 2","الجملة الإسمية: أنواع الخبر 1
الجملة الاسمية: أنواع الخبر 2",,,,,,,,,,,,,,
Grade 5,الوحدة الأولى,1.3,انواع الخبر في الجملة الاسمية,1.3.2,اللغة (النحو والصرف),اللغة/ بنية اللغة العربية (النحو والصرف),"أن يتعرف المتعلم المفاهيم النحوية والصرفية، ويستخدمها استخداما صحيحا.",G5.6.2.1.5,يَتَعَّرف المُتَعَلِّمُ جُمَلًا اسْميَّةً مُتَضَمِّنَةً أَنواعَ الخَبَر,,,,,,,,,,,,,,,,,
Grade 5,الوحدة الأولى,1.4,الهمزة المتوسطة على الألف والواو,1.4.1,اللغة (الإملاء),اللغة/ بنية اللغة العربية (الاملاء),أن يكتب المتعلم الكلمات والجمل مراعيا قواعد الإملاء والترقيم.,G5.6.3.1.1,"يَكْتُبُ الْمُتَعَلِّمُ الْكَلِماتِ الْمُتَضَمّنَة هَمْزَةً مُتَوَسِّطَةً عَلى الْأَلِفِ، وَالواوِ كِتابَةً صَحيحَةً.",الهمزة المتوسطة على الألف,,,,,,,,,,,,,,,,
Grade 5,الوحدة الأولى,1.4,الهمزة المتوسطة على الألف والواو,1.4.1,اللغة (الإملاء),اللغة/ بنية اللغة العربية (الاملاء),أن يكتب المتعلم الكلمات والجمل مراعيا قواعد الإملاء والترقيم.,G5.6.3.1.2,يَكْتُبُ كَلِماتٍ بَصَرِيَّةً تَحْتوي عَلى هَمْزَةٍ مُتَوَسِّطَةٍ بِواقِعِ عَشر كَلِماتٍ مِنْ كُلِّ نَوْعٍ.,الهمزة المتوسطة على الواو,,,,,,,,,,,,,,,,
Grade 5,الوحدة الأولى,1.5,كتابة نص معلوماتي: الطاقة الشمسية,1.5.1,الكتابة,الكتابة / البحث عن المعلومات,أن يبحث المتعلم عن المعلومات ويطبقها في موضوعات كتابية تستند إلى أغراض محددة تظهر فهمه بالمادة التي يبحث عنها وتتناسب مع غرض الكتابة وطبيعتها,G5.4.1.1.1,"بْحَثُ المُتَعَلِّمُ عَنْ مَعلوماتٍ مِنْ عِدَّةِ مَصادِرَ: المُقابلاتُ، الشَّبَكَةُ المَعلوماتيَّةُ والمَعاجِمُ، والمَوسوعاتُ، وَيوَثِّقُ المَعلوماتِ الببليوغرافية الأساسية",,,,,,,,,,,,,,,,,
Grade 5,الوحدة الأولى,1.5,كتابة نص معلوماتي: الطاقة الشمسية,1.5.1,الكتابة,الكتابة/ إنتاج الأعمال الكتابية ونشرها,أن ينتج المتعلم أعمالا كتابية واضحة ومتنوعة تظهر توجه نحو التنظيم والترتيب متلائمة مع المهمة والغاية.,G5.4.2.1.1,يختارُ المُتَعَلِّمُ نُقطَةً لِلكِتابَةِ وَبِنْيَةً تَنْظيميَّةً وَوِجْهَةَ نَظَرٍ مُحَدَّدَةٍ مُعْتَمِدًا عَلى الغَرَضِ والمُتَلَقّي وَطولِ النَّصِّ,كتابة نص معلوماتي من فقرات متعددة,,,,,,,,,,,,,,,,
Grade 5,الوحدة الأولى,1.5,كتابة نص معلوماتي: الطاقة الشمسية,1.5.1,الكتابة,الكتابة/ إنتاج الأعمال الكتابية ونشرها,أن ينتج المتعلم أعمالا كتابية واضحة ومتنوعة تظهر توجه نحو التنظيم والترتيب متلائمة مع المهمة والغاية.,G5.4.2.1.2,"يَكْتُبُ نُصوصًا بِفِقراتٍ مُتَعَدِّدَةٍ يُؤَسِّسُ فيها فِكْرَةً مَرْكَزيَّةً وَأَفكارًا مُهِمَّةً، وَيَضَعُها في سياقٍ مَنْطِقيٍّ، مُسْتَخْدِمًا أَدواتِ الرَّبْطِ، وَيَخْتِمُ النَّصَّ بِفِقرَةٍ خِتاميَّةٍ",,,,,,,,,,,,,,,,,
Grade 5,الوحدة الأولى,1.5,كتابة نص معلوماتي: الطاقة الشمسية,1.5.1,اللغة,اللغة/ بنية اللغة العربية (الاملاء),أن يكتب المتعلم الكلمات والجمل مراعيا قواعد الإملاء والترقيم.,G5.6.3.1.3,"يَسْتَخدِمُ المُتَعَلّمُ عَلاماتِ الترَّقْيمِ (عَلامَةُ الاسْتِفهامِ، النُّقْطَةُ، عَلامَةُ التَّعَجُّبِ، الفاصِلَةُ، النُّقطتانِ الرَّأْسيَّتانِ، القَوسانِ، عَلامَتا التَّنْصيصِ) اسْتِخدامًا صَحيحًا","عَلاماتِ الترَّقْيمِ (عَلامَةُ الاسْتِفهامِ، النُّقْطَةُ، عَلامَةُ التَّعَجُّبِ، الفاصِلَةُ، النُّقطتانِ الرَّأْسيَّتانِ، القَوسانِ، عَلامَتا التَّنْصيصِ)",,,,,,,,,,,,,,,,
Grade 5,الوحدة الأولى,1.5,كتابة نص معلوماتي: الطاقة الشمسية,1.5.1,الكتابة,الكتابة/ إنتاج الأعمال الكتابية ونشرها,أن ينتج المتعلم أعمالا كتابية واضحة ومتنوعة تظهر توجه نحو التنظيم والترتيب متلائمة مع المهمة والغاية.,G5.4.2.1.4,يُراجِعُ المُتَعَلّمُ مُسَوَّداتٍ مُتَعَدِّدَةً لما يَكْتُبُ وَيُعيدُ تَحريرَها بِخَطٍّ واضِحٍ وَمُرَتَّبٍ مُسْتخْدِمًا مِقياسًا لِلكِتابِةِ,,,,,,,,,,,,,,,,,
Grade 5,الوحدة الأولى,1.5,كتابة نص معلوماتي: الطاقة الشمسية,1.5.1,الكتابة,الكتابة/ إنتاج الأعمال الكتابية ونشرها,أن ينتج المتعلم أعمالا كتابية واضحة ومتنوعة تظهر توجه نحو التنظيم والترتيب متلائمة مع المهمة والغاية.,G5.4.2.3.2,"يوَظِّفُ الحاسوبَ والشَّبَكَةَ المَعلوماتيَّةَ عِندَ تَحريرِ كِتاباتِهِ وَمُراجَعَتِها، لِتَجويدِ العَمَلِ",,,,,,,,,,,,,,,,,
Grade 5,الوحدة الأولى,1.5,كتابة نص معلوماتي: الطاقة الشمسية,1.5.1,الكتابة,الكتابة/ إنتاج الأعمال الكتابية ونشرها,أن ينتج المتعلم أعمالا كتابية واضحة ومتنوعة تظهر توجه نحو التنظيم والترتيب متلائمة مع المهمة والغاية.,G5.4.2.3.3,يَنْشُرُ ما يَكْتُبُهُ عَبْرَ الوَسائِطِ المُتاحَةِ,,,,,,,,,,,,,,,,,
Grade 5,الوحدة الأولى,1.6,النَّشيدُ: اقرأ...اقرأ,1.6.1,القراءة,أساسيات القراءة,أن يطبق المتعلم استراتيجيات الــقــراءة الصحيحة لقراءة الكلمات والنصوص بدقة وطــلاقــة مــع فــهــم المــعــاني والدلالات.,G5.1.1.1.1,يَقْرَأُ المُتَعَلّمُ نُصوصًا نَثْريَّةً وَشِعريَّةً بِطَلاقَةٍ مَعَ مُراعاةِ التَّعبيرِ عَنِ الانْفِعالاتِ والمَشاعِرِ.,,,,,,,,,,,,,,,,,
Grade 5,الوحدة الأولى,1.6,النَّشيدُ: اقرأ...اقرأ,1.6.1,القراءة,قراءة النصوص الأدبية/ تكامل المعرفة مع الفكر,"أن يقرأ المتعلم نصوصا شعرية وأعمالاً نثرية متنوعة ويقمها ويحللها، ويــدمــج الفكر المقدمة فيها؛ لبناء معرفة وفهم جديدين عن الفكرة المحورية، والرسائل المتضمنة في الأعمال الأدبية.",G5.2.3.1.2,"يَحْفِظُ المُتَعَلِّمُ تِسْعَ نُصوصٍ شِعْريَّةٍ تَتَأَلَّفُ مِنْ (10-7) أَبياتٍ مَوْضوعاتُها تُناسِبُ المَرحَلَةَ مثل: الْجَمالُ، البيئَةُ، الطَّبيعَةُ، العَمَلُ، المِهَنُ، التُّراثُ، القيَمُ... وَغيرُها.",,,,,,,,,,,,,,,,,
Grade 5,الوحدة الأولى,1.6,النَّشيدُ: اقرأ...اقرأ,1.6.1,القراءة,قراءة النصوص الأدبية/ معرفة الفكر الرئيسية والتفاصيل,"أن يحدد المتعلم الفكر الرئيسة والتفاصيل المساندة التي تسهم في توضيح الفكرة الرئيسة، أو الرسالة العامة، أو الدروس المقدمة في النصوص الأدبية",G5.2.1.1.2,"يُبَيِّنُ المُتَعَلِّمُ الَمعْنى الإِجماليَّ لِلنَّصِّ الشِّعْريِّ، وَيَحفَظُهُ.",,,,,,,,,,,,,,,,,
Grade 5,الوحدة الأولى,1.6,النَّشيدُ: اقرأ...اقرأ,1.6.1,القراءة,قراءة النصوص الأدبية/ تحليل النص,"أن يحدد المتعلم جوانب معينة في النصوص الأدبية ويفهمها،ويحلل عناصر النص وخيارات المؤلفين في اختيار الكلمت والأساليب الأدبية المناسبة لنصوصهم.",G5.2.2.1.1,"يُفَسِّرُ المُتَعَلِّمُ كَلِماتِ النَّصِّ الشِّعريِّ، مُسْتنتجًا دلالاتِ المُفرداتِ.",,,,,,,,,,,,,,,,,
Grade 5,الوحدة الأولى,1.6,النَّشيدُ: اقرأ...اقرأ,1.6.1,القراءة,قراءة النصوص الاأدبية/ تحليل النص,"أن يحدد المتعلم جوانب معينة في النصوص الأدبية ويفهمها،ويحلل عناصر النص وخيارات المؤلفين في اختيار الكلمت والأساليب الأدبية المناسبة لنصوصهم.",G5.2.2.1.2,يُحَدِّدُ المُتَعَلِّمُ أَنْواعَ الإيقاعِ اللَّفْظيِّ في النُّصوصِ (الجِناسُ و السَّجْعُ والتِّكرارُ الصَّوْتيُّ).,,,,,,,,,,,,,,,,,
Grade 5,الوحدة الثانية,2.1,قِصَّةٌ: حوتٌ عَلى الشّاطئِ,2.1.1,القراءة,أساسيات القراءة,أن يطبق المتعلم استراتيجيات الــقــراءة الصحيحة لقراءة الكلمات والنصوص بدقة وطــلاقــة مــع فــهــم المــعــاني والدلالات.,G5.1.1.1.2,"يحددالمتعلّم الكلمات المحورية والجديدة في النص، ويرشح معانيها، ويكتشف بعض الاستخدامات المجازية لها.",,,,,,,,,,,,,,,,,
Grade 5,الوحدة الثانية,2.1,قِصَّةٌ: حوتٌ عَلى الشّاطئِ,2.1.1,القراءة,أساسيات القراءة,أن يطبق المتعلم استراتيجيات الــقــراءة الصحيحة لقراءة الكلمات والنصوص بدقة وطــلاقــة مــع فــهــم المــعــاني والدلالات.,G5.1.1.1.3,"يُوّظف معرفته بالمصاحبات اللغوية الشائعة في الاستعمال اللغوي قديًما وحديثًا مثل:الاختناق المروري، تكنولوجيا المعلومات،... جبال شاهقة،حفيف الشجر، صهيل الخيول.",,,,,,,,,,,,,,,,,
Grade 5,الوحدة الثانية,2.1,قِصَّةٌ: حوتٌ عَلى الشّاطئِ,2.1.1,القراءة,أساسيات القراءة,أن يطبق المتعلم استراتيجيات الــقــراءة الصحيحة لقراءة الكلمات والنصوص بدقة وطــلاقــة مــع فــهــم المــعــاني والدلالات.,G5.1.1.1.1,يقرأ المتعلّم نصوًصا نثرية وشعرية بطلاقة مع مراعاة التعبير عن الانفعالات والمشاعر.,,,,,,,,,,,,,,,,,
Grade 5,الوحدة الثانية,2.1,قِصَّةٌ: حوتٌ عَلى الشّاطئِ,2.1.1,القراءة,أساسيات القراءة,أن يطبق المتعلم استراتيجيات الــقــراءة الصحيحة لقراءة الكلمات والنصوص بدقة وطــلاقــة مــع فــهــم المــعــاني والدلالات.,G5.1.1.1.5,يقرأ المتعلّم قراءة سليمة نصوًصا معظم كلماتها تخلو من الضبط معتمًدا على السياق.,,,,,,,,,,,,,,,,,
Grade 5,الوحدة الثانية,2.1,قِصَّةٌ: حوتٌ عَلى الشّاطئِ,2.1.1,القراءة,قراءة النصوص المعلوماتية / تَحليل نص,"أن يحلل المتعلم عناصر النص واختيار الكاتب للكلمات، ويقيم الطرائق التي تساهم فيها تراكيب الجمل في بناء النص، وأساليب عرض وجهة النظر، أو طريقة كتابة النص وطباعته.",G5.3.2.1.2,"يحدد المتعلم البناء المستخدم في النص لتقديم الأحداث و الفكر و المفاهيم و المعلومات، مثل: (التسلسل الزمني للأحداث و السبب و النتيجة و المقارنة)",,,,,,,,,,,,,,,,,
Grade 5,الوحدة الثانية,2.1,قِصَّةٌ: حوتٌ عَلى الشّاطئِ,2.1.1,الاستماع والمحادثة,الاستماع والمحادثة/استيعاب المعرفة وتقديمها,"أن يشارك المتعلم في النقاشات مع معلميه وزملائه، مكيفا كلامه وفق لمجموعة متنوعة من السياقات والمهام التواصلية مظهرا إجادته للغة العربية الفصيحة",G5.5.1.2.1,"يتحدث المتعلّم بصوت واضح وأسلوب معبّر لتقديم معلومات عن موضوع، أو فكرة، أو موقف يُظهر فهمه للموضوع .",,,,,,,,,,,,,,,,,
Grade 5,الوحدة الثانية,2.1,قِصَّةٌ: حوتٌ عَلى الشّاطئِ,2.1.1,الاستماع والمحادثة,الاستماع والمحادثة/استيعاب المعرفة وتقديمها,"أن يشارك المتعلم في النقاشات مع معلميه وزملائه، مكيفا كلامه وفق لمجموعة متنوعة من السياقات والمهام التواصلية مظهرا إجادته للغة العربية الفصيحة",G5.5.1.2.2,يُقّدم المتعلّم شفويًّا ملخًصا لقصة قرأها.,,,,,,,,,,,,,,,,,
Grade 5,الوحدة الثانية,2.2,النَّصُّ المَعلوماتيُّ: الرَّبْطُ بـالجغرافيا,2.2.1,القراءة,قراءة النصوص الأدبية/ تكامل المعرفة مع الفكر,"أن يقرأ المتعلم نصوصا شعرية وأعمالاً نثرية متنوعة ويقمها ويحللها، ويــدمــج الفكر المقدمة فيها؛ لبناء معرفة وفهم جديدين عن الفكرة المحورية، والرسائل المتضمنة في الأعمال الأدبية.",G5.2.3.1.1,يحّدد المتعلّم مساهمة الصور والكلمات في توضيح مغزى العمل الأدبي.,,,,,,,,,,,,,,,,,
Grade 5,الوحدة الثانية,2.2,النَّصُّ المَعلوماتيُّ: الرَّبْطُ بـالجغرافيا,2.2.1,القراءة,قراءة النصوص المعلوماتية / معرفة الفكر الرئيسية والتفاصيل,"أن يقرأ المتعلم النص المعلوماتي بعمق وشمولية، ويحدد الفكرة المركزية والفكر الرئيسة، ويستنتج العلاقات ضمن النص الواحد وبين النصوص المختلفة.",G5.3.1.1.1,يدعم المتعلم أفكار نص معلوماتي من خلال الاستدلال بالتفاصيل و الأمثلة و الرسومات و المخططات الواردة في النص.,,,,,,,,,,,,,,,,,
Grade 5,الوحدة الثانية,2.2,النَّصُّ المَعلوماتيُّ: الرَّبْطُ بـالجغرافيا,2.2.1,القراءة,قراءة النصوص المعلوماتية / معرفة الفكر الرئيسية والتفاصيل,"أن يقرأ المتعلم النص المعلوماتي بعمق وشمولية، ويحدد الفكرة المركزية والفكر الرئيسة، ويستنتج العلاقات ضمن النص الواحد وبين النصوص المختلفة.",G5.3.1.1.2,"يحدد المتعلم الفكرة المحورية للنص و التفاصيل الرئيسة الداعمة لها، مبينًا مدى التماسك بينها.",,,,,,,,,,,,,,,,,
Grade 5,الوحدة الثانية,2.2,النَّصُّ المَعلوماتيُّ: الرَّبْطُ بـالجغرافيا,2.2.1,القراءة,قراءة النصوص المعلوماتية / تَحليل نص,"أن يحلل المتعلم عناصر النص واختيار الكاتب للكلمات، ويقيم الطرائق التي تساهم فيها تراكيب الجمل في بناء النص، وأساليب عرض وجهة النظر، أو طريقة كتابة النص وطباعته.",G5.3.2.1.1,يفسر المتعلم معاني الكلمات و المصطلحات و العبارات الواردة في نص معلوماتي من خلال معرفته بعلاقات التضاد و الترادف و الاشتراك اللفظي مستخدًما المعاجم و الرسومات.,,,,,,,,,,,,,,,,,
Grade 5,الوحدة الثانية,2.2,النَّصُّ المَعلوماتيُّ: الرَّبْطُ بـالجغرافيا,2.2.1,القراءة,قراءة النصوص المعلوماتية / تَحليل نص,"أن يحلل المتعلم عناصر النص واختيار الكاتب للكلمات، ويقيم الطرائق التي تساهم فيها تراكيب الجمل في بناء النص، وأساليب عرض وجهة النظر، أو طريقة كتابة النص وطباعته.",G5.3.2.1.2,"يحدد المتعلم البناء المستخدم في النص لتقديم الأحداث و الفكر و المفاهيم و المعلومات، مثل: (التسلسل الزمني للأحداث و السبب و النتيجة و المقارنة).",,,,,,,,,,,,,,,,,
Grade 5,الوحدة الثانية,2.2,النَّصُّ المَعلوماتيُّ: الرَّبْطُ بـالجغرافيا,2.2.1,الاستماع والمحادثة,الاستماع والمحادثة/استيعاب المعرفة وتقديمها,"أن يظهر المتعلم فهما لمواد مسموعة، ويتواصـل مع الآخرين مقدما المعلومات والنتائج المدعومة بالأدلة لإقناع المستمعين واستمالتهم نحو الموضوع مستخدما اللغة العربية الفصيحة.",G5.5.1.1.1,يستوعب المتعلّم المادة المسموعة (نًّصا سرديًا - مقالاً) مؤولاً رسائل المتحدث الشفوية وغير الشفوية وفق أهدافه ووجهة نظرة.,,,,,,,,,,,,,,,,,
Grade 5,الوحدة الثانية,2.2,النَّصُّ المَعلوماتيُّ: الرَّبْطُ بـالجغرافيا,2.2.1,الاستماع والمحادثة,الاستماع والمحادثة/استيعاب المعرفة وتقديمها,"أن يشارك المتعلم في النقاشات مع معلميه وزملائه، مكيفا كلامه وفق لمجموعة متنوعة من السياقات والمهام التواصلية مظهرا إجادته للغة العربية الفصيحة",G5.5.1.2.1,"يتحدث المتعلّم بصوت واضح وأسلوب معبّر لتقديم معلومات عن موضوع، أو فكرة، أو موقف يُظهر فهمه للموضوع .",,,,,,,,,,,,,,,,,
Grade 5,الوحدة الثانية,2.2,النَّصُّ المَعلوماتيُّ: الرَّبْطُ بـالجغرافيا,2.2.1,اللغة (المعجم),اللغة/ اكتساب المفردات واستخدامها (المعجم),أن يكتسب المتعلم مفردات من خلال احتكاكه بمواقف غنية لغويا,G5.6.1.1.1,يستخدم المتعلم الكلمات ذات المحيط اللغوي الواحد مراعيًا الفروق بين دلالاتها,,,,,,,,,,,,,,,,,
Grade 5,الوحدة الثانية,2.2,النَّصُّ المَعلوماتيُّ: الرَّبْطُ بـالجغرافيا,2.2.1,الاستماع والمحادثة,الاستماع والمحادثة/استيعاب المعرفة وتقديمها,"أن يشارك المتعلم في النقاشات مع معلميه وزملائه، مكيفا كلامه وفق لمجموعة متنوعة من السياقات والمهام التواصلية مظهرا إجادته للغة العربية الفصيحة",G5.5.1.2.2,يُقّدم المتعلّم شفويًّا ملخًصا لقصة قرأها.,,,,,,,,,,,,,,,,,
Grade 5,الوحدة الثانية,2.2,النَّصُّ المَعلوماتيُّ: الرَّبْطُ بـالجغرافيا,2.2.1,اللغة (المعجم),اللغة/ اكتساب المفردات واستخدامها (المعجم),أن يفسر المفردات الجديدة من خلال سياقاتها المختلفة,G5.6.1.2.5,يستخدم المتعلم الكلمات الجديدة في سياقات تفسر معناها.,,,,,,,,,,,,,,,,,
Grade 5,الوحدة الثانية,2.2,النَّصُّ المَعلوماتيُّ: الرَّبْطُ بـالجغرافيا,2.2.1,اللغة (المعجم),اللغة/ اكتساب المفردات واستخدامها (المعجم),أن يكتسب المتعلم مفردات من خلال احتكاكه بمواقف غنية لغويا,G5.6.1.1.2,يحدد المتعلم علاقات التضاد و الترادف بين الكلمات,,,,,,,,,,,,,,,,,
Grade 5,الوحدة الثانية,2.3,النَّحْوُ: ضمائر الرفع المتصلة,2.3.1,اللغة (النحو والصرف),اللغة/ بنية اللغة العربية (النحو والصرف),"أن يتعرف المتعلم المفاهيم النحوية والصرفية، ويستخدمها استخداما صحيحا.",G5.6.2.1.1,"يَتَعَرَّفُ الْمُتَعَلِّمُ ضَمائِرَ الرَّفْعِ المُتَّصِلَةَ، وَيَسْتَخْدِمُها في جُمَلٍ مِنْ إِنْشائِهِ.",ضمائر الرفع المتصلة,,,,,,,,,,,,,,,,
Grade 5,الوحدة الثانية,2.5,الهمزة المتوسطة على الألف والواو,2.5.1,اللغة (الإملاء),اللغة/ بنية اللغة العربية (الاملاء),أن يكتب المتعلم الكلمات والجمل مراعيا قواعد الإملاء والترقيم.,G5.6.3.1.1,"يَكْتُبُ الْمُتَعَلِّمُ الْكَلِماتِ الْمُتَضَمّنَة هَمْزَةً مُتَوَسِّطَةً عَلى الْأَلِفِ، وَالواوِ كِتابَةً صَحيحَةً.",الهمزة المتوسطة على الألف,,,,,,,,,,,,,,,,
Grade 5,الوحدة الثانية,2.5,الهمزة المتوسطة على الألف والواو,2.5.1,اللغة (الإملاء),اللغة/ بنية اللغة العربية (الاملاء),أن يكتب المتعلم الكلمات والجمل مراعيا قواعد الإملاء والترقيم.,G5.6.3.1.2,يَكْتُبُ كَلِماتٍ بَصَرِيَّةً تَحْتوي عَلى هَمْزَةٍ مُتَوَسِّطَةٍ بِواقِعِ عَشر كَلِماتٍ مِنْ كُلِّ نَوْعٍ.,الهمزة المتوسطة على الواو,,,,,,,,,,,,,,,,
Grade 5,الوحدة الثانية,2.6,كتابة نص معلوماتي: السِّياحَةُ الدّاخِلِيَّةُ في الامارات,2.6.1,الكتابة,الكتابة / البحث عن المعلومات,أن يبحث المتعلم عن المعلومات ويطبقها في موضوعات كتابية تستند إلى أغراض محددة تظهر فهمه بالمادة التي يبحث عنها وتتناسب مع غرض الكتابة وطبيعتها,G5.4.1.1.1,"بْحَثُ المُتَعَلِّمُ عَنْ مَعلوماتٍ مِنْ عِدَّةِ مَصادِرَ: المُقابلاتُ، الشَّبَكَةُ المَعلوماتيَّةُ والمَعاجِمُ، والمَوسوعاتُ، وَيوَثِّقُ المَعلوماتِ الببليوغرافية الأساسية",,,,,,,,,,,,,,,,,
Grade 5,الوحدة الثانية,2.6,كتابة نص معلوماتي: السِّياحَةُ الدّاخِلِيَّةُ في الامارات,2.6.1,الكتابة,الكتابة/ إنتاج الأعمال الكتابية ونشرها,أن ينتج المتعلم أعمالا كتابية واضحة ومتنوعة تظهر توجه نحو التنظيم والترتيب متلائمة مع المهمة والغاية.,G5.4.2.1.1,يختارُ المُتَعَلِّمُ نُقطَةً لِلكِتابَةِ وَبِنْيَةً تَنْظيميَّةً وَوِجْهَةَ نَظَرٍ مُحَدَّدَةٍ مُعْتَمِدًا عَلى الغَرَضِ والمُتَلَقّي وَطولِ النَّصِّ,,,,,,,,,,,,,,,,,
Grade 5,الوحدة الثانية,2.6,كتابة نص معلوماتي: السِّياحَةُ الدّاخِلِيَّةُ في الامارات,2.6.1,الكتابة,الكتابة/ إنتاج الأعمال الكتابية ونشرها,أن ينتج المتعلم أعمالا كتابية واضحة ومتنوعة تظهر توجه نحو التنظيم والترتيب متلائمة مع المهمة والغاية.,G5.4.2.1.2,"يَكْتُبُ نُصوصًا بِفِقراتٍ مُتَعَدِّدَةٍ يُؤَسِّسُ فيها فِكْرَةً مَرْكَزيَّةً وَأَفكارًا مُهِمَّةً، وَيَضَعُها في سياقٍ مَنْطِقيٍّ، مُسْتَخْدِمًا أَدواتِ الرَّبْطِ، وَيَخْتِمُ النَّصَّ بِفِقرَةٍ خِتاميَّةٍ",كتابة نص معلوماتي من فقرات متعددة,,,,,,,,,,,,,,,,
Grade 5,الوحدة الثانية,2.6,كتابة نص معلوماتي: السِّياحَةُ الدّاخِلِيَّةُ في الامارات,2.6.1,اللغة (الإملاء),اللغة/ بنية اللغة العربية (الاملاء),أن يكتب المتعلم الكلمات والجمل مراعيا قواعد الإملاء والترقيم.,G5.6.3.1.3,"يَسْتَخدِمُ المُتَعَلّمُ عَلاماتِ الترَّقْيمِ (عَلامَةُ الاسْتِفهامِ، النُّقْطَةُ، عَلامَةُ التَّعَجُّبِ، الفاصِلَةُ، النُّقطتانِ الرَّأْسيَّتانِ، القَوسانِ، عَلامَتا التَّنْصيصِ) اسْتِخدامًا صَحيحًا","عَلاماتِ الترَّقْيمِ (عَلامَةُ الاسْتِفهامِ، النُّقْطَةُ، عَلامَةُ التَّعَجُّبِ، الفاصِلَةُ، النُّقطتانِ الرَّأْسيَّتانِ، القَوسانِ، عَلامَتا التَّنْصيصِ)",,,,,,,,,,,,,,,,
Grade 5,الوحدة الثانية,2.6,كتابة نص معلوماتي: السِّياحَةُ الدّاخِلِيَّةُ في الامارات,2.6.1,الكتابة,الكتابة/ إنتاج الأعمال الكتابية ونشرها,أن ينتج المتعلم أعمالا كتابية واضحة ومتنوعة تظهر توجه نحو التنظيم والترتيب متلائمة مع المهمة والغاية.,G5.4.2.1.4,يُراجِعُ المُتَعَلّمُ مُسَوَّداتٍ مُتَعَدِّدَةً لما يَكْتُبُ وَيُعيدُ تَحريرَها بِخَطٍّ واضِحٍ وَمُرَتَّبٍ مُسْتخْدِمًا مِقياسًا لِلكِتابِةِ,,,,,,,,,,,,,,,,,
Grade 5,الوحدة الثانية,2.6,كتابة نص معلوماتي: السِّياحَةُ الدّاخِلِيَّةُ في الامارات,2.6.1,الكتابة,الكتابة/ إنتاج الأعمال الكتابية ونشرها,"أن يــسـتخـدم المتعلم التكنولوجيا، بما فيها (الإنترنت)، وغيرها من المصادر؛ لينتج وينشر عملا كتابيا متفاعلاً مع الآخرين",G5.4.2.3.2,"يوَظِّفُ الحاسوبَ والشَّبَكَةَ المَعلوماتيَّةَ عِندَ تَحريرِ كِتاباتِهِ وَمُراجَعَتِها، لِتَجويدِ العَمَلِ",,,,,,,,,,,,,,,,,
Grade 5,الوحدة الثانية,2.6,كتابة نص معلوماتي: السِّياحَةُ الدّاخِلِيَّةُ في الامارات,2.6.1,الكتابة,الكتابة/ إنتاج الأعمال الكتابية ونشرها,"أن يــسـتخـدم المتعلم التكنولوجيا، بما فيها (الإنترنت)، وغيرها من المصادر؛ لينتج وينشر عملا كتابيا متفاعلاً مع الآخرين",G5.4.2.3.3,يَنْشُرُ ما يَكْتُبُهُ عَبْرَ الوَسائِطِ المُتاحَةِ,,,,,,,,,,,,,,,,,
Grade 5,الوحدة الثانية,2.4,النَّشيدُ: يا إِماراتِ المَحَبَّةْ,2.4.1,القراءة,اساسيات القراءة,أن يطبق المتعلم استراتيجيات الــقــراءة الصحيحة لقراءة الكلمات والنصوص بدقة وطــلاقــة مــع فــهــم المــعــاني والدلالات.,G5.1.1.1.1,يَقْرَأُ المُتَعَلّمُ نُصوصًا نَثْريَّةً وَشِعريَّةً بِطَلاقَةٍ مَعَ مُراعاةِ التَّعبيرِ عَنِ الانْفِعالاتِ والمَشاعِرِ.,,,,,,,,,,,,,,,,,
Grade 5,الوحدة الثانية,2.4,النَّشيدُ: يا إِماراتِ المَحَبَّةْ,2.4.1,القراءة,قراءة النصوص الادبية/ تكامل المعرفة مع الفكر,"أن يقرأ المتعلم نصوصا شعرية وأعمالاً نثرية متنوعة ويقمها ويحللها، ويــدمــج الفكر المقدمة فيها؛ لبناء معرفة وفهم جديدين عن الفكرة المحورية، والرسائل المتضمنة في الأعمال الأدبية.",G5.2.3.1.2,"يَحْفِظُ المُتَعَلِّمُ تِسْعَ نُصوصٍ شِعْريَّةٍ تَتَأَلَّفُ مِنْ (10-7) أَبياتٍ مَوْضوعاتُها تُناسِبُ المَرحَلَةَ مثل: الْجَمالُ، البيئَةُ، الطَّبيعَةُ، العَمَلُ، المِهَنُ، التُّراثُ، القيَمُ... وَغيرُها.",,,,,,,,,,,,,,,,,
Grade 5,الوحدة الثانية,2.4,النَّشيدُ: يا إِماراتِ المَحَبَّةْ,2.4.1,القراءة,قراءة النصوص المعلوماتية / معرفة الفكر الرئيسية والتفاصيل,"أن يقرأ المتعلم النص المعلوماتي بعمق وشمولية، ويحدد الفكرة المركزية والفكر الرئيسة، ويستنتج العلاقات ضمن النص الواحد وبين النصوص المختلفة.",G5.2.1.1.2,"يُبَيِّنُ المُتَعَلِّمُ الَمعْنى الإِجماليَّ لِلنَّصِّ الشِّعْريِّ، وَيَحفَظُهُ.",,,,,,,,,,,,,,,,,
Grade 5,الوحدة الثانية,2.4,النَّشيدُ: يا إِماراتِ المَحَبَّةْ,2.4.1,القراءة,قراءة النصوص الادبية/ تحليل النص,"أن يحدد المتعلم جوانب معينة في النصوص الأدبية ويفهمها،ويحلل عناصر النص وخيارات المؤلفين في اختيار الكلمت والأساليب الأدبية المناسبة لنصوصهم.",G5.2.2.1.1,"يُفَسِّرُ المُتَعَلِّمُ كَلِماتِ النَّصِّ الشِّعريِّ، مُسْتنتجًا دلالاتِ المُفرداتِ.",,,,,,,,,,,,,,,,,
Grade 5,الوحدة الثانية,2.4,النَّشيدُ: يا إِماراتِ المَحَبَّةْ,2.4.1,القراءة,قراءة النصوص الادبية/ تحليل النص,"أن يحدد المتعلم جوانب معينة في النصوص الأدبية ويفهمها،ويحلل عناصر النص وخيارات المؤلفين في اختيار الكلمت والأساليب الأدبية المناسبة لنصوصهم.",G5.2.2.12,يُحَدِّدُ المُتَعَلِّمُ أَنْواعَ الإيقاعِ اللَّفْظيِّ في النُّصوصِ (الجِناسُ و السَّجْعُ والتِّكرارُ الصَّوْتيُّ).,,,,,,,,,,,,,,,,,
Grade 5,الوحدة الثالثة,3.1,قِصَّةٌ: تسيلُ وتسيلُ حلاوةً,3.1.1,القراءة,اساسيات القراءة,أن يطبق المتعلم استراتيجيات الــقــراءة الصحيحة لقراءة الكلمات والنصوص بدقة وطــلاقــة مــع فــهــم المــعــاني والدلالات.,G5.1.1.1.2,"يحدد المتعلّم الكلمات المحورية والجديدة في النص، ويرشح معانيها، ويكتشف بعض الاستخدامات المجازية لها.",,,,,,,,,,,,,,,,,
Grade 5,الوحدة الثالثة,3.1,قِصَّةٌ: تسيلُ وتسيلُ حلاوةً,3.1.1,القراءة,اساسيات القراءة,أن يطبق المتعلم استراتيجيات الــقــراءة الصحيحة لقراءة الكلمات والنصوص بدقة وطــلاقــة مــع فــهــم المــعــاني والدلالات.,G5.1.1.1.3,"يُوّظف معرفته بالمصاحبات اللغوية الشائعة في الاستعمال اللغوي قديًما وحديثًا مثل : الاختناق المروري، تكنولوجيا المعلومات،... جبال شاهقة،حفيف الشجر، صهيل الخيول.",,,,,,,,,,,,,,,,,
Grade 5,الوحدة الثالثة,3.1,قِصَّةٌ: تسيلُ وتسيلُ حلاوةً,3.1.1,القراءة,اساسيات القراءة,أن يطبق المتعلم استراتيجيات الــقــراءة الصحيحة لقراءة الكلمات والنصوص بدقة وطــلاقــة مــع فــهــم المــعــاني والدلالات.,G5.1.1.1.1,يقرأ المتعلّم نصوًصا نثرية وشعرية بطلاقة مع مراعاة التعبير عن الانفعالات والمشاعر.,,,,,,,,,,,,,,,,,
Grade 5,الوحدة الثالثة,3.1,قِصَّةٌ: تسيلُ وتسيلُ حلاوةً,3.1.1,القراءة,اساسيات القراءة,أن يطبق المتعلم استراتيجيات الــقــراءة الصحيحة لقراءة الكلمات والنصوص بدقة وطــلاقــة مــع فــهــم المــعــاني والدلالات.,G5.1.1.1.5,يقرأ المتعلّم قراءة سليمة نصوًصا معظم كلماتها تخلو من الضبط معتمًدا على السياق.,,,,,,,,,,,,,,,,,
Grade 5,الوحدة الثالثة,3.1,قِصَّةٌ: تسيلُ وتسيلُ حلاوةً,3.1.1,القراءة,قراءة النصوص المعلوماتية / تَحليل نص,"أن يحلل المتعلم عناصر النص واختيار الكاتب للكلمات، ويقيم الطرائق التي تساهم فيها تراكيب الجمل في بناء النص، وأساليب عرض وجهة النظر، أو طريقة كتابة النص وطباعته.",G5.3.2.1.2,"يحدد المتعلم البناء المستخدم في النص لتقديم الأحداث و الفكر و المفاهيم و المعلومات، مثل: (التسلسل الزمني للأحداث و السبب و النتيجة و المقارنة)",,,,,,,,,,,,,,,,,
Grade 5,الوحدة الثالثة,3.1,قِصَّةٌ: تسيلُ وتسيلُ حلاوةً,3.1.1,الاستماع والمحادثة,الاستماع والمحادثة/استيعاب المعرفة وتقديمها,"أن يشارك المتعلم في النقاشات مع معلميه وزملائه، مكيفا كلامه وفق لمجموعة متنوعة من السياقات والمهام التواصلية مظهرا إجادته للغة العربية الفصيحة",G5.5.1.2.1,"يتحدث المتعلّم بصوت واضح وأسلوب معبّر لتقديم معلومات عن موضوع، أو فكرة، أو موقف يُظهر فهمه للموضوع .",,,,,,,,,,,,,,,,,
Grade 5,الوحدة الثالثة,3.1,قِصَّةٌ: تسيلُ وتسيلُ حلاوةً,3.1.1,الاستماع والمحادثة,الاستماع والمحادثة/استيعاب المعرفة وتقديمها,"أن يشارك المتعلم في النقاشات مع معلميه وزملائه، مكيفا كلامه وفق لمجموعة متنوعة من السياقات والمهام التواصلية مظهرا إجادته للغة العربية الفصيحة",G5.5.1.2.2,يُقّدم المتعلّم شفويًّا ملخًصا لقصة قرأها.,,,,,,,,,,,,,,,,,
Grade 5,الوحدة الثالثة,3.2,النَّصُّ المَعلوماتيُّ: الرَّبْطُ بـالعُلومِ,3.2.1,القراءة,قراءة النصوص الادبية/ تكامل المعرفة مع الفكر,"أن يقرأ المتعلم نصوصا شعرية وأعمالاً نثرية متنوعة ويقمها ويحللها، ويــدمــج الفكر المقدمة فيها؛ لبناء معرفة وفهم جديدين عن الفكرة المحورية، والرسائل المتضمنة في الأعمال الأدبية.",G5.2.3.1.1,يحّدد المتعلّم مساهمة الصور والكلمات في توضيح مغزى العمل الأدبي.,,,,,,,,,,,,,,,,,
Grade 5,الوحدة الثالثة,3.2,النَّصُّ المَعلوماتيُّ: الرَّبْطُ بـالعُلومِ,3.2.1,القراءة,قراءة النصوص المعلوماتية / معرفة الفكر الرئيسية والتفاصيل,"أن يقرأ المتعلم النص المعلوماتي بعمق وشمولية، ويحدد الفكرة المركزية والفكر الرئيسة، ويستنتج العلاقات ضمن النص الواحد وبين النصوص المختلفة.",G5.3.1.1.1,يدعم المتعلم أفكار نص معلوماتي من خلال الاستدلال بالتفاصيل و الأمثلة و الرسومات و المخططات الواردة في النص.,,,,,,,,,,,,,,,,,
Grade 5,الوحدة الثالثة,3.2,النَّصُّ المَعلوماتيُّ: الرَّبْطُ بـالعُلومِ,3.2.1,القراءة,قراءة النصوص المعلوماتية / معرفة الفكر الرئيسية والتفاصيل,"أن يقرأ المتعلم النص المعلوماتي بعمق وشمولية، ويحدد الفكرة المركزية والفكر الرئيسة، ويستنتج العلاقات ضمن النص الواحد وبين النصوص المختلفة.",G5.3.1.1.2,"يحدد المتعلم الفكرة المحورية للنص و التفاصيل الرئيسة الداعمة لها، مبينًا مدى التماسك بينها.",,,,,,,,,,,,,,,,,
Grade 5,الوحدة الثالثة,3.2,النَّصُّ المَعلوماتيُّ: الرَّبْطُ بـالعُلومِ,3.2.1,القراءة,قراءة النصوص المعلوماتية / تَحليل نص,"أن يحلل المتعلم عناصر النص واختيار الكاتب للكلمات، ويقيم الطرائق التي تساهم فيها تراكيب الجمل في بناء النص، وأساليب عرض وجهة النظر، أو طريقة كتابة النص وطباعته.",G5.3.2.1.1,يفسر المتعلم معاني الكلمات و المصطلحات و العبارات الواردة في نص معلوماتي من خلال معرفته بعلاقات التضاد و الترادف و الاشتراك اللفظي مستخدًما المعاجم و الرسومات.,,,,,,,,,,,,,,,,,
Grade 5,الوحدة الثالثة,3.2,النَّصُّ المَعلوماتيُّ: الرَّبْطُ بـالعُلومِ,3.2.1,القراءة,قراءة النصوص المعلوماتية / تَحليل نص,"أن يحلل المتعلم عناصر النص واختيار الكاتب للكلمات، ويقيم الطرائق التي تساهم فيها تراكيب الجمل في بناء النص، وأساليب عرض وجهة النظر، أو طريقة كتابة النص وطباعته.",G5.3.2.1.2,"يحدد المتعلم البناء المستخدم في النص لتقديم الأحداث و الفكر و المفاهيم و المعلومات، مثل: (التسلسل الزمني للأحداث و السبب و النتيجة و المقارنة).",,,,,,,,,,,,,,,,,
Grade 5,الوحدة الثالثة,3.2,النَّصُّ المَعلوماتيُّ: الرَّبْطُ بـالعُلومِ,3.2.1,الاستماع والمحادثة,الاستماع والمحادثة/استيعاب المعرفة وتقديمها,"أن يظهر المتعلم فهما لمواد مسموعة، ويتواصـل مع الآخرين مقدما المعلومات والنتائج المدعومة بالأدلة لإقناع المستمعين واستمالتهم نحو الموضوع مستخدما اللغة العربية الفصيحة.",G5.5.1.1.1,يستوعب المتعلّم المادة المسموعة (نًّصا سرديًا - مقالاً) مؤولاً رسائل المتحدث الشفوية وغير الشفوية وفق أهدافه ووجهة نظرة.,,,,,,,,,,,,,,,,,
Grade 5,الوحدة الثالثة,3.2,النَّصُّ المَعلوماتيُّ: الرَّبْطُ بـالعُلومِ,3.2.1,الاستماع والمحادثة,الاستماع والمحادثة/استيعاب المعرفة وتقديمها,"أن يشارك المتعلم في النقاشات مع معلميه وزملائه، مكيفا كلامه وفق لمجموعة متنوعة من السياقات والمهام التواصلية مظهرا إجادته للغة العربية الفصيحة",G5.5.1.2.1,"يتحدث المتعلّم بصوت واضح وأسلوب معبّر لتقديم معلومات عن موضوع، أو فكرة، أو موقف يُظهر فهمه للموضوع .",,,,,,,,,,,,,,,,,
Grade 5,الوحدة الثالثة,3.2,النَّصُّ المَعلوماتيُّ: الرَّبْطُ بـالعُلومِ,3.2.1,الاستماع والمحادثة,الاستماع والمحادثة/استيعاب المعرفة وتقديمها,"أن يشارك المتعلم في النقاشات مع معلميه وزملائه، مكيفا كلامه وفق لمجموعة متنوعة من السياقات والمهام التواصلية مظهرا إجادته للغة العربية الفصيحة",G5.5.1.2.2,يُقّدم المتعلّم شفويًّا ملخًصا لقصة قرأها.,,,,,,,,,,,,,,,,,
Grade 5,الوحدة الثالثة,3.2,النَّصُّ المَعلوماتيُّ: الرَّبْطُ بـالعُلومِ,3.2.1,اللغة (البلاغة),اللغة/ بنية اللغة العربية (البلاغة),"أن يتعرف المتعلم المفاهيم البلاغية، ويتذوقها ويوظفها في إنتاجه اللغوي",G5.6.5.1.1,يُنْتِجُ المُتَعَلِّمُ جُمَلًا تَتَضَمَّنُ تَشْبيهًا مُحاكِيًا نَمَطًا.,,,,,,,,,,,,,,,,,
Grade 5,الوحدة الثالثة,3.2,النَّصُّ المَعلوماتيُّ: الرَّبْطُ بـالعُلومِ,3.2.1,اللغة (المعجم),اللغة/ اكتساب المفردات واستخدامها (المعجم),أن يفسر المفردات الجديدة من خلال سياقاتها المختلفة,G5.6.1.2.5,يَسْتخدِمُ المُتَّعَلِّمُ الْكَلِماتِ الجَديدَةَ في سياقاتٍ تُفَسِّرُ مَعْناها.,,,,,,,,,,,,,,,,,
Grade 5,الوحدة الثالثة,3.2,النَّصُّ المَعلوماتيُّ: الرَّبْطُ بـالعُلومِ,3.2.1,اللغة (المعجم),اللغة/ اكتساب المفردات واستخدامها (المعجم),أن يكتسب المتعلم مفردات من خلال احتكاكه بمواقف غنية لغويا,G5.6.1.1.1,يَسْتخدِمُ المُتَّعَلِّمُ الْكَلِماتِ ذاتَ المُحيطِ اللُّغَويِّ الواحِدِ مُراعيًا الفُروقَ بَينَ دَلالاتِها.,,,,,,,,,,,,,,,,,
Grade 5,الوحدة الثالثة,3.2,النَّصُّ المَعلوماتيُّ: الرَّبْطُ بـالعُلومِ,3.2.1,اللغة (المعجم),اللغة/ اكتساب المفردات واستخدامها (المعجم),أن يكتسب المتعلم مفردات من خلال احتكاكه بمواقف غنية لغويا,G5.6.1.1.2,يُحَدِّدُ المُتَعَلِّمُ عَلاقاتِ التَّضادِّ والترّادُفِ بَينَ الكَلماتِ.,,,,,,,,,,,,,,,,,
Grade 5,الوحدة الثالثة,3.3,تَعْزيزٌ: الجُمْلَةُ الاسْمِيَّةُ والجُمْلَةُ الفِعْلِيّةُ,3.3.1,اللغة (النحو والصرف),اللغة/ بنية اللغة العربية (النحو والصرف),"أن يتعرف المتعلم المفاهيم النحوية والصرفية، ويستخدمها استخداما صحيحا.",G6.6.2.1.6,يُمَيِّزُ بينَ الجُمْلَةِ الاسْمِيَّةِ وَالْجُمْلَةِ الْفِعْلِيَّةِ.,الجُمْلَةُ الاسْمِيَّةُ,الجملة الاسمية: مقدمة,الجملة الاسمية: مقدمة,,,,,,,,,,,,,,
Grade 5,الوحدة الثالثة,3.3,تَعْزيزٌ: الجُمْلَةُ الاسْمِيَّةُ والجُمْلَةُ الفِعْلِيّةُ,3.3.2,اللغة (النحو والصرف),اللغة/ بنية اللغة العربية (النحو والصرف),"أن يتعرف المتعلم المفاهيم النحوية والصرفية، ويستخدمها استخداما صحيحا.",G6.6.2.1.6,يُحَدِّدُ أَرْكانَ الْجُمْلَتينِ الاسْمِيَّةِ وَالْفِعْلِيَّةِ.,الجُمْلَةُ الفِعْلِيّةُ,,,,,,,,,,,,,,,,
Grade 5,الوحدة الثالثة,3.5,الهمزة المتوسطة على الألف والواو,3.5.1,اللغة (الإملاء),اللغة/ بنية اللغة العربية (الاملاء),أن يكتب المتعلم الكلمات والجمل مراعيا قواعد الإملاء والترقيم.,G5.6.3.1.1,"يَكْتُبُ الْمُتَعَلِّمُ الْكَلِماتِ الْمُتَضَمّنَة هَمْزَةً مُتَوَسِّطَةً عَلى الْأَلِفِ، وَالواوِ كِتابَةً صَحيحَةً.",الهمزة المتوسطة على الألف,,,,,,,,,,,,,,,,
Grade 5,الوحدة الثالثة,3.5,الهمزة المتوسطة على الألف والواو,3.5.1,اللغة (الإملاء),اللغة/ بنية اللغة العربية (الاملاء),أن يكتب المتعلم الكلمات والجمل مراعيا قواعد الإملاء والترقيم.,G5.6.3.1.2,يَكْتُبُ كَلِماتٍ بَصَرِيَّةً تَحْتوي عَلى هَمْزَةٍ مُتَوَسِّطَةٍ بِواقِعِ عَشر كَلِماتٍ مِنْ كُلِّ نَوْعٍ.,الهمزة المتوسطة على الواو,,,,,,,,,,,,,,,,
Grade 5,الوحدة الثالثة,3.6,كِتابَةُ نَصٍّ إقْناعِيٍّ,3.6.1,الكتابة,الكتابة / البحث عن المعلومات,أن يبحث المتعلم عن المعلومات ويطبقها في موضوعات كتابية تستند إلى أغراض محددة تظهر فهمه بالمادة التي يبحث عنها وتتناسب مع غرض الكتابة وطبيعتها,G5.4.1.1.1,"بْحَثُ المُتَعَلِّمُ عَنْ مَعلوماتٍ مِنْ عِدَّةِ مَصادِرَ: المُقابلاتُ، الشَّبَكَةُ المَعلوماتيَّةُ والمَعاجِمُ، والمَوسوعاتُ، وَيوَثِّقُ المَعلوماتِ الببليوغرافية الأساسية",,,,,,,,,,,,,,,,,
Grade 5,الوحدة الثالثة,3.6,كِتابَةُ نَصٍّ إقْناعِيٍّ,3.6.1,الكتابة,الكتابة/ إنتاج الأعمال الكتابية ونشرها,أن ينتج المتعلم أعمالا كتابية واضحة ومتنوعة تظهر توجه نحو التنظيم والترتيب متلائمة مع المهمة والغاية.,G5.4.2.1.1,يختارُ المُتَعَلِّمُ نُقطَةً لِلكِتابَةِ وَبِنْيَةً تَنْظيميَّةً وَوِجْهَةَ نَظَرٍ مُحَدَّدَةٍ مُعْتَمِدًا عَلى الغَرَضِ والمُتَلَقّي وَطولِ النَّصِّ,,,,,,,,,,,,,,,,,
Grade 5,الوحدة الثالثة,3.6,كِتابَةُ نَصٍّ إقْناعِيٍّ,3.6.1,الكتابة,الكتابة/ إنتاج الأعمال الكتابية ونشرها,أن ينتج المتعلم أعمالا كتابية واضحة ومتنوعة تظهر توجه نحو التنظيم والترتيب متلائمة مع المهمة والغاية.,G5.4.2.1.2,"يَكْتُبُ نُصوصًا بِفِقراتٍ مُتَعَدِّدَةٍ يُؤَسِّسُ فيها فِكْرَةً مَرْكَزيَّةً وَأَفكارًا مُهِمَّةً، وَيَضَعُها في سياقٍ مَنْطِقيٍّ، مُسْتَخْدِمًا أَدواتِ الرَّبْطِ، وَيَخْتِمُ النَّصَّ بِفِقرَةٍ خِتاميَّةٍ",كتابة نص إقناعي من فقرات متعددة,,,,,,,,,,,,,,,,
Grade 5,الوحدة الثالثة,3.6,كِتابَةُ نَصٍّ إقْناعِيٍّ,3.6.1,اللغة (الإملاء),اللغة/ بنية اللغة العربية (الاملاء),أن يكتب المتعلم الكلمات والجمل مراعيا قواعد الإملاء والترقيم.,G5.6.3.1.3,"يَسْتَخدِمُ المُتَعَلّمُ عَلاماتِ الترَّقْيمِ (عَلامَةُ الاسْتِفهامِ، النُّقْطَةُ، عَلامَةُ التَّعَجُّبِ، الفاصِلَةُ، النُّقطتانِ الرَّأْسيَّتانِ، القَوسانِ، عَلامَتا التَّنْصيصِ) اسْتِخدامًا صَحيحًا","عَلاماتِ الترَّقْيمِ (عَلامَةُ الاسْتِفهامِ، النُّقْطَةُ، عَلامَةُ التَّعَجُّبِ، الفاصِلَةُ، النُّقطتانِ الرَّأْسيَّتانِ، القَوسانِ، عَلامَتا التَّنْصيصِ)",,,,,,,,,,,,,,,,
Grade 5,الوحدة الثالثة,3.6,كِتابَةُ نَصٍّ إقْناعِيٍّ,3.6.1,الكتابة,الكتابة/ إنتاج الأعمال الكتابية ونشرها,أن ينتج المتعلم أعمالا كتابية واضحة ومتنوعة تظهر توجه نحو التنظيم والترتيب متلائمة مع المهمة والغاية.,G5.4.2.1.3,"يَسْتَخدِمُ المُتَعَلّمُ بِنَىً واضِحةً وَمُختارَةً لِلكِتابَةِ بِحَسبِ المَوضوعِ وَالغَرَضِ وَالسَّبَبِ وَالنَّتيجَةِ وَالمُقارَنَةِ وَالمُقابَلَةِ. مُسْتَخْدِمًا أَدواتِ الرَّبْطِ وَعَلاماتِ التَّرقيمِ، وَنِظامِ التَّفْقيرِ",,,,,,,,,,,,,,,,,
Grade 5,الوحدة الثالثة,3.6,كِتابَةُ نَصٍّ إقْناعِيٍّ,3.6.1,الكتابة,الكتابة/ إنتاج الأعمال الكتابية ونشرها,أن ينتج المتعلم أعمالا كتابية واضحة ومتنوعة تظهر توجه نحو التنظيم والترتيب متلائمة مع المهمة والغاية.,G5.4.2.1.4,يُراجِعُ المُتَعَلّمُ مُسَوَّداتٍ مُتَعَدِّدَةً لما يَكْتُبُ وَيُعيدُ تَحريرَها بِخَطٍّ واضِحٍ وَمُرَتَّبٍ مُسْتخْدِمًا مِقياسًا لِلكِتابِةِ,,,,,,,,,,,,,,,,,
Grade 5,الوحدة الثالثة,3.6,كِتابَةُ نَصٍّ إقْناعِيٍّ,3.6.1,الكتابة,الكتابة/ إنتاج الأعمال الكتابية ونشرها,"أن يــسـتخـدم المتعلم التكنولوجيا، بما فيها (الإنترنت)، وغيرها من المصادر؛ لينتج وينشر عملا كتابيا متفاعلاً مع الآخرين",G5.4.2.3.2,"يوَظِّفُ الحاسوبَ والشَّبَكَةَ المَعلوماتيَّةَ عِندَ تَحريرِ كِتاباتِهِ وَمُراجَعَتِها، لِتَجويدِ العَمَلِ",,,,,,,,,,,,,,,,,
Grade 5,الوحدة الثالثة,3.6,كِتابَةُ نَصٍّ إقْناعِيٍّ,3.6.1,الكتابة,الكتابة/ إنتاج الأعمال الكتابية ونشرها,"أن يــسـتخـدم المتعلم التكنولوجيا، بما فيها (الإنترنت)، وغيرها من المصادر؛ لينتج وينشر عملا كتابيا متفاعلاً مع الآخرين",G5.4.2.3.3,يَنْشُرُ ما يَكْتُبُهُ عَبْرَ الوَسائِطِ المُتاحَةِ,,,,,,,,,,,,,,,,,
Grade 5,الوحدة الثالثة,3.4,النَّشيدُ: انْظُرِ النَّخْلَ,3.4.1,القراءة,اساسيات القراءة ,أن يطبق المتعلم استراتيجيات الــقــراءة الصحيحة لقراءة الكلمات والنصوص بدقة وطــلاقــة مــع فــهــم المــعــاني والدلالات.,G5.1.1.1.1,يَقْرَأُ المُتَعَلّمُ نُصوصًا نَثْريَّةً وَشِعريَّةً بِطَلاقَةٍ مَعَ مُراعاةِ التَّعبيرِ عَنِ الانْفِعالاتِ والمَشاعِرِ.,,,,,,,,,,,,,,,,,
Grade 5,الوحدة الثالثة,3.4,النَّشيدُ: انْظُرِ النَّخْلَ,3.4.1,القراءة,قراءة النصوص الادبية/ تكامل المعرفة مع الفكر,"أن يقرأ المتعلم نصوصا شعرية وأعمالاً نثرية متنوعة ويقمها ويحللها، ويــدمــج الفكر المقدمة فيها؛ لبناء معرفة وفهم جديدين عن الفكرة المحورية، والرسائل المتضمنة في الأعمال الأدبية.",G5.2.3.1.2,"يَحْفِظُ المُتَعَلِّمُ تِسْعَ نُصوصٍ شِعْريَّةٍ تَتَأَلَّفُ مِنْ (10-7) أَبياتٍ مَوْضوعاتُها تُناسِبُ المَرحَلَةَ مثل:الْجَمالُ، البيئَةُ، الطَّبيعَةُ، العَمَلُ، المِهَنُ، التُّراثُ، القيَمُ... وَغيرُها.",,,,,,,,,,,,,,,,,
Grade 5,الوحدة الثالثة,3.4,النَّشيدُ: انْظُرِ النَّخْلَ,3.4.1,القراءة,قراءة النصوص الأدبية/ معرفة الفكر الرئيسية والتفاصيل,"أن يحدد المتعلم الفكر الرئيسة والتفاصيل المساندة التي تسهم في توضيح الفكرة الرئيسة، أو الرسالة العامة، أو الدروس المقدمة في النصوص الأدبية",G5.2.1.1.2,"يُبَيِّنُ المُتَعَلِّمُ الَمعْنى الإِجماليَّ لِلنَّصِّ الشِّعْريِّ، وَيَحفَظُهُ.",,,,,,,,,,,,,,,,,
Grade 5,الوحدة الثالثة,3.4,النَّشيدُ: انْظُرِ النَّخْلَ,3.4.1,القراءة,قراءة النصوص الادبية/ تحليل النص,"أن يحدد المتعلم جوانب معينة في النصوص الأدبية ويفهمها،ويحلل عناصر النص وخيارات المؤلفين في اختيار الكلمت والأساليب الأدبية المناسبة لنصوصهم.",G5.2.2.1.1,"يُفَسِّرُ المُتَعَلِّمُ كَلِماتِ النَّصِّ الشِّعريِّ، مُسْتنتجًا دلالاتِ المُفرداتِ.",,,,,,,,,,,,,,,,,
Grade 5,الوحدة الثالثة,3.4,النَّشيدُ: انْظُرِ النَّخْلَ,3.4.1,القراءة,قراءة النصوص الادبية/ تحليل النص,"أن يحدد المتعلم جوانب معينة في النصوص الأدبية ويفهمها،ويحلل عناصر النص وخيارات المؤلفين في اختيار الكلمت والأساليب الأدبية المناسبة لنصوصهم.",G5.2.2.1.2,يُحَدِّدُ المُتَعَلِّمُ أَنْواعَ الإيقاعِ اللَّفْظيِّ في النُّصوصِ (الجِناسُ و السَّجْعُ والتِّكرارُ الصَّوْتيُّ).,الجِناسُ و السَّجْعُ والتِّكرارُ الصَّوْتيُّ (نمط),,,,,,,,,,,,,,,,
Grade 5,الوحدة الرابعة,4.1,قصة : أنا حر,4.1.1,القراءة,اساسيات القراءة,أن يطبق المتعلم استراتيجيات الــقــراءة الصحيحة لقراءة الكلمات والنصوص بدقة وطــلاقــة مــع فــهــم المــعــاني والدلالات.,G5.1.1.1.2,"يُحِّدُد المتعلُّم الَكلماِت الِمحَوريَّة والَجديدَة في النَّص، َويَشَرُح معانيَها، ويْكتَشف بَعَض الاْستِخداماِت الَمجازيَّة لها.",,,,,,,,,,,,,,,,,
Grade 5,الوحدة الرابعة,4.1,قصة : أنا حر,4.1.1,القراءة,اساسيات القراءة,أن يطبق المتعلم استراتيجيات الــقــراءة الصحيحة لقراءة الكلمات والنصوص بدقة وطــلاقــة مــع فــهــم المــعــاني والدلالات.,G5.1.1.1.3,"يُوّظف َمعرفَتَه بالُمصاَحباِت اللُّغويَّة الّشائِعِة في الاْستعماِل اللُّغوِّي قَديًما وَحديثًا مثل: الاْختِناُق الُمرورُّي، تكنولوجيا الَمعلوماِت،... ِجباٌل شاِهَقٌة، َحفيُف الَّشَجِر
 َصهيُل الْخيوِل.",,,,,,,,,,,,,,,,,
Grade 5,الوحدة الرابعة,4.1,قصة : أنا حر,4.1.1,القراءة,اساسيات القراءة,أن يطبق المتعلم استراتيجيات الــقــراءة الصحيحة لقراءة الكلمات والنصوص بدقة وطــلاقــة مــع فــهــم المــعــاني والدلالات.,G5.1.1.1.1,يَقرأُ الُمتَعلِّم نُصوًصا نَثريَّة وِشعريَّة بِطلاقَة مَع مراعاِة التَّعبيِر عِن الانْفعالاِت والَمشاِعِر.,,,,,,,,,,,,,,,,,
Grade 5,الوحدة الرابعة,4.1,قصة : أنا حر,4.1.1,القراءة,قراءة النصوص المعلوماتية / تَحليل نص,"أن يحلل المتعلم عناصر النص واختيار الكاتب للكلمات، ويقيم الطرائق التي تساهم فيها تراكيب الجمل في بناء النص، وأساليب عرض وجهة النظر، أو طريقة كتابة النص وطباعته.",G5.3.2.1.2,"يُحِّدُد الُمتعلُّم البِناَء الُمستْخدَم في النَّص لِتَقديِم الأَحداِثِ والِفَكِر والَمفاهيِم و الَمعلومات، مثل:
 التَّسْلُسِل الَّزَمنِّي لِلأحداث، والسبَب والنَّتيجِة ، والُمقاَرنِة.",,,,,,,,,,,,,,,,,
Grade 5,الوحدة الرابعة,4.1,قصة : أنا حر,4.1.1,الاستماع والمحادثة,الاستماع والمحادثة/استيعاب المعرفة وتقديمها,"أن يشارك المتعلم في النقاشات مع معلميه وزملائه، مكيفا كلامه وفق لمجموعة متنوعة من السياقات والمهام التواصلية مظهرا إجادته للغة العربية الفصيحة",G5.5.1.2.1,"يَتَحَّدث الُمتَعلِّم بِصْوٍت واِضٍح وأُسلوٍب مَعبِّر لِتَقديِم معلوماٍت عْن موضوٍع، أَو فِكَرٍة،ِ أَوَ مْوقِفُ مْظِهًرا فَهَمُه للَمْوضوع.",,,,,,,,,,,,,,,,,
Grade 5,الوحدة الرابعة,4.1,قصة : أنا حر,4.1.1,الاستماع والمحادثة,الاستماع والمحادثة/استيعاب المعرفة وتقديمها,"أن يشارك المتعلم في النقاشات مع معلميه وزملائه، مكيفا كلامه وفق لمجموعة متنوعة من السياقات والمهام التواصلية مظهرا إجادته للغة العربية الفصيحة",G5.5.1.2.2,يُقِّدُمَ الُمتَعلِّم شَفويًّا ملَخصا لِقصٍة قَرأَها.,,,,,,,,,,,,,,,,,
Grade 5,الوحدة الرابعة,4.2,النص المعلوماتي : تاريخ الأحذية الربط ب التاريخ,4.2.1,القراءة,قراءة النصوص الادبية/ تكامل المعرفة مع الفكر,"أن يقرأ المتعلم نصوصا شعرية وأعمالاً نثرية متنوعة ويقمها ويحللها، ويــدمــج الفكر المقدمة فيها؛ لبناء معرفة وفهم جديدين عن الفكرة المحورية، والرسائل المتضمنة في الأعمال الأدبية.",G5.2.3.1.1,يُحِّدُد الُمتَعلِّم مساَهَمَة الُّصَوِر والْكلِماِت في تَوضيِحَ مْغزى الْعَمِل الأدبي,,,,,,,,,,,,,,,,,
Grade 5,الوحدة الرابعة,4.2,النص المعلوماتي : تاريخ الأحذية الربط ب التاريخ,4.2.1,القراءة,قراءة النصوص المعلوماتية / معرفة الفكر الرئيسية والتفاصيل,"أن يقرأ المتعلم النص المعلوماتي بعمق وشمولية، ويحدد الفكرة المركزية والفكر الرئيسة، ويستنتج العلاقات ضمن النص الواحد وبين النصوص المختلفة.",G5.3.1.1.1,يْدَعم المتَعلِّم أَفكار نَص مْعلوماتٍّي مْن خلال الاْستدلال بالتَّفاصيِلَ و الأَمثِلَة والُّرسوماِت والُمَخَّططاِت الواِرَدِة في النَّص.,,,,,,,,,,,,,,,,,
Grade 5,الوحدة الرابعة,4.2,النص المعلوماتي : تاريخ الأحذية الربط ب التاريخ,4.2.1,القراءة,قراءة النصوص المعلوماتية / معرفة الفكر الرئيسية والتفاصيل,"أن يقرأ المتعلم النص المعلوماتي بعمق وشمولية، ويحدد الفكرة المركزية والفكر الرئيسة، ويستنتج العلاقات ضمن النص الواحد وبين النصوص المختلفة.",G5.3.1.1.2,"يُحِّدُد الُمتَعلِّم الْفْكَرَة الِمْحَوريَّة لِلنَّص والتَّفاصيَل الَّرئيَسَة الّداِعَمَة لَها، مبَيِّنًا مدى التَّماُسك بَينها.",,,,,,,,,,,,,,,,,
Grade 5,الوحدة الرابعة,4.2,النص المعلوماتي : تاريخ الأحذية الربط ب التاريخ,4.2.1,القراءة,قراءة النصوص المعلوماتية / تَحليل نص,"أن يحلل المتعلم عناصر النص واختيار الكاتب للكلمات، ويقيم الطرائق التي تساهم فيها تراكيب الجمل في بناء النص، وأساليب عرض وجهة النظر، أو طريقة كتابة النص وطباعته.",G5.3.2.1.1,"يُفسُر الُمتَعلِّم معاني الَكلمات والُمصَطلَحات والْعبارات الوارَدِة في نَّصَ معلوماتٍّيِ منِ خلاِلَ معرفَتِه بِعلاقاِت التَّضاِّد والتَّراُدِف والاْشتِراِك
 اللَّفظِّي مْستَخِدًما الَمعاِجَم والُّرسوماِت.",,,,,,,,,,,,,,,,,
Grade 5,الوحدة الرابعة,4.2,النص المعلوماتي : تاريخ الأحذية الربط ب التاريخ,4.2.1,الاستماع والمحادثة,الاستماع والمحادثة/استيعاب المعرفة وتقديمها,"أن يظهر المتعلم فهما لمواد مسموعة، ويتواصـل مع الآخرين مقدما المعلومات والنتائج المدعومة بالأدلة لإقناع المستمعين واستمالتهم نحو الموضوع مستخدما اللغة العربية الفصيحة.",G5.5.1.1.1,يَستوِعب الُمتَعلِّم الماَّدَة الَمسموَعَة (نَصا سْرديًا - مقالاً) مَؤِّولاً رسائِل الُمتَحِّدث الَّشَفِويَّة وغيرالَّشَفويَّة وْفَق أَهدافِه وِوْجَهِة نَظِرِه.,,,,,,,,,,,,,,,,,
Grade 5,الوحدة الرابعة,4.2,النص المعلوماتي : تاريخ الأحذية الربط ب التاريخ,4.2.1,الاستماع والمحادثة,الاستماع والمحادثة/استيعاب المعرفة وتقديمها,"أن يشارك المتعلم في النقاشات مع معلميه وزملائه، مكيفا كلامه وفق لمجموعة متنوعة من السياقات والمهام التواصلية مظهرا إجادته للغة العربية الفصيحة",G5.5.1.2.1,"يَتَحَّدث الُمتَعلِّم بصْوت واِضٍح وأُسلوٍب مَعبِّر لِتَقديِم مْعلوماٍت عْن موضوٍع، أَو فِكرٍة، أَو مْوقِف ُمْظِهًرا فَهَمُه لِلَمْوضوِع.",,,,,,,,,,,,,,,,,
Grade 5,الوحدة الرابعة,4.2,النص المعلوماتي : تاريخ الأحذية الربط ب التاريخ,4.2.1,الاستماع والمحادثة,الاستماع والمحادثة/استيعاب المعرفة وتقديمها,"أن يشارك المتعلم في النقاشات مع معلميه وزملائه، مكيفا كلامه وفق لمجموعة متنوعة من السياقات والمهام التواصلية مظهرا إجادته للغة العربية الفصيحة",G5.5.1.2.2,يُقِّدُم الُمتَعلِّم شَفويًّاُ ملَّخًصا لِقصٍة قَرأَها.,,,,,,,,,,,,,,,,,
Grade 5,الوحدة الرابعة,4.2,النص المعلوماتي : تاريخ الأحذية الربط ب التاريخ,4.2.1,اللغة (المعجم),اللغة/ اكتساب المفردات واستخدامها (المعجم),أن يفسر المفردات الجديدة من خلال سياقاتها المختلفة,G5.6.1.2.5,يستخدم المتعلم الكلمات الجديدة في سياقات تفسر معناها,,,,,,,,,,,,,,,,,
Grade 5,الوحدة الرابعة,4.2,النص المعلوماتي : تاريخ الأحذية الربط ب التاريخ,4.2.1,اللغة (المعجم),اللغة/ اكتساب المفردات واستخدامها (المعجم),أن يكتسب المتعلم مفردات من خلال احتكاكه بمواقف غنية لغويا,G5.6.1.1.1,يستخدم المتعلم الكلمات ذات المحيط اللَغوِّي الواِحِدُ مراعيًا الُفروَق بَيَن دلالاتِها.,,,,,,,,,,,,,,,,,
Grade 5,الوحدة الرابعة,4.2,النص المعلوماتي : تاريخ الأحذية الربط ب التاريخ,4.2.1,اللغة (المعجم),اللغة/ اكتساب المفردات واستخدامها (المعجم),أن يكتسب المتعلم مفردات من خلال احتكاكه بمواقف غنية لغويا,G5.6.1.1.2,يُحِّدُد الُمتَعلِّم علاقات التَّضاِّد والتَّراُدِف بَيْن الَكلماِت.,,,,,,,,,,,,,,,,,
Grade 5,الوحدة الرابعة,4.3,كاَن وأَخواتُها ( أَنواُع َخبَرها ),4.3.1,اللغة (النحو والصرف),اللغة/ بنية اللغة العربية (النحو والصرف),"أن يتعرف المتعلم المفاهيم النحوية والصرفية، ويستخدمها استخداما صحيحا.",G5.6.2.1.2,"يَتَعَّرف الْمتَعلِّم جْملَة ( كاَن َوأَخواتُها ) بِعناِصِرها، ويُوِّظُفها في جَمٍل مْن إِنْشائِه.",أحوال خبر جملة ( كان وأخواتها ),النواسخ- كان وأخواتها,,,,,,,,,,,,,,,
Grade 5,الوحدة الرابعة,4.4,الهمزة المتوسطة علي الياء,4.4.1,اللغة (الإملاء),اللغة/ بنية اللغة العربية (الاملاء),أن يكتب المتعلم الكلمات والجمل مراعيا قواعد الإملاء والترقيم.,G5.6.3.1.1,يَكْتُبُ الْمُتَعَلِّمُ الْكَلِماتِ الْمُتَضَمّنَة هَمْزَةً مُتَوَسِّطَةً منفردة او على الياء كِتابَةً صَحيحَةً.,الهمزة المتوسطة المنفردة على السطر,,,,,,,,,,,,,,,,
Grade 5,الوحدة الرابعة,4.4,الهمزة المتوسطة علي الياء,4.4.1,اللغة (الإملاء),اللغة/ بنية اللغة العربية (الاملاء),أن يكتب المتعلم الكلمات والجمل مراعيا قواعد الإملاء والترقيم.,G5.6.3.1.2,يَكْتُبُ كَلِماتٍ بَصَرِيَّةً تَحْتوي عَلى هَمْزَةٍ مُتَوَسِّطَةٍ بِواقِعِ عَشر كَلِماتٍ مِنْ كُلِّ نَوْعٍ.,الهمزة المتوسطة علي الياء,,,,,,,,,,,,,,,,
Grade 5,الوحدة الرابعة,4.3,كتابَة نَص َسْرِدي,4.3.2,الكتابة,الكتابة/ إنتاج الأعمال الكتابية ونشرها,أن ينتج المتعلم نصوصا سردية ومعلوماتية وإقناعية ووصفية وتظهر كتاباته تقيده بالسلامة اللغوية.,G5.4.2.4.1,"يَكتُب الْمتَعلِّم نُصوًصا سْرِديَّة، ويُؤسس حبْكًة َوإِطاًرا زمانِيًّا وَمكانِيًّا، وصراًعا مناسبًا لْلقصة، واصًفا الأماكَن والْمشاعر والأشخاص",كتابة نص سردي (قصصي),,,,,,,,,,,,,,,,
Grade 5,الوحدة الرابعة,4.6,النشيد: وطن النجوم,4.6.1,القراءة,اساسيات القراءة,أن يطبق المتعلم استراتيجيات الــقــراءة الصحيحة لقراءة الكلمات والنصوص بدقة وطــلاقــة مــع فــهــم المــعــاني والدلالات.,G5.1.1.1.1,يَقرأُ الُمتَعلِّم نُصوًصا نَثريَّة وِشعريَّة بِطلاقَة مَع مراعاِة التَّعبيِر عِن الانْفعالاِت والَمشاِعِر.,,,,,,,,,,,,,,,,,
Grade 5,الوحدة الرابعة,4.6,النشيد: وطن النجوم,4.6.1,القراءة,قراءة النصوص الادبية/ تكامل المعرفة مع الفكر,"أن يقرأ المتعلم نصوصا شعرية وأعمالاً نثرية متنوعة ويقمها ويحللها، ويــدمــج الفكر المقدمة فيها؛ لبناء معرفة وفهم جديدين عن الفكرة المحورية، والرسائل المتضمنة في الأعمال الأدبية.",G5.2.3.1.2,"يَحْفِظُ المُتَعَلِّمُ تِسْعَ نُصوصٍ شِعْريَّةٍ تَتَأَلَّفُ مِنْ (10-7) أَبياتٍ مَوْضوعاتُها تُناسِبُ المَرحَلَةَ مثل:الْجَمالُ، البيئَةُ، الطَّبيعَةُ، العَمَلُ، المِهَنُ، التُّراثُ، القيَمُ... وَغيرُها.",,,,,,,,,,,,,,,,,
Grade 5,الوحدة الرابعة,4.6,النشيد: وطن النجوم,4.6.1,القراءة,قراءة النصوص الأدبية/ معرفة الفكر الرئيسية والتفاصيل,"أن يحدد المتعلم الفكر الرئيسة والتفاصيل المساندة التي تسهم في توضيح الفكرة الرئيسة، أو الرسالة العامة، أو الدروس المقدمة في النصوص الأدبية",G5.2.1.1.2,"يُبَيِّنُ المُتَعَلِّمُ الَمعْنى الإِجماليَّ لِلنَّصِّ الشِّعْريِّ، وَيَحفَظُهُ.",,,,,,,,,,,,,,,,,
Grade 5,الوحدة الرابعة,4.6,النشيد: وطن النجوم,4.6.1,القراءة,قراءة النصوص الادبية/ تحليل النص,"أن يحدد المتعلم جوانب معينة في النصوص الأدبية ويفهمها،ويحلل عناصر النص وخيارات المؤلفين في اختيار الكلمت والأساليب الأدبية المناسبة لنصوصهم.",G5.2.2.1.1,"يُفَسِّرُ المُتَعَلِّمُ كَلِماتِ النَّصِّ الشِّعريِّ، مُسْتنتجًا دلالاتِ المُفرداتِ.",,,,,,,,,,,,,,,,,
Grade 5,الوحدة الرابعة,4.6,النشيد: وطن النجوم,4.6.1,القراءة,قراءة النصوص الادبية/ تحليل النص,"أن يحدد المتعلم جوانب معينة في النصوص الأدبية ويفهمها،ويحلل عناصر النص وخيارات المؤلفين في اختيار الكلمت والأساليب الأدبية المناسبة لنصوصهم.",G5.2.2.1.2,يُحَدِّدُ المُتَعَلِّمُ أَنْواعَ الإيقاعِ اللَّفْظيِّ في النُّصوصِ (الجِناسُ و السَّجْعُ والتِّكرارُ الصَّوْتيُّ).,الجِناسُ و السَّجْعُ والتِّكرارُ الصَّوْتيُّ (نمط),,,,,,,,,,,,,,,,
Grade 5,الوحدة الخامسة,5.1,قصة : الخوف يأتي من الداخل,5.1.1,القراءة,اساسيات القراءة,أن يطبق المتعلم استراتيجيات الــقــراءة الصحيحة لقراءة الكلمات والنصوص بدقة وطــلاقــة مــع فــهــم المــعــاني والدلالات.,G5.1.1.1.2,"يحددالمتعلّم الكلمات المحورية والجديدة في النص، ويرشح معانيها، ويكتشف بعض الاستخدامات المجازية لها.",,,,,,,,,,,,,,,,,
Grade 5,الوحدة الخامسة,5.1,قصة : الخوف يأتي من الداخل,5.1.1,القراءة,اساسيات القراءة,أن يطبق المتعلم استراتيجيات الــقــراءة الصحيحة لقراءة الكلمات والنصوص بدقة وطــلاقــة مــع فــهــم المــعــاني والدلالات.,G5.1.1.1.3,"يُوّظف معرفته بالمصاحبات اللغوية الشائعة في الاستعمال اللغوي قديًما وحديثًا مثل : الاختناق المروري، تكنولوجيا المعلومات،... جبال شاهقة،حفيف الشجر، صهيل الخيول.",,,,,,,,,,,,,,,,,
Grade 5,الوحدة الخامسة,5.1,قصة : الخوف يأتي من الداخل,5.1.1,القراءة,اساسيات القراءة,أن يطبق المتعلم استراتيجيات الــقــراءة الصحيحة لقراءة الكلمات والنصوص بدقة وطــلاقــة مــع فــهــم المــعــاني والدلالات.,G5.1.1.1.1,يقرأ المتعلّم نصوًصا نثرية وشعرية بطلاقة مع مراعاة التعبير عن الانفعالات والمشاعر.,,,,,,,,,,,,,,,,,
Grade 5,الوحدة الخامسة,5.1,قصة : الخوف يأتي من الداخل,5.1.1,القراءة,اساسيات القراءة,أن يطبق المتعلم استراتيجيات الــقــراءة الصحيحة لقراءة الكلمات والنصوص بدقة وطــلاقــة مــع فــهــم المــعــاني والدلالات.,G5.1.1.1.5,يقرأ المتعلّم قراءة سليمة نصوًصا معظم كلماتها تخلو من الضبط معتمًدا على السياق.,,,,,,,,,,,,,,,,,
Grade 5,الوحدة الخامسة,5.1,قصة : الخوف يأتي من الداخل,5.1.1,القراءة,قراءة النصوص المعلوماتية / تَحليل نص,"أن يحلل المتعلم عناصر النص واختيار الكاتب للكلمات، ويقيم الطرائق التي تساهم فيها تراكيب الجمل في بناء النص، وأساليب عرض وجهة النظر، أو طريقة كتابة النص وطباعته.",G5.3.2.1.2,"يحدد المتعلم البناء المستخدم في النص لتقديم الأحداث و الفكر و المفاهيم و المعلومات، مثل: (التسلسل الزمني للأحداث و السبب و النتيجة و المقارنة)",,,,,,,,,,,,,,,,,
Grade 5,الوحدة الخامسة,5.1,قصة : الخوف يأتي من الداخل,5.1.1,الاستماع والمحادثة,الاستماع والمحادثة/استيعاب المعرفة وتقديمها,"أن يشارك المتعلم في النقاشات مع معلميه وزملائه، مكيفا كلامه وفق لمجموعة متنوعة من السياقات والمهام التواصلية مظهرا إجادته للغة العربية الفصيحة",G5.5.1.2.1,"يتحدث المتعلّم بصوت واضح وأسلوب معبّر لتقديم معلومات عن موضوع، أو فكرة، أو موقف يُظهر فهمه للموضوع .",,,,,,,,,,,,,,,,,
Grade 5,الوحدة الخامسة,5.1,قصة : الخوف يأتي من الداخل,5.1.1,الاستماع والمحادثة,الاستماع والمحادثة/استيعاب المعرفة وتقديمها,"أن يشارك المتعلم في النقاشات مع معلميه وزملائه، مكيفا كلامه وفق لمجموعة متنوعة من السياقات والمهام التواصلية مظهرا إجادته للغة العربية الفصيحة",G5.5.1.2.2,يُقّدم المتعلّم شفويًّا ملخًصا لقصة قرأها.,,,,,,,,,,,,,,,,,
Grade 5,الوحدة الخامسة,5.2,النص المعلوماتي : الانتصار علي الخجل,5.2.1,القراءة,قراءة النصوص الادبية/ تكامل المعرفة مع الفكر,"أن يقرأ المتعلم نصوصا شعرية وأعمالاً نثرية متنوعة ويقمها ويحللها، ويــدمــج الفكر المقدمة فيها؛ لبناء معرفة وفهم جديدين عن الفكرة المحورية، والرسائل المتضمنة في الأعمال الأدبية.",G5.2.3.1.1,يحّدد المتعلّم مساهمة الصور والكلمات في توضيح مغزى العمل الأدبي.,,,,,,,,,,,,,,,,,
Grade 5,الوحدة الخامسة,5.2,النص المعلوماتي : الانتصار علي الخجل,5.2.1,القراءة,قراءة النصوص المعلوماتية / معرفة الفكر الرئيسية والتفاصيل,"أن يقرأ المتعلم النص المعلوماتي بعمق وشمولية، ويحدد الفكرة المركزية والفكر الرئيسة، ويستنتج العلاقات ضمن النص الواحد وبين النصوص المختلفة.",G5.3.1.1.1,يدعم المتعلم أفكار نص معلوماتي من خلال الاستدلال بالتفاصيل و الأمثلة و الرسومات و المخططات الواردة في النص.,,,,,,,,,,,,,,,,,
Grade 5,الوحدة الخامسة,5.2,النص المعلوماتي : الانتصار علي الخجل,5.2.1,القراءة,قراءة النصوص المعلوماتية / معرفة الفكر الرئيسية والتفاصيل,"أن يقرأ المتعلم النص المعلوماتي بعمق وشمولية، ويحدد الفكرة المركزية والفكر الرئيسة، ويستنتج العلاقات ضمن النص الواحد وبين النصوص المختلفة.",G5.3.1.1.2,"حدد المتعلم الفكرة المحورية للنص و التفاصيل الرئيسة الداعمة لها، مبينًا مدى التماسك بينها.",,,,,,,,,,,,,,,,,
Grade 5,الوحدة الخامسة,5.2,النص المعلوماتي : الانتصار علي الخجل,5.2.1,القراءة,قراءة النصوص المعلوماتية / تَحليل نص,"أن يحلل المتعلم عناصر النص واختيار الكاتب للكلمات، ويقيم الطرائق التي تساهم فيها تراكيب الجمل في بناء النص، وأساليب عرض وجهة النظر، أو طريقة كتابة النص وطباعته.",G5.3.2.1.1,يفسر المتعلم معاني الكلمات و المصطلحات و العبارات الواردة في نص معلوماتي من خلال معرفته بعلاقات التضاد و الترادف و الاشتراك اللفظي مستخدًما المعاجم و الرسومات.,,,,,,,,,,,,,,,,,
Grade 5,الوحدة الخامسة,5.2,النص المعلوماتي : الانتصار علي الخجل,5.2.1,القراءة,قراءة النصوص المعلوماتية / تَحليل نص,"أن يحلل المتعلم عناصر النص واختيار الكاتب للكلمات، ويقيم الطرائق التي تساهم فيها تراكيب الجمل في بناء النص، وأساليب عرض وجهة النظر، أو طريقة كتابة النص وطباعته.",G5.3.2.1.2,"يحدد المتعلم البناء المستخدم في النص لتقديم الأحداث و الفكر و المفاهيم و المعلومات، مثل: (التسلسل الزمني للأحداث و السبب و النتيجة و المقارنة).",,,,,,,,,,,,,,,,,
Grade 5,الوحدة الخامسة,5.2,النص المعلوماتي : الانتصار علي الخجل,5.2.1,الاستماع والمحادثة,الاستماع والمحادثة/استيعاب المعرفة وتقديمها,"أن يظهر المتعلم فهما لمواد مسموعة، ويتواصـل مع الآخرين مقدما المعلومات والنتائج المدعومة بالأدلة لإقناع المستمعين واستمالتهم نحو الموضوع مستخدما اللغة العربية الفصيحة.",G5.5.1.1.1,يستوعب المتعلّم المادة المسموعة (نًّصا سرديًا - مقالاً) مؤولاً رسائل المتحدث الشفوية وغير الشفوية وفق أهدافه ووجهة نظرة.,,,,,,,,,,,,,,,,,
Grade 5,الوحدة الخامسة,5.2,النص المعلوماتي : الانتصار علي الخجل,5.2.1,الاستماع والمحادثة,الاستماع والمحادثة/استيعاب المعرفة وتقديمها,"أن يشارك المتعلم في النقاشات مع معلميه وزملائه، مكيفا كلامه وفق لمجموعة متنوعة من السياقات والمهام التواصلية مظهرا إجادته للغة العربية الفصيحة",G5.5.1.2.1,"يتحدث المتعلّم بصوت واضح وأسلوب معبّر لتقديم معلومات عن موضوع، أو فكرة، أو موقف يُظهر فهمه للموضوع .",,,,,,,,,,,,,,,,,
Grade 5,الوحدة الخامسة,5.2,النص المعلوماتي : الانتصار علي الخجل,5.2.1,اللغة (المعجم),اللغة/ اكتساب المفردات واستخدامها (المعجم),أن يكتسب المتعلم مفردات من خلال احتكاكه بمواقف غنية لغويا,G5.6.1.1.1,يستخدم المتعلم الكلمات ذات المحيط اللغوي الواحد مراعيًا الفروق بين دلالاتها,,,,,,,,,,,,,,,,,
Grade 5,الوحدة الخامسة,5.2,النص المعلوماتي : الانتصار علي الخجل,5.2.1,الاستماع والمحادثة,الاستماع والمحادثة/استيعاب المعرفة وتقديمها,"أن يشارك المتعلم في النقاشات مع معلميه وزملائه، مكيفا كلامه وفق لمجموعة متنوعة من السياقات والمهام التواصلية مظهرا إجادته للغة العربية الفصيحة",G5.5.1.2.2,يُقّدم المتعلّم شفويًّا ملخًصا لقصة قرأها.,,,,,,,,,,,,,,,,,
Grade 5,الوحدة الخامسة,5.2,النص المعلوماتي : الانتصار علي الخجل,5.2.1,اللغة (المعجم),اللغة/ اكتساب المفردات واستخدامها (المعجم),أن يفسر المفردات الجديدة من خلال سياقاتها المختلفة,G5.6.1.2.5,يستخدم المتعلم الكلمات الجديدة في سياقات تفسر معناها.,,,,,,,,,,,,,,,,,
Grade 5,الوحدة الخامسة,5.2,النص المعلوماتي : الانتصار علي الخجل,5.2.1,اللغة (المعجم),اللغة/ اكتساب المفردات واستخدامها (المعجم),أن يكتسب المتعلم مفردات من خلال احتكاكه بمواقف غنية لغويا,G5.6.1.1.2,يحدد المتعلم علاقات التضاد و الترادف بين الكلمات,,,,,,,,,,,,,,,,,
Grade 5,الوحدة الخامسة,5.3,احوال خبر جملة كان واخواتها,5.3.1,اللغة (النحو والصرف),اللغة/ بنية اللغة العربية (النحو والصرف),"أن يتعرف المتعلم المفاهيم النحوية والصرفية، ويستخدمها استخداما صحيحا.",G5.6.2.1.2,يتعرف المتعلم جملة (كان ) و جملة ( إن ) بعناصرهما و يوظفهما في جمل من إنشائه,أحوال خبر جملة ( كان وأخواتها ),النواسخ- كان وأخواتها,,,,,,,,,,,,,,,
Grade 5,الوحدة الخامسة,5.4,الهمزة المتوسطة علي الياء,5.4.1,اللغة (الإملاء),اللغة/ بنية اللغة العربية (الاملاء),أن يكتب المتعلم الكلمات والجمل مراعيا قواعد الإملاء والترقيم.,G5.6.3.1.1,يَكْتُبُ الْمُتَعَلِّمُ الْكَلِماتِ الْمُتَضَمّنَة هَمْزَةً مُتَوَسِّطَةً عَلى الياء كِتابَةً صَحيحَةً.,,,,,,,,,,,,,,,,,
Grade 5,الوحدة الخامسة,5.5,كتابة نص إقناعي,5.5.1,الكتابة,الكتابة/ البحث عن المعلومات,أن يبحث المتعلم عن المعلومات ويطبقها في موضوعات كتابية تستند إلى أغراض محددة تظهر فهمه بالمادة التي يبحث عنها وتتناسب مع غرض الكتابة وطبيعتها,G5.4.1.1.1,"يبحث المتعلّم عن معلومات من عدة مصادر: المقابلات، الشبكة المعلوماتية والمعاجم والموسوعات، ويوثق المعلومات الأساسية.",,,,,,,,,,,,,,,,,
Grade 5,الوحدة الخامسة,5.5,كتابة نص إقناعي,5.5.1,الكتابة,الكتابة/ انتاج الاعمال الكتابية ونشرها,أن ينتج المتعلم أعمالا كتابية واضحة ومتنوعة تظهر توجه نحو التنظيم والترتيب متلائمة مع المهمة والغاية.,G5.4.2.1.1,يختار المتعلّم نقطة للكتابة وبنية تنظيمية ووجهة نظر محددة معتمًدا على الغرض والمتلقي وطول النص.,,,,,,,,,,,,,,,,,
Grade 5,الوحدة الخامسة,5.5,كتابة نص إقناعي,5.5.1,الكتابة,الكتابة/ انتاج الاعمال الكتابية ونشرها,أن ينتج المتعلم أعمالا كتابية واضحة ومتنوعة تظهر توجه نحو التنظيم والترتيب متلائمة مع المهمة والغاية.,G5.4.2.1.2,"يكتب نصوًصا بفقرات متعددة يؤسس فيها فكرة مركزية وأفكاًرا مهمة، ويضعها في سياق منطقي، مستخدًما أدوات الربط، ويختم النص بفقرة ختامية.",كتابة نص إقناعي من فقرات متعددة,,,,,,,,,,,,,,,,
Grade 5,الوحدة الخامسة,5.5,كتابة نص إقناعي,5.5.1,اللغة (الإملاء),اللغة/ بنية اللغة العربية (الاملاء),أن يكتب المتعلم الكلمات والجمل مراعيا قواعد الإملاء والترقيم.,G5.6.3.1.3,"يَسْتَخدِمُ المُتَعَلّمُ عَلاماتِ الترَّقْيمِ (عَلامَةُ الاسْتِفهامِ، النُّقْطَةُ، عَلامَةُ التَّعَجُّبِ، الفاصِلَةُ، النُّقطتانِ الرَّأْسيَّتانِ، القَوسانِ، عَلامَتا التَّنْصيصِ) اسْتِخدامًا صَحيحًا","عَلاماتِ الترَّقْيمِ (عَلامَةُ الاسْتِفهامِ، النُّقْطَةُ، عَلامَةُ التَّعَجُّبِ، الفاصِلَةُ، النُّقطتانِ الرَّأْسيَّتانِ، القَوسانِ، عَلامَتا التَّنْصيصِ)",,,,,,,,,,,,,,,,
Grade 5,الوحدة الخامسة,5.5,كتابة نص إقناعي,5.5.1,الكتابة,الكتابة/ إنتاج الأعمال الكتابية ونشرها,أن ينتج المتعلم أعمالا كتابية واضحة ومتنوعة تظهر توجه نحو التنظيم والترتيب متلائمة مع المهمة والغاية.,G5.4.2.1.3,"يستخدم المتعلّم بنى واضحة ومختارة للكتابة بحسب الموضوع والغرض والسبب والنتيجة والمقارنة والمقابلة. مستخدًما أدوات الربط وعلامات الترقيم، ونظام التفقير.",,,,,,,,,,,,,,,,,
Grade 5,الوحدة الخامسة,5.5,كتابة نص إقناعي,5.5.1,الكتابة,الكتابة/ إنتاج الأعمال الكتابية ونشرها,أن ينتج المتعلم أعمالا كتابية واضحة ومتنوعة تظهر توجه نحو التنظيم والترتيب متلائمة مع المهمة والغاية.,G5.4.2.1.4,يراجع المتعلّم مسودات متعددة لما يكتب ويعيد تحريرها بخط واضح ومرتب مستخدًما مقياًسا للكتابة.,,,,,,,,,,,,,,,,,
Grade 5,الوحدة الخامسة,5.5,كتابة نص إقناعي,5.5.1,الكتابة,الكتابة/ إنتاج الأعمال الكتابية ونشرها,"أن يــسـتخـدم المتعلم التكنولوجيا، بما فيها (الإنترنت)، وغيرها من المصادر؛ لينتج وينشر عملا كتابيا متفاعلاً مع الآخرين",G5.4.2.3.2,"يوظف الحاسوب و الشبكة المعلوماتية عند تحرير كتاباته و مراجعتها، لتجويد العمل.",,,,,,,,,,,,,,,,,
Grade 5,الوحدة الخامسة,5.5,كتابة نص إقناعي,5.5.1,الكتابة,الكتابة/ إنتاج الأعمال الكتابية ونشرها,"أن يــسـتخـدم المتعلم التكنولوجيا، بما فيها (الإنترنت)، وغيرها من المصادر؛ لينتج وينشر عملا كتابيا متفاعلاً مع الآخرين",G5.4.2.3.3,ينشر ما يكتبه عبر الوسائط المتاحة.,,,,,,,,,,,,,,,,,
Grade 5,الوحدة الخامسة,5.6,النشيد: القمر,5.6.1,القراءة,اساسيات القراءة,أن يطبق المتعلم استراتيجيات الــقــراءة الصحيحة لقراءة الكلمات والنصوص بدقة وطــلاقــة مــع فــهــم المــعــاني والدلالات.,G5.1.1.1.1,يقرأ المتعلّم نصوًصا نثرية وشعرية بطلاقة مع مراعاة التعبير عن الانفعالات والمشاعر.,,,,,,,,,,,,,,,,,
Grade 5,الوحدة الخامسة,5.6,النشيد: القمر,5.6.1,القراءة,قراءة النصوص الأدبية/تكامل المعرفة مع الفكر,"أن يقرأ المتعلم نصوصا شعرية وأعمالاً نثرية متنوعة ويقمها ويحللها، ويــدمــج الفكر المقدمة فيها؛ لبناء معرفة وفهم جديدين عن الفكرة المحورية، والرسائل المتضمنة في الأعمال الأدبية.",G5.3.2.1.2,"يحفظ المتعلّم (9) نصوص شعرية تتألف من (10-7) أبيات موضوعاتها تناسب المرحلة مثل: الجمال، البيئة، الطبيعة، العمل، المهن، التراث، القيم... وغيرها.",,,,,,,,,,,,,,,,,
Grade 5,الوحدة الخامسة,5.6,النشيد: القمر,5.6.1,القراءة,قراءة النصوص الأدبية/ معرفة الفكر الرئيسية والتفاصيل,"أن يحدد المتعلم الفكر الرئيسة والتفاصيل المساندة التي تسهم في توضيح الفكرة الرئيسة، أو الرسالة العامة، أو الدروس المقدمة في النصوص الأدبية",G5.2.1.1.2,"يبين المتعلم المعنى الإجمالي للنص الشعري ، ويحفظه.",,,,,,,,,,,,,,,,,
Grade 5,الوحدة الخامسة,5.6,النشيد: القمر,5.6.1,القراءة,قراءة النصوص الادبية/ تحليل النص,"أن يحدد المتعلم جوانب معينة في النصوص الأدبية ويفهمها،ويحلل عناصر النص وخيارات المؤلفين في اختيار الكلمت والأساليب الأدبية المناسبة لنصوصهم.",G5.2.2.1.1,"يفسر المتعلم كلمات النص الشعري، مستنتًجا دلالات المفردات.",,,,,,,,,,,,,,,,,
Grade 5,الوحدة الخامسة,5.6,النشيد: القمر,5.6.1,القراءة,قراءة النصوص الادبية/ تحليل النص,"أن يحدد المتعلم جوانب معينة في النصوص الأدبية ويفهمها،ويحلل عناصر النص وخيارات المؤلفين في اختيار الكلمت والأساليب الأدبية المناسبة لنصوصهم.",G5.2.2.1.2,يحدد المتعلم أنواع الإيقاع اللفظي في النصوص (الجناس و السجع و التكرار الصوتي),الجِناسُ و السَّجْعُ والتِّكرارُ الصَّوْتيُّ (نمط),,,,,,,,,,,,,,,,
Grade 5,الوحدة السادسة,6.1,قصة: صوت المحبة,6.1.1,القراءة,أساسيات القراءة,أن يطبق المتعلم استراتيجيات الــقــراءة الصحيحة لقراءة الكلمات والنصوص بدقة وطــلاقــة مــع فــهــم المــعــاني والدلالات.,G5.1.1.1.2,"يحدد المتعلم الكلمات المحورية والجديدة في النص، و يشرح معانيها، ويكتشف بعض الاستخدامات المجازية لها",,,,,,,,,,,,,,,,,
Grade 5,الوحدة السادسة,6.1,قصة: صوت المحبة,6.1.1,القراءة,أساسيات القراءة,أن يطبق المتعلم استراتيجيات الــقــراءة الصحيحة لقراءة الكلمات والنصوص بدقة وطــلاقــة مــع فــهــم المــعــاني والدلالات.,G5.1.1.1.3,"يُوّظف معرفته بالمصاحبات اللغوية الشائعة في الاستعمال اللغوي قديًما وحديثًا مثل : الاختناق المروري، تكنولوجيا المعلومات،... جبال شاهقة،حفيف الشجر، صهيل الخيول.",,,,,,,,,,,,,,,,,
Grade 5,الوحدة السادسة,6.1,قصة: صوت المحبة,6.1.1,القراءة,أساسيات القراءة,أن يطبق المتعلم استراتيجيات الــقــراءة الصحيحة لقراءة الكلمات والنصوص بدقة وطــلاقــة مــع فــهــم المــعــاني والدلالات.,G5.1.1.1.1,يقرأ المتعلّم نصوًصا نثرية وشعرية بطلاقة مع مراعاة التعبير عن الانفعالات والمشاعر.,,,,,,,,,,,,,,,,,
Grade 5,الوحدة السادسة,6.1,قصة: صوت المحبة,6.1.1,الاستماع والمحادثة,الاستماع والمحادثة/استيعاب المعرفة وتقديمها,"أن يشارك المتعلم في النقاشات مع معلميه وزملائه، مكيفا كلامه وفق لمجموعة متنوعة من السياقات والمهام التواصلية مظهرا إجادته للغة العربية الفصيحة",G5.5.1.2.1,يتحدث المتعلم بصوت واضح وأسلوب معبر لتقديم معلومات عن موضوع أو فكرة أو موقف مظهرا فهمه للموضوع,,,,,,,,,,,,,,,,,
Grade 5,الوحدة السادسة,6.1,قصة: صوت المحبة,6.1.1,الاستماع والمحادثة,الاستماع والمحادثة/استيعاب المعرفة وتقديمها,"أن يشارك المتعلم في النقاشات مع معلميه وزملائه، مكيفا كلامه وفق لمجموعة متنوعة من السياقات والمهام التواصلية مظهرا إجادته للغة العربية الفصيحة",G5.5.1.2.2,يقدم المتعلم شفويا ملخصا لقصة قرأها,,,,,,,,,,,,,,,,,
Grade 5,الوحدة السادسة,6.1,قصة: صوت المحبة,6.1.1,القراءة,قراءة النصوص المعلوماتية / تَحليل نص,"أن يحلل المتعلم عناصر النص واختيار الكاتب للكلمات، ويقيم الطرائق التي تساهم فيها تراكيب الجمل في بناء النص، وأساليب عرض وجهة النظر، أو طريقة كتابة النص وطباعته.",G5.3.2.1.2,"يحدد المتعلم البناء المستخدم في النص القديم، الأحداث والفكر و المفاهيم و المعلومات، مثل: التسلسل الزمني للأحداث، والسبب والنتيجة، والمقارنة.",,,,,,,,,,,,,,,,,
Grade 5,الوحدة السادسة,6.2,النص المعلوماتي: التوازن البيئي الطبيعي,6.2.1,القراءة,أساسيات القراءة,أن يطبق المتعلم استراتيجيات الــقــراءة الصحيحة لقراءة الكلمات والنصوص بدقة وطــلاقــة مــع فــهــم المــعــاني والدلالات.,G5.1.1.1.1,يقرأ المتعلم نصوصا نثرية و شعرية بطلاقة مع مراعاة التعبير في الانفعالات والمشاعر,,,,,,,,,,,,,,,,,
Grade 5,الوحدة السادسة,6.2,النص المعلوماتي: التوازن البيئي الطبيعي,6.2.1,القراءة,قراءة النصوص الادبية/ تكامل المعرفة مع الفكر,"أن يقرأ المتعلم نصوصا شعرية وأعمالاً نثرية متنوعة ويقمها ويحللها، ويــدمــج الفكر المقدمة فيها؛ لبناء معرفة وفهم جديدين عن الفكرة المحورية، والرسائل المتضمنة في الأعمال الأدبية.",G5.2.3.1.1,يحدد المتعلم مساهمة الصور والكلمات في توضيح مغزى العمل الأدبي,,,,,,,,,,,,,,,,,
Grade 5,الوحدة السادسة,6.2,النص المعلوماتي: التوازن البيئي الطبيعي,6.2.1,القراءة,قراءة النصوص المعلوماتية / معرفة الفكر الرئيسية والتفاصيل,"أن يقرأ المتعلم النص المعلوماتي بعمق وشمولية، ويحدد الفكرة المركزية والفكر الرئيسة، ويستنتج العلاقات ضمن النص الواحد وبين النصوص المختلفة.",G5.3.1.1.1,يدعم المتعلم أفكار نص معلوماتي من خلال الاستدلال بالتفاصيل والأمثلة و الرسومات والمخططات الواردة في النص,,,,,,,,,,,,,,,,,
Grade 5,الوحدة السادسة,6.2,النص المعلوماتي: التوازن البيئي الطبيعي,6.2.1,القراءة,قراءة النصوص المعلوماتية / معرفة الفكر الرئيسية والتفاصيل,"أن يقرأ المتعلم النص المعلوماتي بعمق وشمولية، ويحدد الفكرة المركزية والفكر الرئيسة، ويستنتج العلاقات ضمن النص الواحد وبين النصوص المختلفة.",G5.3.1.1.2,"يحدد المتعلم الفكرة المحورية في للنص والتفاصيل الرئيسية الداعمة لها، مبينا مدى التماسك بينهما",,,,,,,,,,,,,,,,,
Grade 5,الوحدة السادسة,6.2,النص المعلوماتي: التوازن البيئي الطبيعي,6.2.1,القراءة,قراءة النصوص المعلوماتية / تَحليل نص,"أن يحلل المتعلم عناصر النص واختيار الكاتب للكلمات، ويقيم الطرائق التي تساهم فيها تراكيب الجمل في بناء النص، وأساليب عرض وجهة النظر، أو طريقة كتابة النص وطباعته.",G5.3.2.1.1,يفسر المتعلم معاني الكلمات والمصطلحات والعبارات الواردة في نص معلوماتي من خلال معرفته بعلاقات التضاد والترادف والاشتراك اللفظي مستخدما المعاجم والرسومات ,,,,,,,,,,,,,,,,,
Grade 5,الوحدة السادسة,6.2,النص المعلوماتي: التوازن البيئي الطبيعي,6.2.1,الاستماع والمحادثة,الاستماع والمحادثة/استيعاب المعرفة وتقديمها,"أن يظهر المتعلم فهما لمواد مسموعة، ويتواصـل مع الآخرين مقدما المعلومات والنتائج المدعومة بالأدلة لإقناع المستمعين واستمالتهم نحو الموضوع مستخدما اللغة العربية الفصيحة.",G5.5.1.1.1,يستوعب المتعلم المادة المسموعة (نصا سرديا - مقالا) مؤولا رسائل المتحدث الشفوية و غير الشفوية وفق أهدافه و وجهة نظره,,,,,,,,,,,,,,,,,
Grade 5,الوحدة السادسة,6.2,النص المعلوماتي: التوازن البيئي الطبيعي,6.2.1,الاستماع والمحادثة,الاستماع والمحادثة/استيعاب المعرفة وتقديمها,"أن يشارك المتعلم في النقاشات مع معلميه وزملائه، مكيفا كلامه وفق لمجموعة متنوعة من السياقات والمهام التواصلية مظهرا إجادته للغة العربية الفصيحة",G5.5.1.2.1,يتحدث المتعلم بصوت واضح وأسلوب معبر لتقديم معلومات عن موضوع أو فكرة أو موقف مظهرا فهمه للموضوع,,,,,,,,,,,,,,,,,
Grade 5,الوحدة السادسة,6.2,النص المعلوماتي: التوازن البيئي الطبيعي,6.2.1,الاستماع والمحادثة,الاستماع والمحادثة/استيعاب المعرفة وتقديمها,"أن يشارك المتعلم في النقاشات مع معلميه وزملائه، مكيفا كلامه وفق لمجموعة متنوعة من السياقات والمهام التواصلية مظهرا إجادته للغة العربية الفصيحة",G5.5.1.2.2,يقدم المتعلم شفويا ملخصا لقصة قرأها,,,,,,,,,,,,,,,,,
Grade 5,الوحدة السادسة,6.2,النص المعلوماتي: التوازن البيئي الطبيعي,6.2.1,اللغة (المعجم),اللغة/ اكتساب المفردات واستخدامها (المعجم),أن يفسر المفردات الجديدة من خلال سياقاتها المختلفة,G5.6.1.2.5,يستخدم المتعلم الكلمات الجديدة في سياقات تفسر معناها ,,,,,,,,,,,,,,,,,
Grade 5,الوحدة السادسة,6.2,النص المعلوماتي: التوازن البيئي الطبيعي,6.2.1,اللغة (المعجم),اللغة/ اكتساب المفردات واستخدامها (المعجم),أن يكتسب المتعلم مفردات من خلال احتكاكه بمواقف غنية لغويا,G5.6.1.1.1,يستخدم المتعلم الكلمات ذات المحيط اللغوي الواحد مراعيا الفروق بين دلالاتها,,,,,,,,,,,,,,,,,
Grade 5,الوحدة السادسة,6.2,النص المعلوماتي: التوازن البيئي الطبيعي,6.2.1,اللغة (المعجم),اللغة/ اكتساب المفردات واستخدامها (المعجم),أن يكتسب المتعلم مفردات من خلال احتكاكه بمواقف غنية لغويا,G5.6.1.1.2,يحدد المتعلم علاقات التضاد والترادف بين الكلمات,,,,,,,,,,,,,,,,,
Grade 5,الوحدة السادسة,6.3,النحو: إن وأخواتها (أنواع خبرها),6.3.1,اللغة (النحو والصرف),اللغة/ بنية اللغة العربية (النحو والصرف),"أن يتعرف المتعلم المفاهيم النحوية والصرفية، ويستخدمها استخداما صحيحا.",G5.6.2.1.2,"يتعرف المتعلم (جملة كان) و ( جملة إن) بعناصرهما، و يوظفهما في جمل من إنشائه ",أحوال خبر جملة ( إنّ وأخواتها ),النواسخ- إنّ وأخواتها,,,,,,,,,,,,,,,
Grade 5,الوحدة السادسة,6.4,الإملاء: الهمزة المتوسطة المنفردة على السطر,6.4.1,اللغة (الإملاء),اللغة/ بنية اللغة العربية (الاملاء),أن يكتب المتعلم الكلمات والجمل مراعيا قواعد الإملاء والترقيم.,G5.6.3.1.1,يكتب الكلمات المتضمنة همزة متوسطة منفردة على السطر كتابة صحيحة.,الهمزة المتوسطة المنفردة على السطر ,,,,,,,,,,,,,,,,
Grade 5,الوحدة السادسة,6.4,الإملاء: الهمزة المتوسطة المنفردة على السطر,6.4.1,اللغة (الإملاء),اللغة/ بنية اللغة العربية (الاملاء),أن يكتب المتعلم الكلمات والجمل مراعيا قواعد الإملاء والترقيم.,G5.6.3.1.2,يكتب كلمات بصرية تحتوي على همزة متوسطة منفردة بواقع عشر كلمات.,,,,,,,,,,,,,,,,,
Grade 5,الوحدة السادسة,6.5,الكتابة: كتابة نص إقناعي,6.5.1,الكتابة,الكتابة/البحث عن معلومات,أن يبحث المتعلم عن المعلومات ويطبقها في موضوعات كتابية تستند إلى أغراض محددة تظهر فهمه بالمادة التي يبحث عنها وتتناسب مع غرض الكتابة وطبيعتها,G5.4.1.1.1,"يبحث المتعلم عن معلومات من عدة مصادر: المقابلات، الشبكة المعلوماتية والمعاجم و الموسوعات، و يوثق المعلومات الاساسية",,,,,,,,,,,,,,,,,
Grade 5,الوحدة السادسة,6.5,الكتابة: كتابة نص إقناعي,6.5.1,الكتابة,الكتابة/ إنتاج الأعمال الكتابية ونشرها,أن ينتج المتعلم أعمالا كتابية واضحة ومتنوعة تظهر توجه نحو التنظيم والترتيب متلائمة مع المهمة والغاية.,G5.4.2.1.1,يختار المتعلم نقطة للكتابة و بنية تنظيمية و وجهة نظر محددة معتمدا على الغرض والمتلقي و طول النص,,,,,,,,,,,,,,,,,
Grade 5,الوحدة السادسة,6.5,الكتابة: كتابة نص إقناعي,6.5.1,الكتابة,الكتابة/ إنتاج الأعمال الكتابية ونشرها,أن ينتج المتعلم أعمالا كتابية واضحة ومتنوعة تظهر توجه نحو التنظيم والترتيب متلائمة مع المهمة والغاية.,G5.4.2.1.2,"يكتب نصوصا بفقرات متعددة يؤسس فيها فكرة مركزية وأفكارا مهمة و يضعها في سياق منطقي ، مستخدما أدوات الربط  ويختم النص بفقرة ختامية.",كتابة نص إقناعي من فقرات متعددة,,,,,,,,,,,,,,,,
Grade 6,الوحدة السادسة,6.5,الكتابة: كتابة نص إقناعي,6.5.1,الكتابة,الكتابة/ إنتاج الأعمال الكتابية ونشرها,أن ينتج المتعلم أعمالا كتابية واضحة ومتنوعة تظهر توجه نحو التنظيم والترتيب متلائمة مع المهمة والغاية.,G5.4.2.1.3,يستخدم بنى واضحة ومختارة للكتابة بحسب الموضوع والغرض والسبب والنتيجة والمقارنة والمقابلة مستخدما أدوات الربط وعلامات الترقيم ونظام التفقير.,"عَلاماتِ الترَّقْيمِ (عَلامَةُ الاسْتِفهامِ، النُّقْطَةُ، عَلامَةُ التَّعَجُّبِ، الفاصِلَةُ، النُّقطتانِ الرَّأْسيَّتانِ، القَوسانِ، عَلامَتا التَّنْصيصِ)",,,,,,,,,,,,,,,,
Grade 5,الوحدة السادسة,6.5,الكتابة: كتابة نص إقناعي,6.5.1,الكتابة,الكتابة/ إنتاج الأعمال الكتابية ونشرها,أن ينتج المتعلم أعمالا كتابية واضحة ومتنوعة تظهر توجه نحو التنظيم والترتيب متلائمة مع المهمة والغاية.,G5.4.2.1.4,"يراجع المتعلم مسودات متعددة لما يكتب، و يعيد تحريرها بخط واضح و مرتب مستخدما مقياسا للكتابة",,,,,,,,,,,,,,,,,
Grade 5,الوحدة السادسة,6.5,الكتابة: كتابة نص إقناعي,6.5.1,الكتابة,الكتابة/ إنتاج الأعمال الكتابية ونشرها,أن ينتج المتعلم نصوصا سردية ومعلوماتية وإقناعية ووصفية وتظهر كتاباته تقيده بالسلامة اللغوية.,G5.4.2.4.4,"يكتب نصوصا اقناعية تظهر وجهة نظره في قضية أو موضوع ما مدعومة بالأدلة و الشواهد من مصادر مختلفة: الكتب، الخبرة، الشخصية، تجارب الآخرين",,,,,,,,,,,,,,,,,
Grade 5,الوحدة السادسة,6.5,الكتابة: كتابة نص إقناعي,6.5.1,الكتابة,الكتابة/ إنتاج الأعمال الكتابية ونشرها,"أن يــسـتخـدم المتعلم التكنولوجيا، بما فيها (الإنترنت)، وغيرها من المصادر؛ لينتج وينشر عملا كتابيا متفاعلاً مع الآخرين",G5.4.2.5.1,"يستخدم بإستقلالية واضحة التكنولوجيا المتاحة، كالبحث عن الصور و الجداول، و برامج (بوربوينت)",,,,,,,,,,,,,,,,,
Grade 5,الوحدة السادسة,6.5,الكتابة: كتابة نص إقناعي,6.5.1,الكتابة,الكتابة/ إنتاج الأعمال الكتابية ونشرها,"أن يــسـتخـدم المتعلم التكنولوجيا، بما فيها (الإنترنت)، وغيرها من المصادر؛ لينتج وينشر عملا كتابيا متفاعلاً مع الآخرين",G5.4.2.5.2,يوظف الحاسوب والشبكة المعلوماتية عند تحرير كتابته و مراجعتها لتجويد العمل,,,,,,,,,,,,,,,,,
Grade 5,الوحدة السادسة,6.5,الكتابة: كتابة نص إقناعي,6.5.1,الكتابة,الكتابة/ إنتاج الأعمال الكتابية ونشرها,"أن يــسـتخـدم المتعلم التكنولوجيا، بما فيها (الإنترنت)، وغيرها من المصادر؛ لينتج وينشر عملا كتابيا متفاعلاً مع الآخرين",G5.4.2.5.3,ينشر ما يكتبه عن الوسائط المتاحة,,,,,,,,,,,,,,,,,
Grade 5,الوحدة السادسة,6.6,النشيد: كن بلسما,6.4.1,القراءة,أساسيات القراءة,أن يطبق المتعلم استراتيجيات الــقــراءة الصحيحة لقراءة الكلمات والنصوص بدقة وطــلاقــة مــع فــهــم المــعــاني والدلالات.,G5.1.1.1.1,يقرأ المتعلم نصوصا نثرية و شعرية بطلاقة مع مراعاة التعبير في الانفعالات والمشاعر,,,,,,,,,,,,,,,,,
Grade 5,الوحدة السادسة,6.6,النشيد: كن بلسما,6.4.1,القراءة,قراءة النصوص الأدبية/تكامل المعرفة مع الفكر,"أن يقرأ المتعلم نصوصا شعرية وأعمالاً نثرية متنوعة ويقمها ويحللها، ويــدمــج الفكر المقدمة فيها؛ لبناء معرفة وفهم جديدين عن الفكرة المحورية، والرسائل المتضمنة في الأعمال الأدبية.",G5.2.3.1.2,"يحفظ المتعلم تسع نصوص شعرية تتألف من (7-10) أبيات موضوعاتها تناسب المرحلة مثل: الجمال، البيئة، الطبيعة، العمل، المهن، التراث، القيم .. وغيرها",,,,,,,,,,,,,,,,,
Grade 5,الوحدة السادسة,6.6,النشيد: كن بلسما,6.4.1,القراءة,قراءة النصوص الأدبية/ معرفة الفكر الرئيسية والتفاصيل,"أن يحدد المتعلم الفكر الرئيسة والتفاصيل المساندة التي تسهم في توضيح الفكرة الرئيسة، أو الرسالة العامة، أو الدروس المقدمة في النصوص الأدبية",G5.2.1.1.2,يبين المتعلم المعنى الاجمالي للنص الشعري,,,,,,,,,,,,,,,,,
Grade 5,الوحدة السادسة,6.6,النشيد: كن بلسما,6.4.1,القراءة,قراءة النصوص الادبية/ تحليل النص,"أن يحدد المتعلم جوانب معينة في النصوص الأدبية ويفهمها،ويحلل عناصر النص وخيارات المؤلفين في اختيار الكلمت والأساليب الأدبية المناسبة لنصوصهم.",G5.2.2.1.1,يفسر المتعلم كلمات النص الشعري مستنتجا دلالات المفردات,,,,,,,,,,,,,,,,,
Grade 5,الوحدة السادسة,6.6,النشيد: كن بلسما,6.4.1,القراءة,قراءة النصوص الادبية/ تحليل النص,"أن يحدد المتعلم جوانب معينة في النصوص الأدبية ويفهمها،ويحلل عناصر النص وخيارات المؤلفين في اختيار الكلمت والأساليب الأدبية المناسبة لنصوصهم.",G5.2.2.1.2,يحدد المتعلم أنواع الايقاع اللفظي في النصوص (الجناس والسجع والتكرار الصوتي),الجِناسُ و السَّجْعُ والتِّكرارُ الصَّوْتيُّ (نمط),,,,,,,,,,,,,,,,
Grade 5,الوحدة السابعة,7.1,قصة: تواق في مهب الريح,7.1.1,القراءة,أساسيات القراءة,أن يطبق المتعلم استراتيجيات الــقــراءة الصحيحة لقراءة الكلمات والنصوص بدقة وطــلاقــة مــع فــهــم المــعــاني والدلالات.,G5.1.1.1.2,يحدد المتعلم الكلمات المحورية والجديدة في النص و يشرح معانيها ويكتشف بعض الإستخدامات المجازية لها,,,,,,,,,,,,,,,,,
Grade 5,الوحدة السابعة,7.1,قصة: تواق في مهب الريح,7.1.1,القراءة,أساسيات القراءة,أن يطبق المتعلم استراتيجيات الــقــراءة الصحيحة لقراءة الكلمات والنصوص بدقة وطــلاقــة مــع فــهــم المــعــاني والدلالات.,G5.1.1.1.3,"يُوّظف معرفته بالمصاحبات اللغوية الشائعة في الاستعمال اللغوي قديًما وحديثًا مثل : الاختناق المروري، تكنولوجيا المعلومات،... جبال شاهقة،حفيف الشجر، صهيل الخيول.",,,,,,,,,,,,,,,,,
Grade 5,الوحدة السابعة,7.1,قصة: تواق في مهب الريح,7.1.1,القراءة,أساسيات القراءة,أن يطبق المتعلم استراتيجيات الــقــراءة الصحيحة لقراءة الكلمات والنصوص بدقة وطــلاقــة مــع فــهــم المــعــاني والدلالات.,G5.1.1.1.1,يقرأ المتعلم نصوصاً نثرية و شعرية بطلاقة مع مراعاة التعبير عن الإنفعالات والمشاعر,,,,,,,,,,,,,,,,,
Grade 5,الوحدة السابعة,7.1,قصة: تواق في مهب الريح,7.1.1,القراءة,قراءة النصوص المعلوماتية / تَحليل نص,"أن يحلل المتعلم عناصر النص واختيار الكاتب للكلمات، ويقيم الطرائق التي تساهم فيها تراكيب الجمل في بناء النص، وأساليب عرض وجهة النظر، أو طريقة كتابة النص وطباعته.",G5.3.2.1.2,"يحدد المتعلم البناء المستخدم في النص لتقديم الاحداث والفكر والمفاهيم والمعلومات، مثل: التسلسل الزمني للأحداث، والسبب والنتيجة والمقارنة",,,,,,,,,,,,,,,,,
Grade 5,الوحدة السابعة,7.1,قصة: تواق في مهب الريح,7.1.1,الاستماع والمحادثة,الاستماع والمحادثة/استيعاب المعرفة وتقديمها,"أن يشارك المتعلم في النقاشات مع معلميه وزملائه، مكيفا كلامه وفق لمجموعة متنوعة من السياقات والمهام التواصلية مظهرا إجادته للغة العربية الفصيحة",G5.5.1.2.1,يتحدث المتعلم بصوت واضح وأسلوب معبر لتقديم معلومات عن موضوع أو فكرة أو موقف مظهراً فهمه للموضوع,,,,,,,,,,,,,,,,,
Grade 5,الوحدة السابعة,7.1,قصة: تواق في مهب الريح,7.1.1,الاستماع والمحادثة,الاستماع والمحادثة/استيعاب المعرفة وتقديمها,"أن يشارك المتعلم في النقاشات مع معلميه وزملائه، مكيفا كلامه وفق لمجموعة متنوعة من السياقات والمهام التواصلية مظهرا إجادته للغة العربية الفصيحة",G5.5.1.2.2,يقدم المتعلم شفوياً ملخصاً لقصة قرأها,,,,,,,,,,,,,,,,,
Grade 5,الوحدة السابعة,7.2,النص المعلوماتي: الألماس أغلى الأحجار ثمنا,7.2.1,القراءة,أساسيات القراءة,أن يطبق المتعلم استراتيجيات الــقــراءة الصحيحة لقراءة الكلمات والنصوص بدقة وطــلاقــة مــع فــهــم المــعــاني والدلالات.,G5.1.1.1.1,يقرأ المتعلم نصوصاً نثرية و شعرية بطلاقة مع مراعاة التعبير عن الإنفعالات والمشاعر,,,,,,,,,,,,,,,,,
Grade 5,الوحدة السابعة,7.2,النص المعلوماتي: الألماس أغلى الأحجار ثمنا,7.2.1,القراءة,قراءة النصوص الأدبية/تكامل المعرفة مع الفكر,"أن يقرأ المتعلم نصوصا شعرية وأعمالاً نثرية متنوعة ويقمها ويحللها، ويــدمــج الفكر المقدمة فيها؛ لبناء معرفة وفهم جديدين عن الفكرة المحورية، والرسائل المتضمنة في الأعمال الأدبية.",G5.2.3.1.1,يحدد المتعلم مساهمة الصور والكلمات في توضيح مغزى العمل الأدبي,,,,,,,,,,,,,,,,,
Grade 5,الوحدة السابعة,7.2,النص المعلوماتي: الألماس أغلى الأحجار ثمنا,7.2.1,القراءة,قراءة النصوص المعلوماتية / معرفة الفكر الرئيسية والتفاصيل,"أن يقرأ المتعلم النص المعلوماتي بعمق وشمولية، ويحدد الفكرة المركزية والفكر الرئيسة، ويستنتج العلاقات ضمن النص الواحد وبين النصوص المختلفة.",G5.3.1.1.1,يدعم المتعلم أفكار نص معلوماتي من خلال الاستدلال بالتفاصيل والأمثلة والرسومات والمخططات الواردة في النص,,,,,,,,,,,,,,,,,
Grade 5,الوحدة السابعة,7.2,النص المعلوماتي: الألماس أغلى الأحجار ثمنا,7.2.1,القراءة,قراءة النصوص المعلوماتية / معرفة الفكر الرئيسية والتفاصيل,"أن يقرأ المتعلم النص المعلوماتي بعمق وشمولية، ويحدد الفكرة المركزية والفكر الرئيسة، ويستنتج العلاقات ضمن النص الواحد وبين النصوص المختلفة.",G5.3.1.1.2,يحدد المتعلم الفكرة المحورية للنص والتفاصيل الرئيسة الداعمة لها مبيناً مدى التناسق بينها,,,,,,,,,,,,,,,,,
Grade 5,الوحدة السابعة,7.2,النص المعلوماتي: الألماس أغلى الأحجار ثمنا,7.2.1,القراءة,قراءة النصوص المعلوماتية / تَحليل نص,"أن يحلل المتعلم عناصر النص واختيار الكاتب للكلمات، ويقيم الطرائق التي تساهم فيها تراكيب الجمل في بناء النص، وأساليب عرض وجهة النظر، أو طريقة كتابة النص وطباعته.",G5.3.2.1.1,يفسر المتعلم معاني الكلمات والمصطلحات والعبارات الواردة في نص معلوماتي من خلال معرفته بعلاقات التضاد والترادف والاشتراك اللفظي مستخدماً المعاجم والرسومات,,,,,,,,,,,,,,,,,
Grade 5,الوحدة السابعة,7.2,النص المعلوماتي: الألماس أغلى الأحجار ثمنا,7.2.1,الاستماع والمحادثة,الاستماع والمحادثة/استيعاب المعرفة وتقديمها,"أن يظهر المتعلم فهما لمواد مسموعة، ويتواصـل مع الآخرين مقدما المعلومات والنتائج المدعومة بالأدلة لإقناع المستمعين واستمالتهم نحو الموضوع مستخدما اللغة العربية الفصيحة.",G5.5.1.1.1,يستوعب المتعلم المادة المسموعة (نصاً سردياً - مقالاً) مؤلاً رسائل المتحدث الشفوية وغير الشفوية وفق أهدافه ووجهة نظره,,,,,,,,,,,,,,,,,
Grade 5,الوحدة السابعة,7.2,النص المعلوماتي: الألماس أغلى الأحجار ثمنا,7.2.1,الاستماع والمحادثة,الاستماع والمحادثة/استيعاب المعرفة وتقديمها,"أن يشارك المتعلم في النقاشات مع معلميه وزملائه، مكيفا كلامه وفق لمجموعة متنوعة من السياقات والمهام التواصلية مظهرا إجادته للغة العربية الفصيحة",G5.5.1.2.1,يتحد المتعلم بصوت واضح وأسلوب معبر لتقديم معلومات عن موضوع أو فكرة أو موقف مظهراً فهمه للموضوع,,,,,,,,,,,,,,,,,
Grade 5,الوحدة السابعة,7.2,النص المعلوماتي: الألماس أغلى الأحجار ثمنا,7.2.1,الاستماع والمحادثة,الاستماع والمحادثة/استيعاب المعرفة وتقديمها,"أن يشارك المتعلم في النقاشات مع معلميه وزملائه، مكيفا كلامه وفق لمجموعة متنوعة من السياقات والمهام التواصلية مظهرا إجادته للغة العربية الفصيحة",G5.5.1.2.2,يقدم المتعلم شفوياً ملخصاً لقصة قرأها,,,,,,,,,,,,,,,,,
Grade 5,الوحدة السابعة,7.2,النص المعلوماتي: الألماس أغلى الأحجار ثمنا,7.2.1,اللغة (المعجم),اللغة/ اكتساب المفردات واستخدامها (المعجم),أن يفسر المفردات الجديدة من خلال سياقاتها المختلفة,G5.6.1.2.5,يستخدم المتعلم الكلمات الجديدة في سياقات تفسر معناها,,,,,,,,,,,,,,,,,
Grade 5,الوحدة السابعة,7.2,النص المعلوماتي: الألماس أغلى الأحجار ثمنا,7.2.1,اللغة (المعجم),اللغة/ اكتساب المفردات واستخدامها (المعجم),أن يكتسب المتعلم مفردات من خلال احتكاكه بمواقف غنية لغويا,G5.6.1.1.1,يستخدم المتعلم الكلمات ذات المحيط اللغوي الواحد مراعياً الفروق بين دلالاتها,,,,,,,,,,,,,,,,,
Grade 5,الوحدة السابعة,7.2,النص المعلوماتي: الألماس أغلى الأحجار ثمنا,7.2.1,اللغة (المعجم),اللغة/ اكتساب المفردات واستخدامها (المعجم),أن يكتسب المتعلم مفردات من خلال احتكاكه بمواقف غنية لغويا,G5.6.1.1.2,يحدد المتعلم علاقات التضاد والترادف بين الكلمات,,,,,,,,,,,,,,,,,
Grade 5,الوحدة السابعة,7.3,النحو: احوال خبر جملة ان واخواتها,7.3.1,اللغة (النحو والصرف),اللغة/ بنية اللغة العربية (النحو والصرف),"أن يتعرف المتعلم المفاهيم النحوية والصرفية، ويستخدمها استخداما صحيحا.",G5.6.2.1.2,"يتعرف المتعلم (جملة كان) و ( جملة إن) بعناصرهما، و يوظفهما في جمل من إنشائه ",أحوال خبر جملة (كان) وجملة (إنّ),النواسخ- إنّ وأخواتها,,,,,,,,,,,,,,,
Grade 5,الوحدة السابعة,7.4,الهمزة المتوسطة,7.4.1,اللغة (الإملاء),اللغة/ بنية اللغة العربية (الاملاء),أن يكتب المتعلم الكلمات والجمل مراعيا قواعد الإملاء والترقيم.,G5.6.3.1.1,"يكتب المتعلم الكلمات المتضمنة همزة متوسطة منفردة أو على )الألف، الواو، الياء( كتابة صحيحة",الهمزة المتوسطة,,,,,,,,,,,,,,,,
Grade 5,الوحدة السابعة,7.4,همزة المد,7.4.1,اللغة (الإملاء),اللغة/ بنية اللغة العربية (الاملاء),أن يكتب المتعلم الكلمات والجمل مراعيا قواعد الإملاء والترقيم.,G5.6.3.1.2,يكتب كلمت بصرية تحتوي على همزة المد بواقع عشر كلمات,همزة المد,,,,,,,,,,,,,,,,
Grade 5,الوحدة السابعة,7.5,كتابة استجابة ادبية,7.5.1,الكتابة,الكتابة/ البحث عن المعلومات,أن يبحث المتعلم عن المعلومات ويطبقها في موضوعات كتابية تستند إلى أغراض محددة تظهر فهمه بالمادة التي يبحث عنها وتتناسب مع غرض الكتابة وطبيعتها,G5.4.1.1.1,"يبحث المتعلم عن معلومات من عدة مصادر: المقابلات، الشبكة المعلوماتية والمعاجم، الموسوعات ويوثق المعلومات الأساسية",,,,,,,,,,,,,,,,,
Grade 5,الوحدة السابعة,7.5,كتابة استجابة ادبية,7.5.1,الكتابة,الكتابة/ البحث عن المعلومات,أن يبحث المتعلم عن المعلومات ويطبقها في موضوعات كتابية تستند إلى أغراض محددة تظهر فهمه بالمادة التي يبحث عنها وتتناسب مع غرض الكتابة وطبيعتها,G5.4.1.1.2,ينفذ المتعلم مستقلاً أو ضمن مجموعات صغيرة مشروعات بحثية قصيرة مركزة في موضوعات محددة,,,,,,,,,,,,,,,,,
Grade 5,الوحدة السابعة,7.5,كتابة استجابة ادبية,7.5.1,الكتابة,الكتابة/ إنتاج الأعمال الكتابية ونشرها,أن ينتج المتعلم أعمالا كتابية واضحة ومتنوعة تظهر توجه نحو التنظيم والترتيب متلائمة مع المهمة والغاية.,G5.4.2.1.1,يختار المتعلم نقطة للكتابة وبنية تنظيمية ووجهة نظر محددة معتمداً على الغرض والمتلقي وطول النص,,,,,,,,,,,,,,,,,
Grade 5,الوحدة السابعة,7.5,كتابة استجابة ادبية,7.5.1,الكتابة,الكتابة/ إنتاج الأعمال الكتابية ونشرها,أن ينتج المتعلم أعمالا كتابية واضحة ومتنوعة تظهر توجه نحو التنظيم والترتيب متلائمة مع المهمة والغاية.,G5.4.2.1.2,يكتب نصوصاً بفقرات متعددة يؤسس فيها فكرة مركزية وأفكاراً مهمه ويضعها في سياق منطقي مستخدماً أدوات الربط ويختم النص بفقرة ختامية,كتابة استجابة ادبية,,,,,,,,,,,,,,,,
Grade 5,الوحدة السابعة,7.5,كتابة استجابة ادبية,7.5.1,الكتابة,الكتابة/ إنتاج الأعمال الكتابية ونشرها,أن ينتج المتعلم أعمالا كتابية واضحة ومتنوعة تظهر توجه نحو التنظيم والترتيب متلائمة مع المهمة والغاية.,G5.4.2.1.3,يستخدم المتعلم بنى واضحة ومختارة للكتابة بحسب الموضوع والغرض والسبب والنتيجة والمقارنة والمقابلة مستخدماً أدوات الربط وعلامات الترقيم ونظام التفقير,,,,,,,,,,,,,,,,,
Grade 5,الوحدة السابعة,7.5,كتابة استجابة ادبية,7.5.1,الكتابة,الكتابة/ إنتاج الأعمال الكتابية ونشرها,أن ينتج المتعلم أعمالا كتابية واضحة ومتنوعة تظهر توجه نحو التنظيم والترتيب متلائمة مع المهمة والغاية.,G5.4.2.1.4,يراجع المتعلم مسودات متعددة لما يكتب ويعيد تحريرها بخط واضح ومرتب مستخدماً مقياساً للكتابة,,,,,,,,,,,,,,,,,
Grade 5,الوحدة السابعة,7.5,كتابة استجابة ادبية,7.5.1,الكتابة,الكتابة/ إنتاج الأعمال الكتابية ونشرها,أن ينتج المتعلم نصوصا سردية ومعلوماتية وإقناعية ووصفية وتظهر كتاباته تقيده بالسلامة اللغوية.,G5.4.2.4.2,يكتب استجابات شخصية للنصوص الأدبية التي يقرأها مظهرهاً فهمها للعمل الأدبي داعماً رأيها بأدلة من النص أو خبرته الشخصية متأملاً أبعاد النص,,,,,,,,,,,,,,,,,
Grade 5,الوحدة السابعة,7.5,كتابة استجابة ادبية,7.5.1,الكتابة,الكتابة/ إنتاج الأعمال الكتابية ونشرها,"أن يــسـتخـدم المتعلم التكنولوجيا، بما فيها (الإنترنت)، وغيرها من المصادر؛ لينتج وينشر عملا كتابيا متفاعلاً مع الآخرين",G5.4.2.5.1,يتسخدم باستقلالية واضحة التكنولوجيا المتاحة كالبحث عن الصور والجداول وبرنامج الباوربوينت,,,,,,,,,,,,,,,,,
Grade 5,الوحدة السابعة,7.5,كتابة استجابة ادبية,7.5.1,الكتابة,الكتابة/ إنتاج الأعمال الكتابية ونشرها,"أن يــسـتخـدم المتعلم التكنولوجيا، بما فيها (الإنترنت)، وغيرها من المصادر؛ لينتج وينشر عملا كتابيا متفاعلاً مع الآخرين",G5.4.2.5.2,يوظف الحاسوب والشبكة المعلوماتية عند تحرير كتاباته ومراجعتها لتحويد العمل,,,,,,,,,,,,,,,,,
Grade 5,الوحدة السابعة,7.5,كتابة استجابة ادبية,7.5.1,الكتابة,الكتابة/ إنتاج الأعمال الكتابية ونشرها,"أن يــسـتخـدم المتعلم التكنولوجيا، بما فيها (الإنترنت)، وغيرها من المصادر؛ لينتج وينشر عملا كتابيا متفاعلاً مع الآخرين",G5.4.2.5.3,ينشر ما يكتبه عبر الوسائط المتاحة,,,,,,,,,,,,,,,,,
Grade 5,الوحدة السابعة,7.6,النشيد: لقد فاز باللذة الجسور,7.6.1,القراءة,أساسيات القراءة,أن يطبق المتعلم استراتيجيات الــقــراءة الصحيحة لقراءة الكلمات والنصوص بدقة وطــلاقــة مــع فــهــم المــعــاني والدلالات.,G5.1.1.1.1,يقرأ المتعلم نصوصا نثرية و شعرية بطلاقة مع مراعاة التعبير عن الانفعالات والمشاعر,,,,,,,,,,,,,,,,,
Grade 5,الوحدة السابعة,7.6,النشيد: لقد فاز باللذة الجسور,7.6.1,القراءة,قراءة النصوص الأدبية/تكامل المعرفة مع الفكر,"أن يقرأ المتعلم نصوصا شعرية وأعمالاً نثرية متنوعة ويقمها ويحللها، ويــدمــج الفكر المقدمة فيها؛ لبناء معرفة وفهم جديدين عن الفكرة المحورية، والرسائل المتضمنة في الأعمال الأدبية.",G5.2.3.1.2,"يحفظ المتعلم تسع نصوص شعرية تتألف من (7-10) أبيات موضوعاتها تناسب المرحلة مثل: الجمال، البيئة، الطبيعة، العمل، المهن، التراث، القيم .. وغيرها",,,,,,,,,,,,,,,,,
Grade 5,الوحدة السابعة,7.6,النشيد: لقد فاز باللذة الجسور,7.6.1,القراءة,قراءة النصوص الأدبية/ معرفة الفكر الرئيسية والتفاصيل,"أن يحدد المتعلم الفكر الرئيسة والتفاصيل المساندة التي تسهم في توضيح الفكرة الرئيسة، أو الرسالة العامة، أو الدروس المقدمة في النصوص الأدبية",G5.2.1.1.2,يبين المتعلم المعنى الاجمالي للنص الشعري,,,,,,,,,,,,,,,,,
Grade 5,الوحدة السابعة,7.6,النشيد: لقد فاز باللذة الجسور,7.6.1,القراءة,قراءة النصوص الادبية/ تحليل النص,"أن يحدد المتعلم جوانب معينة في النصوص الأدبية ويفهمها،ويحلل عناصر النص وخيارات المؤلفين في اختيار الكلمت والأساليب الأدبية المناسبة لنصوصهم.",G5.2.2.1.1,يفسر المتعلم كلمات النص الشعري مستنتجا دلالات المفردات,,,,,,,,,,,,,,,,,
Grade 5,الوحدة السابعة,7.6,النشيد: لقد فاز باللذة الجسور,7.6.1,القراءة,قراءة النصوص الادبية/ تحليل النص,"أن يحدد المتعلم جوانب معينة في النصوص الأدبية ويفهمها،ويحلل عناصر النص وخيارات المؤلفين في اختيار الكلمت والأساليب الأدبية المناسبة لنصوصهم.",G5.2.2.1.2,يحدد المتعلم أنواع الايقاع اللفظي في النصوص (الجناس والسجع والتكرار الصوتي),الجِناسُ و السَّجْعُ والتِّكرارُ الصَّوْتيُّ (نمط),,,,,,,,,,,,,,,,
Grade 6,الوحدة الاولى,1.1,الُقرآُن الكريُم : آياٌت مَن الُقرآِن الكريِم,1.1.1,القراءة,قراءة النصوص الأدبية/تكامل المعرفة مع الفكر,"أن يقرأ المتعلم نصوصا شعرية وأعمالاً نثرية متنوعة ويقمها ويحللها، ويــدمــج الفكر المقدمة فيها؛ لبناء معرفة وفهم جديدين عن الفكرة المحورية، والرسائل المتضمنة في الأعمال الأدبية.",G6.2.3.1.3,يحفظ المتعلم الايات الكريمة ويحلل معانيها ضمن سياقاتها ملتفتا الى خصائص النص  القرآني فيها,,,,,,,,,,,,,,,,,
Grade 6,الوحدة الاولى,1.1,شعر: اخلاق كريمة,1.1.2,القراءة,قراءة النصوص الأدبية/ معرفة الفكر الرئيسية والتفاصيل,"أن يحدد المتعلم الفكر الرئيسة والتفاصيل المساندة التي تسهم في توضيح الفكرة الرئيسة، أو الرسالة العامة، أو الدروس المقدمة في النصوص الأدبية",G6.2.1.1.1,"يُحِّدُد المُتَعِّلُم الْمْعنى الإْجمالي لِلنَّص الأَدبي، موِّضًحا الْفَكَر الَّرئيَسَة والْجْزئِيَّة فيِه.",,,,,,,,,,,,,,,,,
Grade 6,الوحدة الاولى,1.1,شعر: اخلاق كريمة,1.1.2,القراءة,قراءة النصوص الأدبية/تكامل المعرفة مع الفكر,"أن يقرأ المتعلم نصوصا شعرية وأعمالاً نثرية متنوعة ويقمها ويحللها، ويــدمــج الفكر المقدمة فيها؛ لبناء معرفة وفهم جديدين عن الفكرة المحورية، والرسائل المتضمنة في الأعمال الأدبية.",G6.2.3.1.3,يَحَفُظ المُتَعِّلُم الأبياَت الِّشعريَّة,,,,,,,,,,,,,,,,,
Grade 6,الوحدة الاولى,1.1,شعر: اخلاق كريمة,1.1.2,اللغة (المعجم),اللغة/اكتساب المفردات واستخدامها (المعجم),أن يكتسب المتعلم مفردات من خلال احتكاكه بمواقف غنية لغويا,G6.6.1.2.1,يُحِّدُد المُتَعِّلُم َعلاقاِت التَّضاِّد َوالتَّراُدِف بين الكلماِت.,,,,,,,,,,,,,,,,,
Grade 6,الوحدة الاولى,1.1,شعر : دعنى أحبك يا أخي,1.1.3,القراءة,قراءة النصوص الادبية/ معرفة الفكر الرئيسية والتفاصيل,"أن يحدد المتعلم الفكر الرئيسة والتفاصيل المساندة التي تسهم في توضيح الفكرة الرئيسة، أو الرسالة العامة، أو الدروس المقدمة في النصوص الأدبية",G6.2.1.1.1,"يُحِّدُد المُتَعِّلُم الْمْعنى الإْجَمالي للنَّص الأدبِّي، موِّضًحا الْفَكَر الَّرئيَسَة والْجْزئِيَّة فيه.",,,,,,,,,,,,,,,,,
Grade 6,الوحدة الاولى,1.1,شعر : دعنى أحبك يا أخي,1.1.3,القراءة,قراءة النصوص الأدبية/تكامل المعرفة مع الفكر,"أن يقرأ المتعلم نصوصا شعرية وأعمالاً نثرية متنوعة ويقمها ويحللها، ويــدمــج الفكر المقدمة فيها؛ لبناء معرفة وفهم جديدين عن الفكرة المحورية، والرسائل المتضمنة في الأعمال الأدبية.",G6.2.3.1.3,يَحَفظُ المُتَعِّلم نًّصا من 10-12 بيتًا أو سْطًرا.,,,,,,,,,,,,,,,,,
Grade 6,الوحدة الاولى,1.1,شعر : دعنى أحبك يا أخي,1.1.3,اللغة (المعجم),اللغة/اكتساب المفردات واستخدامها (المعجم),أن يكتسب المتعلم مفردات من خلال احتكاكه بمواقف غنية لغويا,G6.6.1.2.1,يُحدُد المتعِّلُم علاقاِت التَّضاِد والتَّراُدِف بَين الكلماِت,,,,,,,,,,,,,,,,,
Grade 6,الوحدة الاولى,1.1,نص مسرحي : ديَمُة,1.1.4,القراءة,قراءة النصوص الادبية/ تحليل النص,"أن يحدد المتعلم جوانب معينة في النصوص الأدبية ويفهمها،ويحلل عناصر النص وخيارات المؤلفين في اختيار الكلمت والأساليب الأدبية المناسبة لنصوصهم.",G6.2.2.1.1,"يحِّلُل المتعِّلُم نًّصا مسرحيًّا مبيِّنًا فكرَة النَّص ، ودوَرالَّشخصيّاِت والحواِر الخارجِّي والّداخلِّي فيِه.",,,,,,,,,,,,,,,,,
Grade 6,الوحدة الاولى,1.1,نص مسرحي : ديَمُة,1.1.4,اللغة (المعجم),اللغة/اكتساب المفردات واستخدامها (المعجم),أن يفسر المفردات الجديدة من خلال سياقاتها المختلفة,G6.6.1.3.5,يميِّز المتعِّلُم معاني الكلمات مْن خلاِل جذوِرها واشتِقاقاتِها.,,,,,,,,,,,,,,,,,
Grade 6,الوحدة الاولى,1.1,نص مسرحي : ديَمُة,1.1.4,اللغة (المعجم),اللغة/اكتساب المفردات واستخدامها (المعجم),أن يكتسب المتعلم مفردات من خلال احتكاكه بمواقف غنية لغويا,G6.6.1.2.2,يصنِّف المتعِّلُم الكلماِت وفَق جذوِرها.,,,,,,,,,,,,,,,,,
Grade 6,الوحدة الاولى,1.1,نص معلوماتي : صديقنا البحري,1.1.5,القراءة,قراءة النصوص المعلوماتية/ معرفة الفكر الرئيسية والتفاصيل,"أن يقرأ المتعلم النص المعلوماتي بعمق وشمولية، ويحدد الفكرة المركزية والفكر الرئيسة، ويستنتج العلاقات ضمن النص الواحد وبين النصوص المختلفة.",G6.3.1.1.1,"يُحِّدُد المُتَعِّلُم الِفَكَر الَّرئيَسَة للنَّصِ مْنِ خلاِل تَحليِل الْمعلوماِت الَّصريحَة والِّضمنيَّة ، ذاكًرا الَّدليَل الَّذي يَدَعُم تَحليَلُه ِمَن النَّص.",,,,,,,,,,,,,,,,,
Grade 6,الوحدة الاولى,1.1,نص معلوماتي : صديقنا البحري,1.1.5,القراءة,قراءة النصوص المعلوماتية/ تحليل النص,"أن يحلل المتعلم عناصر النص واختيار الكاتب للكلمات، ويقيم الطرائق التي تساهم فيها تراكيب الجمل في بناء النص، وأساليب عرض وجهة النظر، أو طريقة كتابة النص وطباعته.",G6.3.2.1.1,يفّسُر الَكلماِت والمُصطَلحاِت الواِردَة في نُصوٍص معلوماتِيٍة.,,,,,,,,,,,,,,,,,
Grade 6,الوحدة الاولى,1.1,نص معلوماتي : الجمال والأخلاق ,1.1.6,القراءة,قراءة النصوص المعلوماتية/ معرفة الفكر الرئيسية والتفاصيل,"أن يقرأ المتعلم النص المعلوماتي بعمق وشمولية، ويحدد الفكرة المركزية والفكر الرئيسة، ويستنتج العلاقات ضمن النص الواحد وبين النصوص المختلفة.",G6.3.1.1.1,"يُحِّدُد المُتَعِّلُم الِفَكَر الَّرئيَسَة لِلنَّصِ مْن خلاِل تَحليِل المَعلوماِت الَّصريحَة و الِّضْمنِيَّة ، ذاِكًرا الَّدليَل الَّذي  يَدَعُم تَحليَلُه للنَّص.",,,,,,,,,,,,,,,,,
Grade 6,الوحدة الاولى,1.1,نص معلوماتي : الجمال والأخلاق ,1.1.6,اللغة (المعجم),اللغة/اكتساب المفردات واستخدامها (المعجم),أن يكتسب المتعلم مفردات من خلال احتكاكه بمواقف غنية لغويا,G6.6.1.2.1,يُحِّدُد المُتَعِّلُم َ علاقاِت التَّضاِّد و التَّرادِف بين الكلماِت,,,,,,,,,,,,,,,,,
Grade 6,الوحدة الاولى,1.1,نص معلوماتي : الجمال والأخلاق ,1.1.6,القراءة,قراءة النصوص المعلوماتية / تكامل المعرفة مع المهارات,"أن يتبين وظيفة النص من خلال الوسائط المختلفة، وينقد ما جاء فيه من معارف وآراء، ويبني خبرات جديدة ليوظفها في نتاجات متنوعة",G6.3.3.1.2,يفرُغ المُتعِّلم ما قرأَه من معلوماٍت متَشِعبٍة في خريَطٍة مفاهيِميٍه صممها,,,,,,,,,,,,,,,,,
Grade 6,الوحدة الاولى,1.2,قصة : المزارعة ومدير الشركة,1.2.1,الاستماع والمحادثة,الاستماع والمحادثة/استيعاب المعرفة وتقديمها,"أن يظهر المتعلم فهما لمواد مسموعة، ويتواصـل مع الآخرين مقدما المعلومات والنتائج المدعومة بالأدلة لإقناع المستمعين واستمالتهم نحو الموضوع مستخدما اللغة العربية الفصيحة.",G6.5.1.2.2,"يفَهُم المتعِّلُم َمضموَن الماَّدِة المسموَعِة، وَمعاني بعض العبارا ِت الواِرَدِة فيها، والَّرسائَل المُضَّمنَة.",,,,,,,,,,,,,,,,,
Grade 6,الوحدة الاولى,1.2,نص معلوماتي : نحن شركاء في المسؤولية,1.2.2,الاستماع والمحادثة,الاستماع والمحادثة/استيعاب المعرفة وتقديمها,"أن يظهر المتعلم فهما لمواد مسموعة، ويتواصـل مع الآخرين مقدما المعلومات والنتائج المدعومة بالأدلة لإقناع المستمعين واستمالتهم نحو الموضوع مستخدما اللغة العربية الفصيحة.",G6.5.1.2.2,"يَفَهُم المُتَعِّلُم مْضموَن الماَّدِة المَسموَعِة ، ومعاني بَعض الِعباراِت الواِرَدِة فيها ، َوالَّرسائِل المُضَّمنَة.",,,,,,,,,,,,,,,,,
Grade 6,الوحدة الاولى,1.3,من عالم الحيوانات,1.3.1,الاستماع والمحادثة,الاستماع والمحادثة/استيعاب المعرفة وتقديمها,"أن يشارك المتعلم في النقاشات مع معلميه وزملائه، مكيفا كلامه وفق لمجموعة متنوعة مــن السـياقات والمهام  التواصلية، مظهرا إجادته للغة العربية الفصيحة.",G6.5.1.4.1,"يقِّدُم المتعِّلُم عرًضا معلوماتِيًّا تقديمًا منطقيًّا واضًحا ، موِّظًفا وسائَل عرض مناِسبًة ، مراعيًا المَّدَة الَّزمنيَّة المخَّصصَة للعرِض مستخِدًما الُّلغَة العربيَّة الفصيحَة.",,,,,,,,,,,,,,,,,
Grade 6,الوحدة الاولى,1.4,الجملة والتركيب,1.4.1,اللغة (النحو والصرف),اللغة/ بنية اللغة العربية (النحو والصرف),"أن يتعرف المتعلم المفاهيم النحوية والصرفية، ويستخدمها استخداما صحيحا.",G4.6.2.1.1,يميُّز المتعِّلُم بَين اُلجملِة التّاَّمِة والتّركيِب,الجملة والتركيب,,,,,,,,,,,,,,,,
Grade 6,الوحدة الاولى,1.4,الجملة وأغراضها,1.4.2,اللغة (النحو والصرف),اللغة/ بنية اللغة العربية (النحو والصرف),"أن يتعرف المتعلم المفاهيم النحوية والصرفية، ويستخدمها استخداما صحيحا.",G6.6.3.1.5,"يَتَعَّرُف المُتَعِّلُم تَقسيَم اُلجْمَلِة بِحسِب أَغراِضها إلى :َ خبَريٍّة ، واْستِفهاِميٍّة ،َ وتَعُّجبِيٍّة ،َ وَطَلبِيٍّة.",الجملة وأغراضها,,,,,,,,,,,,,,,,
Grade 6,الوحدة الاولى,1.4,الجملة وأغراضها,1.4.2,اللغة (البلاغة),اللغة/ بنية اللغة العربية (البلاغة),"أن يتعرف المتعلم المفاهيم البلاغية، ويتذوقها ويوظفها في إنتاجه اللغوي",G5.6.5.1.2,يُحِّدُد المُتَعِّلُم الَغَرض ِمَن ا ُلجَمِل َسواٌء أكاَن الَغَرض مباِشًرا أم َغْيَر ُمباِشٍر.,,,,,,,,,,,,,,,,,
Grade 6,الوحدة الاولى,1.5,كتابة نص سردي,1.5.1,الكتابة,الكتابة / انتاج الاعمال الكتابية ونشرها,"أن يكتب المتعلم نصوصا تعبر عن  فكرة مركزية تظهر مقدرة على التركيز والتنظيم وتدل على وعي كامل بالمتلقي في علاقته بغرض وبموضوع الكتابة، مطورا مهاراته الكتابية من خلال مراحل الكتابة (ما قبل الكتابة، المسودة، المراجعة)، لتحرير النص.
",G6.4.2.3.2,"يكتُب نصوًصا َسرديَّة تُلبِّي اهتِماماِت الُقَّراِءُ محِّدًدا غرًضا واضًحا للكتابِة ، مطِّوًرا الموضوَع بتفاصيَل داِعمٍة وِفقرٍة ختاِميَّة ، مستخِدًما الأفعاَل والأسماَء والصفات من خلاِل ُمعجِم المتراِدفات.",كتابة نص سردي ( قصصي),,,,,,,,,,,,,,,,
Grade 6,الوحدة الاولى,1.5,كتابة نص سردي,1.5.1,الكتابة,الكتابة / انتاج الاعمال الكتابية ونشرها,أن ينتج المتعلم نصوصا سردية ومعلوماتية وإقناعية ووصفية وتظهر كتاباته تقيده بالسلامة اللغوية.,G6.4.2.4.1,"يكتُب نصوًصا َسرديَّة تَتضَّمُن حبكًة وإطاًرا َزمانيًّا ومكانيًّا، ُمختاًرا وجهَة نظٍر ُمناسبًة للقَّصِة، ُمضِّمنًا نَّصُه تفاصيَل ِحِّسيَّة باستِخداِم تقنياِت الحواِر والوصِف والَّسرِد.",,,,,,,,,,,,,,,,,
Grade 6,الوحدة الاولى,1.5,كتابة نص سردي,1.5.1,اللغة (البلاغة),اللغة/ بنية اللغة العربية (البلاغة),"أن يتعرف المتعلم المفاهيم البلاغية، ويتذوقها ويوظفها في إنتاجه اللغوي",G6.6.5.1.3,ينتج جملا تتضَّمن تشبيها.,التشبيه,,,,,,,,,,,,,,,,
Grade 6,الوحدة الاولى,1.5,كتابة نص سردي,1.5.1,اللغة (البلاغة),اللغة/ بنية اللغة العربية (البلاغة),"أن يتعرف المتعلم المفاهيم البلاغية، ويتذوقها ويوظفها في إنتاجه اللغوي",G5.6.5.1.3,يستخِدُم بعَض الأساليِب الإنشائِيَّة في مواِضِعها المناِسبِة,"الأساليب الإنشائية (الاستفهام،التعجب،الأمر، النهي،النداء،العرض)",,,,,,,,,,,,,,,,
Grade 6,الوحدة الثانية,2.1,شعر: َمْجُد الإماراِت,2.1.1,القراءة,قراءة النصوص الأدبية/ معرفة الفكر الرئيسية والتفاصيل,"أن يحدد المتعلم الفكر الرئيسة والتفاصيل المساندة التي تسهم في توضيح الفكرة الرئيسة، أو الرسالة العامة، أو الدروس المقدمة في النصوص الأدبية",G6.2.1.1.1, يُحّدُد المَعنى الإجمالي للنّص الأَدبِّي موِّضًحا الِفَكَر الّرئيَسَة والجزئيَة فيِه.,,,,,,,,,,,,,,,,,
Grade 6,الوحدة الثانية,2.1,شعر: َمْجُد الإماراِت,2.1.1,القراءة,قراءة النصوص الادبية/ معرفة الفكر الرئيسية والتفاصيل,"أن يحدد المتعلم الفكر الرئيسة والتفاصيل المساندة التي تسهم في توضيح الفكرة الرئيسة، أو الرسالة العامة، أو الدروس المقدمة في النصوص الأدبية",G6.2.1.1.2,يَفِّسُر كلماِت النص ااَلأدِّبي مستَنتِجا الّدلالاِت التّعبيريَّة فيه. ,,,,,,,,,,,,,,,,,
Grade 6,الوحدة الثانية,2.1,شعر: َمْجُد الإماراِت,2.1.1,القراءة,قراءة النصوص الادبية/تكامل المعرفة مع الفكر,"أن يقرأ المتعلم نصوصا شعرية وأعمالاً نثرية متنوعة ويقمها ويحللها، ويــدمــج الفكر المقدمة فيها؛ لبناء معرفة وفهم جديدين عن الفكرة المحورية، والرسائل المتضمنة في الأعمال الأدبية.",G6.2.3.1.3, يَحَفُظ المُتَعِّلُم نَّصاً من 10-12 بيتًا,,,,,,,,,,,,,,,,,
Grade 6,الوحدة الثانية,2.1,شعر: َمْجُد الإماراِت,2.1.1,اللغة (المعجم),اللغة/اكتساب المفردات واستخدامها (المعجم),أن يفسر المفردات الجديدة من خلال سياقاتها المختلفة,G6.6.1.3.1, يُفِّسُر المُتَعِّلُم الأسماَء والأفعاَل بِأضداِدها وُمراِدفاتِها.,,,,,,,,,,,,,,,,,
Grade 6,الوحدة الثانية,2.1,شعر: َمْجُد الإماراِت,2.1.1,اللغة (المعجم),اللغة/اكتساب المفردات واستخدامها (المعجم),أن يفسر المفردات الجديدة من خلال سياقاتها المختلفة,G6.6.1.3.4,يُحّدُد المعنى المُناِسَب للكلماِت متعّدَدِة المَعاني مستخِدًما الّسياَق.,,,,,,,,,,,,,,,,,
Grade 6,الوحدة الثانية,2.1,شْعر: ُحُّب الوَطِن,2.1.2,القراءة,قراءة النصوص الأدبية/ معرفة الفكر الرئيسية والتفاصيل,"أن يحدد المتعلم الفكر الرئيسة والتفاصيل المساندة التي تسهم في توضيح الفكرة الرئيسة، أو الرسالة العامة، أو الدروس المقدمة في النصوص الأدبية",G6.2.1.1.1," يُحِّدُد المُتَعِّلُم الْمْعنى الإْجَمالي للنَّص الأَدبِّي، موِّضًحا الْفَكَر الَّرئيَسَة والْجْزئِيَّة فيِه.",,,,,,,,,,,,,,,,,
Grade 6,الوحدة الثانية,2.1,شْعر: ُحُّب الوَطِن,2.1.2,القراءة,قراءة النصوص الادبية/ تكامل المعرفة مع الفكر,"أن يقرأ المتعلم نصوصا شعرية وأعمالاً نثرية متنوعة ويقمها ويحللها، ويــدمــج الفكر المقدمة فيها؛ لبناء معرفة وفهم جديدين عن الفكرة المحورية، والرسائل المتضمنة في الأعمال الأدبية.",G6.2.3.1.3, يَحَفُظ المُتَعِّلُم نَّصاً من 10-12 بيتًا,,,,,,,,,,,,,,,,,
Grade 6,الوحدة الثانية,2.1,شْعر: ُحُّب الوَطِن,2.1.2,اللغة (المعجم),اللغة/اكتساب المفردات واستخدامها (المعجم),أن يكتسب المتعلم مفردات من خلال احتكاكه بمواقف غنية لغويا,G6.6.1.2.1, يُحّدُد المتعِّلُم علاقاِت التَّضاِد والتَّراُدِف بين الكِلماِت.,,,,,,,,,,,,,,,,,
Grade 6,الوحدة الثانية,2.1,الّسيرُة الَغيريَّة : زايِد .. َرُجٌل بَنى أُّمًة,2.1.3,القراءة,قراءة النصوص الأدبية/ معرفة الفكر الرئيسية والتفاصيل,"أن يحدد المتعلم الفكر الرئيسة والتفاصيل المساندة التي تسهم في توضيح الفكرة الرئيسة، أو الرسالة العامة، أو الدروس المقدمة في النصوص الأدبية",G6.2.1.1.4," يُحِّدُد المُتعِّلُم الخصائَص العاَّمَة لكٍّل مَن الّسيرِة الغيريَّة والّسيرِة الّذاتيَّة ، مقارنًا بَينَهما.",,,,,,,,,,,,,,,,,
Grade 6,الوحدة الثانية,2.1,الّسيرُة الَغيريَّة : زايِد .. َرُجٌل بَنى أُّمًة,2.1.3,اللغة (المعجم),اللغة/اكتساب المفردات واستخدامها (المعجم),أن يفسر المفردات الجديدة من خلال سياقاتها المختلفة,G6.6.1.3.1,يفِّسُر المُتعِّلُم الأسماَء والأفعاَل بِأضداِدها وُمراِدفاتِها. ,,,,,,,,,,,,,,,,,
Grade 6,الوحدة الثانية,2.1,الّسيرُة الّذاتيَّة : سرُد الّذاِت,2.1.4,القراءة,قراءة النصوص الادبية/ معرفة الفكر الرئيسية والتفاصيل,"أن يحدد المتعلم الفكر الرئيسة والتفاصيل المساندة التي تسهم في توضيح الفكرة الرئيسة، أو الرسالة العامة، أو الدروس المقدمة في النصوص الأدبية",G6.2.1.1.3, يُحِّلُل المُتَعِّلُم النَّص الأدبِّي في سياِقِه التّاريخِّي.,,,,,,,,,,,,,,,,,
Grade 6,الوحدة الثانية,2.1,الّسيرُة الّذاتيَّة : سرُد الّذاِت,2.1.4,القراءة,قراءة النصوص الادبية/ معرفة الفكر الرئيسية والتفاصيل,"أن يحدد المتعلم الفكر الرئيسة والتفاصيل المساندة التي تسهم في توضيح الفكرة الرئيسة، أو الرسالة العامة، أو الدروس المقدمة في النصوص الأدبية",G6.2.1.1.4, يُحِّدُد المُتَعِّلُم الخصائِص العاَّمَة لِكٍّل مَن الّسيرِة الَغيريَّة والّذاتيَّة مقاِرنًا بينَهما.,,,,,,,,,,,,,,,,,
Grade 6,الوحدة الثانية,2.1,نص معلوماتِي : قطار الاتّحاد,2.1.5,القراءة,قراءة النصوص المعلوماتية/ معرفة الفكر الرئيسية والتفاصيل,"أن يقرأ المتعلم النص المعلوماتي بعمق وشمولية، ويحدد الفكرة المركزية والفكر الرئيسة، ويستنتج العلاقات ضمن النص الواحد وبين النصوص المختلفة.",G6.3.1.1.1," يُحّدُد المتعّلُم الِفَكَر الّرئيَسَة للنّص من خلاِل التَفاصيِل والأِدلِّة الّداعَمِة ، والمَعلومات الّصريحَة والّضمنيِّة.",,,,,,,,,,,,,,,,,
Grade 6,الوحدة الثانية,2.1,نص معلوماتِي : قطار الاتّحاد,2.1.5,القراءة,قراءة النصوص المعلوماتية / تكامل المعرفة مع المهارات,"أن يتبين وظيفة النص من خلال الوسائط المختلفة، وينقد ما جاء فيه من معارف وآراء، ويبني خبرات جديدة ليوظفها في نتاجات متنوعة",G6.3.3.1.2, يفِّرُغ المُتَعِّلُم ما قرأَه من معلوماٍت متشِّعبَة في خريَطة مفاهيميَّة صَّممها.,,,,,,,,,,,,,,,,,
Grade 6,الوحدة الثانية,2.1,نص معلوماتِي : قطار الاتّحاد,2.1.5,القراءة,قراءة النصوص المعلوماتية/ معرفة الفكر الرئيسية والتفاصيل,"أن يقرأ المتعلم النص المعلوماتي بعمق وشمولية، ويحدد الفكرة المركزية والفكر الرئيسة، ويستنتج العلاقات ضمن النص الواحد وبين النصوص المختلفة.",G6.3.1.1.2, يُحِّلُل المُتعِّلُم كيفيَّة تَطُّوِر الفكرِة الَّرئيسِة مميًّزا التَّفاصيَل الَّرئيَسَة مَن التَّفاصيِل غير الجوهريَّة.,,,,,,,,,,,,,,,,,
Grade 6,الوحدة الثانية,2.1,نٌّصَ معلوماتِي : مْكتَبَةُ مَحَّمِد بِن راِشٍد,2.1.6,القراءة,قراءة النصوص المعلوماتية/ معرفة الفكر الرئيسية والتفاصيل,"أن يقرأ المتعلم النص المعلوماتي بعمق وشمولية، ويحدد الفكرة المركزية والفكر الرئيسة، ويستنتج العلاقات ضمن النص الواحد وبين النصوص المختلفة.",G6.3.1.1.1," يُحِّدُد المُتَعِّلُم الِفَكَر الَّرئيَسَة لِلنَص مْن خلاِل تَحليِل المَعلوماِت الَّصريحَة والِّضْمنِيَّة ، ذاِكًرا الَّدليَل الَّذي  يَدَعُم تَحليَلُه للنَّص.",,,,,,,,,,,,,,,,,
Grade 6,الوحدة الثانية,2.1,نٌّصَ معلوماتِي : مْكتَبَةُ مَحَّمِد بِن راِشٍد,2.1.6,اللغة (المعجم),اللغة/اكتساب المفردات واستخدامها (المعجم),أن يكتسب المتعلم مفردات من خلال احتكاكه بمواقف غنية لغويا,G6.6.1.2.1, يُحّدُد المتعِّلُم علاقاِت التَّضاِد والتَّراُدِف بين الكِلماِت,,,,,,,,,,,,,,,,,
Grade 6,الوحدة الثانية,2.2,ندوٌة : الَعَمُل التَّطُّوِعي في الإمارات,2.2.1,الاستماع والمحادثة,الاستماع والمحادثة/استيعاب المعرفة وتقديمها,"أن يظهر المتعلم فهما لمواد مسموعة، ويتواصـل مع الآخرين مقدما المعلومات والنتائج المدعومة بالأدلة لإقناع المستمعين واستمالتهم نحو الموضوع مستخدما اللغة العربية الفصيحة.",G6.5.1.2.2," يستَمُع المُتَعِّلُم لنٍّص يتضَّمُن آراًء متعِّددًة (ندوٌة إذاعيَّة، حواٌر، مناظرٌة..) عن موضوٍع يتَّصُل بقضيَّة اجتماعيَّة ، وطنيَّة، إنسانيَّة مواِزنًا بين آراِء المتحِّدثين مبديًا رأيَه بصراحٍة.",,,,,,,,,,,,,,,,,
Grade 6,الوحدة الثانية,2.2,نَص َمْعلوماتِي :َغريَزُة الَعْوَدِة إلى الَوَطِن,2.2.2,الاستماع والمحادثة,الاستماع والمحادثة/استيعاب المعرفة وتقديمها,"أن يظهر المتعلم فهما لمواد مسموعة، ويتواصـل مع الآخرين مقدما المعلومات والنتائج المدعومة بالأدلة لإقناع المستمعين واستمالتهم نحو الموضوع مستخدما اللغة العربية الفصيحة.",G6.5.1.2.2," يَفَهُم المُتَعِّلُم مْضموَن الماَّدِة المَسموَعِة، ومعاني بَعض الِعباراِت الواِرَدِة فيها، والَّرسائِل المُضَّمنَة.",,,,,,,,,,,,,,,,,
Grade 6,الوحدة الثانية,2.3,تَقديُم َعرض َمعلوماتي,2.3.1,الاستماع والمحادثة,الاستماع والمحادثة/استيعاب المعرفة وتقديمها,"أن يشارك المتعلم في النقاشات مع معلميه وزملائه، مكيفا كلامه وفق لمجموعة متنوعة مــن السـياقات والمهام  التواصلية، مظهرا إجادته للغة العربية الفصيحة.",G6.5.1.4.1,"يقّدُم المُتعّلُم عْرًضا تَقديميًّا معلوماتيًّا بطرائَق واِضحٍة ومنطقيَّة، موِّظًفا الكلماِت المناسبَة للموقِف معتمًدا على تنُّوِع الجملِة اللُّغويَّة الَّتي تُناسُب الموقَف والَّتي تَشمُل:
 (لُغَة الحَّجِة والإقناِع والبرهاِن، والُّلغَة المجازيَّة) مظِهًرا فهَمُه للموضوِع مستخِدًما الُّلغَة العربيََّة الفصيحَ",,,,,,,,,,,,,,,,,
Grade 6,الوحدة الثانية,2.4,المفعوُل فيِه,2.4.1,اللغة (النحو والصرف),اللغة/ بنية اللغة العربية (النحو والصرف),"أن يتعرف المتعلم المفاهيم النحوية والصرفية، ويستخدمها استخداما صحيحا.",G6.6.2.2.7," يتعَّرف المُتعِّلُم المفعوَل فيِه، ويعربُه إعرابًا صحيًحا، ويوّظُفُه في كتابَتِه.",المفعوُل فيِه,,,,,,,,,,,,,,,,
Grade 6,الوحدة الثانية,2.5,كتابَة نٍّص سردٍّي,2.5.1,الكتابة,الكتابة / انتاج الاعمال الكتابية ونشرها,"أن يكتب المتعلم نصوصا تعبر عن  فكرة مركزية تظهر مقدرة على التركيز والتنظيم وتدل على وعي كامل بالمتلقي في علاقته بغرض وبموضوع الكتابة، مطورا مهاراته الكتابية من خلال مراحل الكتابة (ما قبل الكتابة، المسودة، المراجعة)، لتحرير النص.
",G6.4.2.3.2,"يَكتُب نُصوًصا سْرديًّة تُلبّي اْهتماماِت الُقّراء محّدًدا غَرًضا واِضًحا للكتابِة، مّطّوًرا الموضوَع بتفاصيَل داِعَمٍة وَفْقَرٍة ختاِميٍّة، مْستَخِدًما الأْفعاَل والأْسماَء والّصفاِت من خلاِل مْعَجِم المُتراِدفات. ",كتابة نص سردي ( قصصي),,,,,,,,,,,,,,,,
Grade 6,الوحدة الثانية,2.5,كتابَة نٍّص سردٍّي,2.5.1,الكتابة,الكتابة / انتاج الاعمال الكتابية ونشرها,أن ينتج المتعلم نصوصا سردية ومعلوماتية وإقناعية ووصفية وتظهر كتاباته تقيده بالسلامة اللغوية.,G6.4.2.4.1,"يَكتُب نُصوًصا سْرديًّة تتَضّمُن حبكًة وإطاًرا زمانيًّا ومكانيًّا، مختاًرا وُوجهَة نَظٍر مناسبًة للقَّصِة، مضّمنًا نَّصُه تَفاصيَل حّسيًة باْستخداِم تقنياِت الحواِر والَوصِف والّسرِد.",,,,,,,,,,,,,,,,,
Grade 6,الوحدة الثانية,2.5,كتابَة نٍّص سردٍّي,2.5.1,اللغة (البلاغة),اللغة/ بنية اللغة العربية (البلاغة),"أن يتعرف المتعلم المفاهيم البلاغية، ويتذوقها ويوظفها في إنتاجه اللغوي",G6.6.5.1.2, يُنتِج المُتعَّلُم جَملا تَتضّمُن تَشبيًها.,التشبيه,,,,,,,,,,,,,,,,
Grade 6,الوحدة الثانية,2.5,كتابَة نٍّص سردٍّي,2.5.1,اللغة (البلاغة),اللغة/ بنية اللغة العربية (البلاغة),"أن يتعرف المتعلم المفاهيم البلاغية، ويتذوقها ويوظفها في إنتاجه اللغوي",G5.6.5.1.3, يَستَخدُم بَعَض الأساليِب الإنشائيِّة في مواِضِعها المُناِسبَة.,,,,,,,,,,,,,,,,,
Grade 6,الوحدة الثالثة,3.1,شْعٌر: َحبيبي يا َرسوَل اللهِ,3.1.1,القراءة,قراءة النصوص الادبية/ معرفة الفكر الرئيسية والتفاصيل,"أن يحدد المتعلم الفكر الرئيسة والتفاصيل المساندة التي تسهم في توضيح الفكرة الرئيسة، أو الرسالة العامة، أو الدروس المقدمة في النصوص الأدبية",G6.2.1.1.1,"يُحِّدُد المُتَعِّلُم الْمْعنى الإْجَمالي للنَّص الأدبِّي، موِّضًحا الْفَكَر الَّرئيَسَة والْجْزئِيَّة فيه.",,,,,,,,,,,,,,,,,
Grade 6,الوحدة الثالثة,3.1,شْعٌر: َحبيبي يا َرسوَل اللهِ,3.1.1,القراءة,قراءة النصوص الادبية/ تكامل المعرفة مع الفكر,"أن يقرأ المتعلم نصوصا شعرية وأعمالاً نثرية متنوعة ويقمها ويحللها، ويــدمــج الفكر المقدمة فيها؛ لبناء معرفة وفهم جديدين عن الفكرة المحورية، والرسائل المتضمنة في الأعمال الأدبية.",G6.2.3.1.3,يَحَفظُ المُتَعِّلم نًّصا من 10-12 بيتًا أو سْطًرا.,,,,,,,,,,,,,,,,,
Grade 6,الوحدة الثالثة,3.1,شْعٌر: َحبيبي يا َرسوَل اللهِ,3.1.1,اللغة (المعجم),اللغة/اكتساب المفردات واستخدامها (المعجم),أن يكتسب المتعلم مفردات من خلال احتكاكه بمواقف غنية لغويا,G6.6.1.2.1,يُحدُد المتعِّلُم علاقاِت التَّضاِد والتَّراُدِف بَين الكلماِت.,,,,,,,,,,,,,,,,,
Grade 6,الوحدة الثالثة,3.1,قَّصُة : حْلٌم َوَجْهٌل,3.1.2,القراءة,قراءة النصوص الادبية/ معرفة الفكر الرئيسية والتفاصيل,"أن يحدد المتعلم الفكر الرئيسة والتفاصيل المساندة التي تسهم في توضيح الفكرة الرئيسة، أو الرسالة العامة، أو الدروس المقدمة في النصوص الأدبية",G6.2.1.1.1,يُحِّدُد المُتَعِّلُم المَعنى الإْجما َّلي لِلنَّص الأَدبِّي مَوِّضًحا الِفَكَر الَّرئيَسَة والجْزئِيَّة فيِه.,,,,,,,,,,,,,,,,,
Grade 6,الوحدة الثالثة,3.1,قَّصُة : حْلٌم َوَجْهٌل,3.1.2,اللغة (المعجم),اللغة/اكتساب المفردات واستخدامها (المعجم),أن يكتسب المتعلم مفردات من خلال احتكاكه بمواقف غنية لغويا,G6.6.1.2.1,يُحِّدُد المُتَعِّلُم علاقاِت التَّضاِد والتَّراُدِف بَيَن الَكِلماِت.,,,,,,,,,,,,,,,,,
Grade 6,الوحدة الثالثة,3.1,قَّصُة : حْلٌم َوَجْهٌل,3.1.2,اللغة (المعجم),اللغة/اكتساب المفردات واستخدامها (المعجم),أن يفسر المفردات الجديدة من خلال سياقاتها المختلفة,G6.6.1.3.6,يَستخدُم المُتَعِّلُم الَكِلماِت اَلجديَدَة في سياقاٍت تُفِّسُرَ مْعناها.,,,,,,,,,,,,,,,,,
Grade 6,الوحدة الثالثة,3.1,قَّصُة: رْحَمًة لِلعالَميْن,3.1.3,القراءة,قراءة النصوص الادبية/ معرفة الفكر الرئيسية والتفاصيل,"أن يحدد المتعلم الفكر الرئيسة والتفاصيل المساندة التي تسهم في توضيح الفكرة الرئيسة، أو الرسالة العامة، أو الدروس المقدمة في النصوص الأدبية",G6.2.1.1.1,يُحِّدُد المُتَعِّلُم المَعنى الإْجمالي لِلنَّص الأَدبِّي مَوِّضًحا الِفَكَر الَّرئيَسَة والجْزئِيَّة فيِه.,,,,,,,,,,,,,,,,,
Grade 6,الوحدة الثالثة,3.1,قَّصُة: رْحَمًة لِلعالَميْن,3.1.3,اللغة (المعجم),اللغة/اكتساب المفردات واستخدامها (المعجم),أن يكتسب المتعلم مفردات من خلال احتكاكه بمواقف غنية لغويا,G6.6.1.2.1,يُحِّدُد المُتَعِّلُم علاقاِت التَّضاِد والتَّراُدِف بَيَن الَكِلماِت.,,,,,,,,,,,,,,,,,
Grade 6,الوحدة الثالثة,3.1,قَّصُة: رْحَمًة لِلعالَميْن,3.1.3,اللغة (المعجم),اللغة/اكتساب المفردات واستخدامها (المعجم),أن يفسر المفردات الجديدة من خلال سياقاتها المختلفة,G6.6.1.3.6,يَستخدُم المُتَعِّلُم الَكِلماِت اَلجديَدَة في ِسياقاٍت تُفِّسُرَ مْعناها.,,,,,,,,,,,,,,,,,
Grade 6,الوحدة الثالثة,3.1,نٌّصَ معلوماتِّي :«الَمْسِجُد النَّبَوُّي تاريٌخ يَتَجَّدُد»,3.1.4,القراءة,قراءة النصوص المعلوماتية/ معرفة الفكر الرئيسية والتفاصيل,"أن يقرأ المتعلم النص المعلوماتي بعمق وشمولية، ويحدد الفكرة المركزية والفكر الرئيسة، ويستنتج العلاقات ضمن النص الواحد وبين النصوص المختلفة.",G6.3.1.1.1,"يُحِّدُد المُتَعِّلُم الِفَكَر الَّرئيَسَة لِلنَّصِ مْن خلاِل تَحليِل المَعلوماِت الَّصريحَة والِّضْمنِيَّة، ذاِكًرا الَّدليَل الَّذي يَدَعُم تَحليَلُه للنَّص.",,,,,,,,,,,,,,,,,
Grade 6,الوحدة الثالثة,3.1,نٌّصَ معلوماتِّي :«الَمْسِجُد النَّبَوُّي تاريٌخ يَتَجَّدُد»,3.1.4,القراءة,قراءة النصوص المعلوماتية / تحليل النص,"أن يحلل المتعلم عناصر النص واختيار الكاتب للكلمات، ويقيم الطرائق التي تساهم فيها تراكيب الجمل في بناء النص، وأساليب عرض وجهة النظر، أو طريقة كتابة النص وطباعته.",G6.3.2.1.1,يفسر الكلمات والمُصصلحات الواردة في نُصوص معلوماتيّة,,,,,,,,,,,,,,,,,
Grade 6,الوحدة الثالثة,3.1,نٌّصَ معلوماتِّي : كْن أَكثَرَ وْعيًا بِغَضبِك,3.1.5,القراءة,قراءة النصوص المعلوماتية/ معرفة الفكر الرئيسية والتفاصيل,"أن يقرأ المتعلم النص المعلوماتي بعمق وشمولية، ويحدد الفكرة المركزية والفكر الرئيسة، ويستنتج العلاقات ضمن النص الواحد وبين النصوص المختلفة.",G6.3.1.1.1,"يُحِّدُد المُتَعِّلُم الِفَكَر الَّرئيَسَة لِلنَّصِ مْن خلاِل تَحليِل المَعلوماِت الَّصريحَة والِّضْمنِيَّة، ذاِكًرا الَّدليَل الَّذي يَدَعُم تَحليَلُه للنَّص.",,,,,,,,,,,,,,,,,
Grade 6,الوحدة الثالثة,3.1,نٌّصَ معلوماتِّي : كْن أَكثَرَ وْعيًا بِغَضبِك,3.1.5,اللغة (المعجم),اللغة/اكتساب المفردات واستخدامها (المعجم),أن يكتسب المتعلم مفردات من خلال احتكاكه بمواقف غنية لغويا,G6.6.1.2.1,يُحِّدُد المُتَعِّلُم علاقاِت التَّضاِد والتَّراُدِف بَيَن الَكِلماِت.,,,,,,,,,,,,,,,,,
Grade 6,الوحدة الثالثة,3.1,نٌّصَ معلوماتِّي : كْن أَكثَرَ وْعيًا بِغَضبِك,3.1.5,اللغة (المعجم),اللغة/اكتساب المفردات واستخدامها (المعجم),أن يفسر المفردات الجديدة من خلال سياقاتها المختلفة,G6.6.1.3.6,يستخدم الَكلماِت اَلجديدَة في سياقاٍت تُفِّسُرَ مْعناها,,,,,,,,,,,,,,,,,
Grade 6,الوحدة الثالثة,3.2,قَّصُة: البَّحاَرُة والُّدب,3.2.1,الاستماع والمحادثة,الاستماع والمحادثة/استيعاب المعرفة وتقديمها,"أن يظهر المتعلم فهما لمواد مسموعة، ويتواصـل مع الآخرين مقدما المعلومات والنتائج المدعومة بالأدلة لإقناع المستمعين واستمالتهم نحو الموضوع مستخدما اللغة العربية الفصيحة.",G6.5.1.2.2,"يَفَهُم المُتَعِّلُم مضموَن الماَّدِة المَسموَعِة ، وَمعاني بَعض الِعبارا ِت الواِرَدِة فيها، والَّرسائِل المُضَّمنَة.",,,,,,,,,,,,,,,,,
Grade 6,الوحدة الثالثة,3.2,قَّصُة: جزاُء الإْحساِن,3.2.2,الاستماع والمحادثة,الاستماع والمحادثة/استيعاب المعرفة وتقديمها,"أن يظهر المتعلم فهما لمواد مسموعة، ويتواصـل مع الآخرين مقدما المعلومات والنتائج المدعومة بالأدلة لإقناع المستمعين واستمالتهم نحو الموضوع مستخدما اللغة العربية الفصيحة.",G6.5.1.2.2,"يفهم المتعلم مضمون المادة المسموعة، ومعاني بعض العبارات الواردة فيها، والرسائل المضمنة.",,,,,,,,,,,,,,,,,
Grade 6,الوحدة الثالثة,3.3,تَقديُم َعْرض بِعنْواِن (سيَرٌة  َغيْريَّة),3.3.1,الاستماع والمحادثة,الاستماع والمحادثة/استيعاب المعرفة وتقديمها,"أن يشارك المتعلم في النقاشات مع معلميه وزملائه، مكيفا كلامه وفق لمجموعة متنوعة مــن السـياقات والمهام  التواصلية، مظهرا إجادته للغة العربية الفصيحة.",G6.5.1.4.1,يعرض تقريًرا بحثيًا كتبه حول موضوع علمي أو أدبي موظًفا الوسائط المناسبة.,,,,,,,,,,,,,,,,,
Grade 6,الوحدة الثالثة,3.4,الَمفعوُل الُمطلَق,3.4.1,اللغة (النحو والصرف),اللغة/ بنية اللغة العربية (النحو والصرف),"أن يتعرف المتعلم المفاهيم النحوية والصرفية، ويستخدمها استخداما صحيحا.",G6.6.2.2.8,"يتعَّرُف المُتعِّلُم المَفعوَل المُطَلَق، ويُعِربُه إِعرابًا َصحيًحا، ويُوِّظُفُه في كتابَتِه.",الَمفعوُل الُمطلَق,,,,,,,,,,,,,,,,
Grade 6,الوحدة الثالثة,3.4,تركيُب العطِف,3.4.2,اللغة (النحو والصرف),اللغة/ بنية اللغة العربية (النحو والصرف),"أن يتعرف المتعلم المفاهيم النحوية والصرفية، ويستخدمها استخداما صحيحا.",G6.6.2.2.6,"يَتَعَّرف المتعِّلُم تركيب العطف، ويُوِّظُفُه في كتابَتِه.",العطف,,,,,,,,,,,,,,,,
Grade 6,الوحدة الثالثة,3.5,النَّص التَّفسيِري,3.5.1,الكتابة,الكتابة / انتاج الاعمال الكتابية ونشرها,"أن يكتب المتعلم نصوصا تعبر عن  فكرة مركزية تظهر مقدرة على التركيز والتنظيم وتدل على وعي كامل بالمتلقي في علاقته بغرض وبموضوع الكتابة، مطورا مهاراته الكتابية من خلال مراحل الكتابة (ما قبل الكتابة، المسودة، المراجعة)، لتحرير النص.
",G6.4.1.1.1,يعُّد مخَطًطا لأفكارِه بِمْنَهجيَّة تَنظيِميَّة متَواِزنَة.,كتابة نص تفسيري من فقرات متعددة ,,,,,,,,,,,,,,,,
Grade 6,الوحدة الثالثة,3.5,النَّص التَّفسيِري,3.5.1,الكتابة,الكتابة / انتاج الاعمال الكتابية ونشرها,أن ينتج المتعلم نصوصا سردية ومعلوماتية وإقناعية ووصفية وتظهر كتاباته تقيده بالسلامة اللغوية.,G6.4.2.4.3,"يكتب نصوًصا تفسيريَّة (وصف، شرح، مقارنة ومقابلة، مشكلة وحّل) ليعرض وجهة نظره الَّتي تناولها مقِّدًمأ أدلَّة مقنعة وأمثلة",,,,,,,,,,,,,,,,,
Grade 6,الوحدة الثالثة,3.5,النَّص التَّفسيِري,3.5.1,الكتابة,الكتابة / انتاج الاعمال الكتابية ونشرها,"أن يكتب المتعلم نصوصا تعبر عن  فكرة مركزية تظهر مقدرة على التركيز والتنظيم وتدل على وعي كامل بالمتلقي في علاقته بغرض وبموضوع الكتابة، مطورا مهاراته الكتابية من خلال مراحل الكتابة (ما قبل الكتابة، المسودة، المراجعة)، لتحرير النص.
",G6.4.2.3.3,"يستخدم في كتاباته أشكالا تنظيميَّة متنِّوعة من مثل: المقابلة والمقارنة، والتَّنظيم بحسب الأصناف أو الأهميَّة، موّظًفا أدوات الَّربط وعلامات التَّرقيم، ويكتب بسرعة مناسبة.",,,,,,,,,,,,,,,,,
Grade 6,الوحدة الثالثة,3.5,النَّص التَّفسيِري,3.5.1,الكتابة,الكتابة / انتاج الاعمال الكتابية ونشرها,"أن يكتب المتعلم نصوصا تعبر عن  فكرة مركزية تظهر مقدرة على التركيز والتنظيم وتدل على وعي كامل بالمتلقي في علاقته بغرض وبموضوع الكتابة، مطورا مهاراته الكتابية من خلال مراحل الكتابة (ما قبل الكتابة، المسودة، المراجعة)، لتحرير النص.
",G6.4.2.3.4,يطبِّق آليّات المراجعة والتّقويم على ما ينتجه من نصوص.,,,,,,,,,,,,,,,,,
Grade 6,الوحدة الثالثة,3.5,النَّص التَّفسيِري,3.5.1,اللغة (البلاغة),اللغة/ بنية اللغة العربية (البلاغة),"أن يتعرف المتعلم المفاهيم البلاغية، ويتذوقها ويوظفها في إنتاجه اللغوي",G6.6.5.1.4,ينتج جملا تتضَّمن طباًقا..,الطباق,,,,,,,,,,,,,,,,
Grade 6,الوحدة الرابعة,4.1,حديٌث شريْف: إْن قاَمِت الّساَعُة,4.1.1,القراءة,قراءة النصوص الادبية/ معرفة الفكر الرئيسية والتفاصيل,"أن يحدد المتعلم الفكر الرئيسة والتفاصيل المساندة التي تسهم في توضيح الفكرة الرئيسة، أو الرسالة العامة، أو الدروس المقدمة في النصوص الأدبية",G6.2.1.1.1, يُحِّدِد المُتَعِّلُم المعنى الإجمالي للنص الأدبي موضًحا الفكر الرئيسة والجزئية فيه.,,,,,,,,,,,,,,,,,
Grade 6,الوحدة الرابعة,4.1,حديٌث شريْف: إْن قاَمِت الّساَعُة,4.1.1,اللغة (المعجم),اللغة/اكتساب المفردات واستخدامها (المعجم),أن يكتسب المتعلم مفردات من خلال احتكاكه بمواقف غنية لغويا,G6.6.1.2.1,يُحدد المُتَعِّلم علاقات التضاد والترادف بين الكلمات.,,,,,,,,,,,,,,,,,
Grade 6,الوحدة الرابعة,4.1,حديٌث شريْف: إْن قاَمِت الّساَعُة,4.1.1,اللغة (المعجم),اللغة/اكتساب المفردات واستخدامها (المعجم),أن يفسر المفردات الجديدة من خلال سياقاتها المختلفة,G6.6.1.3.4,يحدد المُتَعِّلم المعنى المناسب للكلمات متعددة المعاني مستخدًما السياق.,,,,,,,,,,,,,,,,,
Grade 6,الوحدة الرابعة,4.1,حديٌث شريْف: إْن قاَمِت الّساَعُة,4.1.1,اللغة (المعجم),اللغة/اكتساب المفردات واستخدامها (المعجم),أن يفسر المفردات الجديدة من خلال سياقاتها المختلفة,G6.6.1.3.6,يستخدم المُتَعِّلم الكلمات الجديدة في سياقات تفسر معناها.,,,,,,,,,,,,,,,,,
Grade 6,الوحدة الرابعة,4.1,شْعٌر: نَغُم الَّسعاَدِة,4.1.2,القراءة,قراءة النصوص الادبية/ معرفة الفكر الرئيسية والتفاصيل,"أن يحدد المتعلم الفكر الرئيسة والتفاصيل المساندة التي تسهم في توضيح الفكرة الرئيسة، أو الرسالة العامة، أو الدروس المقدمة في النصوص الأدبية",G6.2.1.1.1,"يُحِّدُد المُتَعِّلُم الْمْعنى الإْجَمالي للنَّص الأَدبِّي، موِّضًحا الْفَكَر الَّرئيَسَة والْجْزئِيَّة فيِه.",,,,,,,,,,,,,,,,,
Grade 6,الوحدة الرابعة,4.1,شْعٌر: نَغُم الَّسعاَدِة,4.1.2,القراءة,قراءة النصوص الادبية/ تكامل المعرفة مع الفكر,"أن يقرأ المتعلم نصوصا شعرية وأعمالاً نثرية متنوعة ويقمها ويحللها، ويــدمــج الفكر المقدمة فيها؛ لبناء معرفة وفهم جديدين عن الفكرة المحورية، والرسائل المتضمنة في الأعمال الأدبية.",G6.2.3.1.3,يَحَفظ المُتَعِّلم نَصا من 10 12 - بيتًا.,,,,,,,,,,,,,,,,,
Grade 6,الوحدة الرابعة,4.1,شْعٌر: نَغُم الَّسعاَدِة,4.1.2,اللغة (المعجم),اللغة/اكتساب المفردات واستخدامها (المعجم),أن يكتسب المتعلم مفردات من خلال احتكاكه بمواقف غنية لغويا,G6.6.1.2.1,يُحّدُد المتعِّلُم علاقاِت التَّضاِد والتَّراُدِف بين الكِلماِت.,,,,,,,,,,,,,,,,,
Grade 6,الوحدة الرابعة,4.1,قِصة : ثَلاثَة أَسئِلَة,4.1.3,القراءة,قراءة النصوص المعلوماتية/ معرفة الفكر الرئيسية والتفاصيل,"أن يقرأ المتعلم النص المعلوماتي بعمق وشمولية، ويحدد الفكرة المركزية والفكر الرئيسة، ويستنتج العلاقات ضمن النص الواحد وبين النصوص المختلفة.",G6.3.1.1.1,يُحِّلُل المُتَعِّلُم نًّصا أدبيًا مبيّنًا فكرة النَّص وعناصره الفنية الأخرى.,,,,,,,,,,,,,,,,,
Grade 6,الوحدة الرابعة,4.1,قِصة : ثَلاثَة أَسئِلَة,4.1.3,القراءة,قراءة النصوص الأدبية/ معرفة الفكر الرئيسية والتفاصيل,"أن يحدد المتعلم الفكر الرئيسة والتفاصيل المساندة التي تسهم في توضيح الفكرة الرئيسة، أو الرسالة العامة، أو الدروس المقدمة في النصوص الأدبية",G6.2.1.1.1,يُحِّدِد المُتَعِّلُم المعنى الإجمالي للنص الأدبي موضًحا الفكر الرئيسة والجزئية فيه.,,,,,,,,,,,,,,,,,
Grade 6,الوحدة الرابعة,4.1,قِصة : ثَلاثَة أَسئِلَة,4.1.3,اللغة (المعجم),اللغة/اكتساب المفردات واستخدامها (المعجم),أن يكتسب المتعلم مفردات من خلال احتكاكه بمواقف غنية لغويا,G6.6.1.2.1,يُحدد المُتَعِّلم علاقات التضاد والترادف بين الكلمات.,,,,,,,,,,,,,,,,,
Grade 6,الوحدة الرابعة,4.1,قِصة : ثَلاثَة أَسئِلَة,4.1.3,اللغة (المعجم),اللغة/اكتساب المفردات واستخدامها (المعجم),أن يفسر المفردات الجديدة من خلال سياقاتها المختلفة,G6.6.1.3.4,يحدد المُتَعِّلم المعنى المناسب للكلمات متعددة المعاني مستخدًما السياق.,,,,,,,,,,,,,,,,,
Grade 6,الوحدة الرابعة,4.1,قِصة : ثَلاثَة أَسئِلَة,4.1.3,اللغة (المعجم),اللغة/اكتساب المفردات واستخدامها (المعجم),أن يفسر المفردات الجديدة من خلال سياقاتها المختلفة,G6.6.1.3.6,يستخدم المُتَعِّلم الكلمات الجديدة في سياقات تفسر معناها.,,,,,,,,,,,,,,,,,
Grade 6,الوحدة الرابعة,4.1,نٌّصَ معلوماتِّي : حساُب الَوْقِت قَبْل اختراع الساعات ,4.1.4,القراءة,قراءة النصوص المعلوماتية/ معرفة الفكر الرئيسية والتفاصيل,"أن يحدد المتعلم الفكر الرئيسة والتفاصيل المساندة التي تسهم في توضيح الفكرة الرئيسة، أو الرسالة العامة، أو الدروس المقدمة في النصوص الأدبية",G6.3.1.1.1,"يُحِّدُد المُتَعِّلُم الِفَكَر الَّرئيَسَة لِلنَص مْن خلاِل تَحليِل المَعلوماِت الَّصريحَة والِّضْمنِيَّة ، ذاِكًرا الَّدليَل الَّذي  يَدَعُم تَحليَلُه للنَّص.",,,,,,,,,,,,,,,,,
Grade 6,الوحدة الرابعة,4.1,نٌّصَ معلوماتِّي : حساُب الَوْقِت قَبْل اختراع الساعات ,4.1.4,اللغة (المعجم),اللغة/اكتساب المفردات واستخدامها (المعجم),أن يكتسب المتعلم مفردات من خلال احتكاكه بمواقف غنية لغويا,G6.6.1.2.1,يُحدُد المتعِّلُم علاقاِت التَّضاِد والتَّرادِف بين الكلماِت,,,,,,,,,,,,,,,,,
Grade 6,الوحدة الرابعة,4.1,نٌّصَ معلوماتِّي : حساُب الَوْقِت قَبْل اختراع الساعات ,4.1.4,اللغة (المعجم),اللغة/اكتساب المفردات واستخدامها (المعجم),أن يفسر المفردات الجديدة من خلال سياقاتها المختلفة,G6.6.1.3.6,يستخدم الَكلماِت الجديدَة في سياقاٍت تُفِّسُر مْعناها.,,,,,,,,,,,,,,,,,
Grade 6,الوحدة الرابعة,4.2,وقتك وهاتفك الذكي,4.2.1,الاستماع والمحادثة,الاستماع والمحادثة/استيعاب المعرفة وتقديمها,"أن يظهر المتعلم فهما لمواد مسموعة، ويتواصـل مع الآخرين مقدما المعلومات والنتائج المدعومة بالأدلة لإقناع المستمعين واستمالتهم نحو الموضوع مستخدما اللغة العربية الفصيحة.",G6.5.1.2.2,"يَفَهُم المُتَعِّلُم مْضموَن الماَّدِة المَسموَعِة، وَمعاني بَعض الِعباراِت الواِرَدِة فْيها، والَّرسائِل المُضَّمنَة. ",,,,,,,,,,,,,,,,,
Grade 6,الوحدة الرابعة,4.3,تقديم عرض,4.3.1,الاستماع والمحادثة,الاستماع والمحادثة/استيعاب المعرفة وتقديمها,"أن يستخدم المتعلم الوسائط الرقمية في العروض البصرية للتعبير عن المعلومات، ويفهم المــادة المعروضة من خلال هذه الوسائط.",G6.5.1.5.2,يعرض نًّصا معلوماتيًا بأشكال مرئية أو باستخدام الوسائط المتعددة شارًحا كيف تسهم تلك المعينات في توضيح الموضوع. ,,,,,,,,,,,,,,,,,
Grade 6,الوحدة الرابعة,4.3,تقديم عرض,4.3.1,الاستماع والمحادثة,الاستماع والمحادثة/استيعاب المعرفة وتقديمها,"أن يشارك المتعلم في النقاشات مع معلميه وزملائه، مكيفا كلامه وفق لمجموعة متنوعة مــن السـياقات والمهام  التواصلية، مظهرا إجادته للغة العربية الفصيحة.",G6.4.1.1.4,يعرض تقريًرا بحثيًا كتبه حول موضوع علمي أو أدبي موظًفا الوسائط المناسبة,,,,,,,,,,,,,,,,,
Grade 6,الوحدة الرابعة,4.4,التركيب النعتي,4.4.1,اللغة (النحو والصرف),اللغة/ بنية اللغة العربية (النحو والصرف),"أن يتعرف المتعلم المفاهيم النحوية والصرفية، ويستخدمها استخداما صحيحا.",G6.6.2.2.9, المتعِّلُم التَّركيَب النَّعتَّي (النَّعَت والمْنعوَت) ويُوِّظُفُه في كتابَتِه. ,النعت (الصفة),,,,,,,,,,,,,,,,
Grade 6,الوحدة الرابعة,4.4,ضمائر الرفع المتصلة,4.4.2,اللغة (النحو والصرف),اللغة/ بنية اللغة العربية (النحو والصرف),"أن يتعرف المتعلم المفاهيم النحوية والصرفية، ويستخدمها استخداما صحيحا.",G5.6.2.1.1, يَتعَّرف المُتعِّلُم ضمائِر الَّرفِع المُتَّصلَة. ,ضمائر الرفع المتصلة,,,,,,,,,,,,,,,,
Grade 6,الوحدة الرابعة,4.5,كتابة نص تفسيري,4.5.1,الكتابة,الكتابة / إنتاج الاعمال الكتابية ونشرها,"أن يكتب المتعلم نصوصا تعبر عن  فكرة مركزية تظهر مقدرة على التركيز والتنظيم وتدل على وعي كامل بالمتلقي في علاقته بغرض وبموضوع الكتابة، مطورا مهاراته الكتابية من خلال مراحل الكتابة (ما قبل الكتابة، المسودة، المراجعة)، لتحرير النص.
",G6.4.1.1.1, يعُّد مخَّططا لأفكارِه بِمْنَهجيَّة تَنظيِميَّة متَواِزنَة.,,,,,,,,,,,,,,,,,
Grade 6,الوحدة الرابعة,4.5,كتابة نص تفسيري,4.5.1,الكتابة,الكتابة / إنتاج الاعمال الكتابية ونشرها,أن ينتج المتعلم نصوصا سردية ومعلوماتية وإقناعية ووصفية وتظهر كتاباته تقيده بالسلامة اللغوية.,G6.4.2.4.3," يكتب نَّصوًصا تفسيريَّة (وصف، شرح، مقارنة ومقابلة، مشكلة وحّل) ليعرض وجهة نظره الَّتي تناولها  مقِّدًمأ أدلَّة مقنعة وأمثلة.",كتابة نص تفسيري من فقرات متعددة ,,,,,,,,,,,,,,,,
Grade 6,الوحدة الرابعة,4.5,كتابة نص تفسيري,4.5.1,الكتابة,الكتابة / إنتاج الاعمال الكتابية ونشرها,"أن يكتب المتعلم نصوصا تعبر عن  فكرة مركزية تظهر مقدرة على التركيز والتنظيم وتدل على وعي كامل بالمتلقي في علاقته بغرض وبموضوع الكتابة، مطورا مهاراته الكتابية من خلال مراحل الكتابة (ما قبل الكتابة، المسودة، المراجعة)، لتحرير النص.
",G6.4.2.3.3," يستخدم في كتاباته أشكالا تنظيميَّة متنِّوعة من مثل: المقابلة والمقارنة، والتَّنظيم بحسب الأصناف أو  الأهميَّة، موّظًفا أدوات الَّربط وعلامات التَّرقيم، ويكتب بسرعة مناسبة. ",,,,,,,,,,,,,,,,,
Grade 6,الوحدة الرابعة,4.5,كتابة نص تفسيري,4.5.1,الكتابة,الكتابة / إنتاج الاعمال الكتابية ونشرها,"أن يكتب المتعلم نصوصا تعبر عن  فكرة مركزية تظهر مقدرة على التركيز والتنظيم وتدل على وعي كامل بالمتلقي في علاقته بغرض وبموضوع الكتابة، مطورا مهاراته الكتابية من خلال مراحل الكتابة (ما قبل الكتابة، المسودة، المراجعة)، لتحرير النص.
",G6.4.2.3.4, يطبِّق آليّات المراجعة والتّقويم على ما ينتجه من نَصوص.,,,,,,,,,,,,,,,,,
Grade 6,الوحدة الرابعة,4.5,كتابة نص تفسيري,4.5.1,اللغة (البلاغة),اللغة/ بنية اللغة العربية (البلاغة),"أن يتعرف المتعلم المفاهيم البلاغية، ويتذوقها ويوظفها في إنتاجه اللغوي",G6.6.5.1.4, ينتج جملا تتضَّمن طباًقا.,,,,,,,,,,,,,,,,,
Grade 6,الوحدة الخامسة,5.1,شعر: ابسمي,5.1.1,القراءة,قراءة النصوص الادبية/ معرفة الفكر الرئيسية والتفاصيل,"أن يحدد المتعلم الفكر الرئيسة والتفاصيل المساندة التي تسهم في توضيح الفكرة الرئيسة، أو الرسالة العامة، أو الدروس المقدمة في النصوص الأدبية",G6.2.1.1.1,"يُحِّدُد المُتَعِّلُم الْمْعنى الإْجَمالي للنَّص الأَدبِّي، موِّضًحا الْفَكَر الَّرئيَسَة والْجْزئِيَّة فيِه.",,,,,,,,,,,,,,,,,
Grade 6,الوحدة الخامسة,5.1,شعر: ابسمي,5.1.1,القراءة,قراءة النصوص الادبية/ تكامل المعرفة مع الفكر,"أن يقرأ المتعلم نصوصا شعرية وأعمالاً نثرية متنوعة ويقمها ويحللها، ويــدمــج الفكر المقدمة فيها؛ لبناء معرفة وفهم جديدين عن الفكرة المحورية، والرسائل المتضمنة في الأعمال الأدبية.",G6.2.3.1.3,يَحَفظ المُتَعِّلم نَصا من 10 12 - بيتًا.,,,,,,,,,,,,,,,,,
Grade 6,الوحدة الخامسة,5.1,شعر: ابسمي,5.1.1,اللغة (المعجم),اللغة/اكتساب المفردات واستخدامها (المعجم),أن يكتسب المتعلم مفردات من خلال احتكاكه بمواقف غنية لغويا,G6.6.1.2.1, يُحدُد المتعِّلُم علاقاِت التَّضاِد والتَّرادِف بين الكلماِت,,,,,,,,,,,,,,,,,
Grade 6,الوحدة الخامسة,5.1,شعر: ابسمي,5.1.1,القراءة,قراءة النصوص الادبية/ معرفة الفكر الرئيسية والتفاصيل,"أن يحدد المتعلم الفكر الرئيسة والتفاصيل المساندة التي تسهم في توضيح الفكرة الرئيسة، أو الرسالة العامة، أو الدروس المقدمة في النصوص الأدبية",G6.2.1.1.2,يَفِّسُر كلماِت النص ااَلأدِّبي مستَنتِجا الّدلالاِت التّعبيريَّة فيه. ,,,,,,,,,,,,,,,,,
Grade 6,الوحدة الخامسة,5.1,شعر: ابسمي,5.1.1,القراءة,قراءة النصوص الادبية/ تحليل النص,"أن يحدد المتعلم جوانب معينة في النصوص الأدبية ويفهمها،ويحلل عناصر النص وخيارات المؤلفين في اختيار الكلمت والأساليب الأدبية المناسبة لنصوصهم.",G6.2.2.1.2,"يفسر المتعلم اللغة المجازية، والمعاني الدلالية ّ  للكلمات والعبارات المستخدمة في النص الأدبي، معللا استخدام الكاتب هذه اللغة",,,,,,,,,,,,,,,,,
Grade 6,الوحدة الخامسة,5.1,شعر: ابسمي,5.1.1,اللغة (البلاغة),اللغة/ بنية اللغة العربية (البلاغة),"أن يتعرف المتعلم المفاهيم البلاغية، ويتذوقها ويوظفها في إنتاجه اللغوي",G6.6.5.1.2, يُنتِج المُتعَّلُم جَملا تَتضّمُن تَشبيًها.,,,,,,,,,,,,,,,,,
Grade 6,الوحدة الخامسة,5.1,شعر: ابسمي,5.1.1,اللغة (البلاغة),اللغة/ بنية اللغة العربية (البلاغة),"أن يتعرف المتعلم المفاهيم البلاغية، ويتذوقها ويوظفها في إنتاجه اللغوي",G6.6.5.1.4, ينتج جملا تتضَّمن طباًقا.,الطباق,,,,,,,,,,,,,,,,
Grade 6,الوحدة الخامسة,5.1,شعر: ابسمي,5.1.1,اللغة (المعجم),اللغة/اكتساب المفردات واستخدامها (المعجم),أن يفسر المفردات الجديدة من خلال سياقاتها المختلفة,G6.6.1.3.3,يحدد المتعلم المعانى المعجمية والاصطلاحية ّ للكلمات,,,,,,,,,,,,,,,,,
Grade 6,الوحدة الخامسة,5.1,من نوادر جحا,5.1.2,القراءة,قراءة النصوص الادبية/ معرفة الفكر الرئيسية والتفاصيل,"أن يحدد المتعلم الفكر الرئيسة والتفاصيل المساندة التي تسهم في توضيح الفكرة الرئيسة، أو الرسالة العامة، أو الدروس المقدمة في النصوص الأدبية",G6.2.2.1.1,يحلل المتعلم نصا ادبيا مبينا فكرة النص وعناصره الفنية الاخرى,,,,,,,,,,,,,,,,,
Grade 6,الوحدة الخامسة,5.1,من نوادر جحا,5.1.2,القراءة,قراءة النصوص الادبية/ معرفة الفكر الرئيسية والتفاصيل,"أن يحدد المتعلم الفكر الرئيسة والتفاصيل المساندة التي تسهم في توضيح الفكرة الرئيسة، أو الرسالة العامة، أو الدروس المقدمة في النصوص الأدبية",G6.2.1.1.1,"يُحِّدُد المُتَعِّلُم الْمْعنى الإْجَمالي للنَّص الأَدبِّي، موِّضًحا الْفَكَر الَّرئيَسَة والْجْزئِيَّة فيِه.",,,,,,,,,,,,,,,,,
Grade 6,الوحدة الخامسة,5.1,من نوادر جحا,5.1.2,اللغة (المعجم),اللغة/اكتساب المفردات واستخدامها (المعجم),أن يكتسب المتعلم مفردات من خلال احتكاكه بمواقف غنية لغويا,G6.6.1.2.1, يُحدُد المتعِّلُم علاقاِت التَّضاِد والتَّرادِف بين الكلماِت,,,,,,,,,,,,,,,,,
Grade 6,الوحدة الخامسة,5.1,من نوادر جحا,5.1.2,اللغة (المعجم),اللغة/اكتساب المفردات واستخدامها (المعجم),أن يفسر المفردات الجديدة من خلال سياقاتها المختلفة,G6.6.1.3.4,يحدد المُتَعِّلم المعنى المناسب للكلمات متعددة المعاني مستخدًما السياق.,,,,,,,,,,,,,,,,,
Grade 6,الوحدة الخامسة,5.1,من نوادر جحا,5.1.2,اللغة (المعجم),اللغة/اكتساب المفردات واستخدامها (المعجم),أن يفسر المفردات الجديدة من خلال سياقاتها المختلفة,G6.6.1.3.6, يستخدم الَكلماِت الجديدَة في سياقاٍت تُفِّسُر مْعناها.,,,,,,,,,,,,,,,,,
Grade 6,الوحدة الخامسة,5.1,من نوادر العرب,5.1.3,القراءة,قراءة النصوص الادبية/ معرفة الفكر الرئيسية والتفاصيل,"أن يحدد المتعلم الفكر الرئيسة والتفاصيل المساندة التي تسهم في توضيح الفكرة الرئيسة، أو الرسالة العامة، أو الدروس المقدمة في النصوص الأدبية",G6.2.2.1.1,يحلل المتعلم نصا ادبيا مبينا فكرة النص وعناصره الفنية الاخرى,,,,,,,,,,,,,,,,,
Grade 6,الوحدة الخامسة,5.1,من نوادر العرب,5.1.3,القراءة,قراءة النصوص الادبية/ معرفة الفكر الرئيسية والتفاصيل,"أن يحدد المتعلم الفكر الرئيسة والتفاصيل المساندة التي تسهم في توضيح الفكرة الرئيسة، أو الرسالة العامة، أو الدروس المقدمة في النصوص الأدبية",G6.2.1.1.1,"يُحِّدُد المُتَعِّلُم الْمْعنى الإْجَمالي للنَّص الأَدبِّي، موِّضًحا الْفَكَر الَّرئيَسَة والْجْزئِيَّة فيِه.",,,,,,,,,,,,,,,,,
Grade 6,الوحدة الخامسة,5.1,من نوادر العرب,5.1.3,اللغة (المعجم),اللغة/اكتساب المفردات واستخدامها (المعجم),أن يكتسب المتعلم مفردات من خلال احتكاكه بمواقف غنية لغويا,G6.6.1.2.1, يُحدُد المتعِّلُم علاقاِت التَّضاِد والتَّرادِف بين الكلماِت,,,,,,,,,,,,,,,,,
Grade 6,الوحدة الخامسة,5.1,من نوادر العرب,5.1.3,اللغة (المعجم),اللغة/اكتساب المفردات واستخدامها (المعجم),أن يفسر المفردات الجديدة من خلال سياقاتها المختلفة,G6.6.1.3.4,يحدد المُتَعِّلم المعنى المناسب للكلمات متعددة المعاني مستخدًما السياق.,,,,,,,,,,,,,,,,,
Grade 6,الوحدة الخامسة,5.1,من نوادر العرب,5.1.3,اللغة (المعجم),اللغة/اكتساب المفردات واستخدامها (المعجم),أن يفسر المفردات الجديدة من خلال سياقاتها المختلفة,G6.6.1.3.6, يستخدم المتعلّمُ الَكلماِت الجديدَة في سياقاٍت تُفِّسُر مْعناها.,,,,,,,,,,,,,,,,,
Grade 6,الوحدة الخامسة,5.1,نص معلوماتي: وسائل الترفيه بين الماضي والحاضر,5.1.4,القراءة,قراءة النصوص المعلوماتية/ معرفة الفكر الرئيسية والتفاصيل,"أن يحدد المتعلم الفكر الرئيسة والتفاصيل المساندة التي تسهم في توضيح الفكرة الرئيسة، أو الرسالة العامة، أو الدروس المقدمة في النصوص الأدبية",G6.3.1.1.1,"يُحِّدُد المُتَعِّلُم الِفَكَر الَّرئيَسَة لِلنَص مْن خلاِل تَحليِل المَعلوماِت الَّصريحَة والِّضْمنِيَّة ، ذاِكًرا الَّدليَل الَّذي  يَدَعُم تَحليَلُه للنَّص.",,,,,,,,,,,,,,,,,
Grade 6,الوحدة الخامسة,5.1,نص معلوماتي: وسائل الترفيه بين الماضي والحاضر,5.1.4,القراءة,قراءة النصوص المعلوماتية / تَحليل نص,"أن يحلل المتعلم عناصر النص واختيار الكاتب للكلمات، ويقيم الطرائق التي تساهم فيها تراكيب الجمل في بناء النص، وأساليب عرض وجهة النظر، أو طريقة كتابة النص وطباعته.",G6.3.2.1.1,يفسر الكلمات والمُصصلحات الواردة في نُصوص معلوماتيّة,,,,,,,,,,,,,,,,,
Grade 6,الوحدة الخامسة,5.1,نص معلوماتي: قوة الذكاء الاجتماعي,5.1.5,القراءة,قراءة النصوص المعلوماتية/ معرفة الفكر الرئيسية والتفاصيل,"أن يحدد المتعلم الفكر الرئيسة والتفاصيل المساندة التي تسهم في توضيح الفكرة الرئيسة، أو الرسالة العامة، أو الدروس المقدمة في النصوص الأدبية",G6.3.1.1.1,"يُحِّدُد المُتَعِّلُم الِفَكَر الَّرئيَسَة لِلنَص مْن خلاِل تَحليِل المَعلوماِت الَّصريحَة والِّضْمنِيَّة ، ذاِكًرا الَّدليَل الَّذي  يَدَعُم تَحليَلُه للنَّص.",,,,,,,,,,,,,,,,,
Grade 6,الوحدة الخامسة,5.1,نص معلوماتي: قوة الذكاء الاجتماعي,5.1.5,القراءة,قراءة النصوص المعلوماتية / تَحليل نص,"أن يحلل المتعلم عناصر النص واختيار الكاتب للكلمات، ويقيم الطرائق التي تساهم فيها تراكيب الجمل في بناء النص، وأساليب عرض وجهة النظر، أو طريقة كتابة النص وطباعته.",G6.3.2.1.1,يفسر الكلمات والمُصصلحات الواردة في نُصوص معلوماتيّة,,,,,,,,,,,,,,,,,
Grade 6,الوحدة الخامسة,5.1,نص معلوماتي: قوة الذكاء الاجتماعي,5.1.5,اللغة (المعجم),اللغة/اكتساب المفردات واستخدامها (المعجم),أن يفسر المفردات الجديدة من خلال سياقاتها المختلفة,G6.6.1.3.6, يستخدم الَكلماِت الجديدَة في سياقاٍت تُفِّسُر مْعناها.,,,,,,,,,,,,,,,,,
Grade 6,الوحدة الخامسة,5.2,الاستماع: حذاء ابي قاسم الطنبوري,5.2.1,الاستماع والمحادثة,الاستماع والمحادثة/استيعاب المعرفة وتقديمها,"أن يظهر المتعلم فهما لمواد مسموعة، ويتواصـل مع الآخرين مقدما المعلومات والنتائج المدعومة بالأدلة لإقناع المستمعين واستمالتهم نحو الموضوع مستخدما اللغة العربية الفصيحة.",G6.5.1.2.2,يفهم المتعلم مضمون المادة المسموعة ومعاني بعض العبارات الواردة فيها والرسائل المضمنة.,,,,,,,,,,,,,,,,,
Grade 6,الوحدة الخامسة,5.3,المحادثة: موقف طريف في حياتي,5.3.1,الاستماع والمحادثة,الاستماع والمحادثة/استيعاب المعرفة وتقديمها,"أن يشارك المتعلم في النقاشات مع معلميه وزملائه، مكيفا كلامه وفق لمجموعة متنوعة مــن السـياقات والمهام  التواصلية، مظهرا إجادته للغة العربية الفصيحة.",G6.5.1.4.2,"يعد وينشىء المتعلم قصة ويقدمها مستخدمّا عناصر القصة الأساسية: (المقدمة، العرض أو الموضوع السردي، الخاتمة أو النهاية)، مضمنا عرضه تفصيلات سرديــة عن كيفية تطور  ونمو مواقف وآراء الشخصيات مــبرز ا ً المكان والحوار والحبكة في السرد القصصي مستخدم إستراتيجيات وآليات الكلام المتضمنة: ضبط التنغيم ووضــوح الصوت وتوقيت الكلام والاتصال البصري، علاقة الكلام بالمتلقي.
",,,,,,,,,,,,,,,,,
Grade 6,الوحدة الخامسة,5.4,النحو: مراجعة ومدارسة,5.4.1,اللغة (النحو والصرف),اللغة/ بنية اللغة العربية (النحو والصرف),"أن يتعرف المتعلم المفاهيم النحوية والصرفية، ويستخدمها استخداما صحيحا.",G4.6.2.1.1,يميز المتعلم بين الجملة التامة والتركيب,الجملة والتركيب,,,,,,,,,,,,,,,,
Grade 6,الوحدة الخامسة,5.4,النحو: مراجعة ومدارسة,5.4.1,اللغة (النحو والصرف),اللغة/ بنية اللغة العربية (النحو والصرف),"أن يتعرف المتعلم المفاهيم النحوية والصرفية، ويستخدمها استخداما صحيحا.",G5.5.2.2.6,يميز المتعلم بين انواع الخبر في الجملة الاسمية,أنواع الخبر في الجملة الاسمية,"الجملة الاسمية: أنواع الخبر 1
الجملة الاسمية: أنواع الخبر 2","الجملة الاسمية: أنواع الخبر 1
الجملة الاسمية: أنواع الخبر 2",,,,,,,,,,,,,,
Grade 6,الوحدة الخامسة,5.4,النحو: مراجعة ومدارسة,5.4.1,اللغة (النحو والصرف),اللغة/ بنية اللغة العربية (النحو والصرف),"أن يتعرف المتعلم المفاهيم النحوية والصرفية، ويستخدمها استخداما صحيحا.",G4.6.2.2.1,يعين المتعلم اركان الجملة الفعلية (الفعل والفاعل والمفعول) ويضبطها ضبطا صحيحا,أركان الجملة الفعلية (الفعل والفاعل والمفعول به),,,,,,,,,,,,,,,,
Grade 6,الوحدة الخامسة,5.4,النحو: مراجعة ومدارسة,5.4.1,اللغة (النحو والصرف),اللغة/ بنية اللغة العربية (النحو والصرف),"أن يتعرف المتعلم المفاهيم النحوية والصرفية، ويستخدمها استخداما صحيحا.",G5.6.2.2.2,يتعرف المتعلم جملة كان وأخواتها بعناصرها وانواع خبرها ويوظفها في جمل من إنشائه,كان وأخواتها ,النواسخ- كان وأخواتها,,,,,,,,,,,,,,,
Grade 6,الوحدة الخامسة,5.4,النحو: مراجعة ومدارسة,5.4.1,اللغة (النحو والصرف),اللغة/ بنية اللغة العربية (النحو والصرف),"أن يتعرف المتعلم المفاهيم النحوية والصرفية، ويستخدمها استخداما صحيحا.",G5.6.2.2.2,يتعرف المتعلم جملة إن بعناصرها وأنواع خبرها ويوظفها في جمل من إنشائه,إنّ وأخواتها,النواسخ- إنّ وأخواتها,,,,,,,,,,,,,,,
Grade 6,الوحدة الخامسة,5.4,النحو: مراجعة ومدارسة,5.4.1,اللغة (النحو والصرف),اللغة/ بنية اللغة العربية (النحو والصرف),"أن يتعرف المتعلم المفاهيم النحوية والصرفية، ويستخدمها استخداما صحيحا.",G6.6.2.2.7,يتعرف المتعلم المفعول فيه ويعربه إعرابا صحيحا ويوظفه في كتابته,المفعول فيه,,,,,,,,,,,,,,,,
Grade 6,الوحدة الخامسة,5.4,النحو: مراجعة ومدارسة,5.4.1,اللغة (النحو والصرف),اللغة/ بنية اللغة العربية (النحو والصرف),"أن يتعرف المتعلم المفاهيم النحوية والصرفية، ويستخدمها استخداما صحيحا.",G6.6.2.2.8,يتعرف المتعلم المفعول المطلق ويعربه إعرابا صحيحا ويوظفه في كتابته,المفعول المطلق,,,,,,,,,,,,,,,,
Grade 6,الوحدة الخامسة,5.4,النحو: مراجعة ومدارسة,5.4.1,اللغة (النحو والصرف),اللغة/ بنية اللغة العربية (النحو والصرف),"أن يتعرف المتعلم المفاهيم النحوية والصرفية، ويستخدمها استخداما صحيحا.",G6.6.2.2.6,يتعرف المتعلم تركيب العطف ويوظفه في كتابته,العطف,,,,,,,,,,,,,,,,
Grade 6,الوحدة الخامسة,5.4,النحو: مراجعة ومدارسة,5.4.1,اللغة (النحو والصرف),اللغة/ بنية اللغة العربية (النحو والصرف),"أن يتعرف المتعلم المفاهيم النحوية والصرفية، ويستخدمها استخداما صحيحا.",G6.6.2.2.9,يتعرف المتعلم التركيب النعتي (النعت والمنعوت) ويوظفه في كتابته,التركيب النعتي (النعت والمنعوت),,,,,,,,,,,,,,,,
Grade 6,الوحدة الخامسة,5.5,كتابة نص تفسيري,5.5.1,الكتابة,الكتابة / انتاج الاعمال الكتابية ونشرها,"أن يكتب المتعلم نصوصا تعبر عن  فكرة مركزية تظهر مقدرة على التركيز والتنظيم وتدل على وعي كامل بالمتلقي في علاقته بغرض وبموضوع الكتابة، مطورا مهاراته الكتابية من خلال مراحل الكتابة (ما قبل الكتابة، المسودة، المراجعة)، لتحرير النص.
",G6.4.2.3.3,يعد مخططا لأفكاره بمنهجية تنظيمية متوازنة,,,,,,,,,,,,,,,,,
Grade 6,الوحدة الخامسة,5.5,كتابة نص تفسيري,5.5.1,الكتابة,الكتابة / انتاج الاعمال الكتابية ونشرها,أن ينتج المتعلم نصوصا سردية ومعلوماتية وإقناعية ووصفية وتظهر كتاباته تقيده بالسلامة اللغوية.,G6.4.2.4.3," يكتب نَّصوًصا تفسيريَّة (وصف، شرح، مقارنة ومقابلة، مشكلة وحّل) ليعرض وجهة نظره الَّتي تناولها  مقِّدًمأ أدلَّة مقنعة وأمثلة.",كتابة نص تفسيري من فقرات متعددة ,,,,,,,,,,,,,,,,
Grade 6,الوحدة الخامسة,5.5,كتابة نص تفسيري,5.5.1,الكتابة,الكتابة / انتاج الاعمال الكتابية ونشرها,"أن يكتب المتعلم نصوصا تعبر عن  فكرة مركزية تظهر مقدرة على التركيز والتنظيم وتدل على وعي كامل بالمتلقي في علاقته بغرض وبموضوع الكتابة، مطورا مهاراته الكتابية من خلال مراحل الكتابة (ما قبل الكتابة، المسودة، المراجعة)، لتحرير النص.
",G6.4.2.3.3," يستخدم في كتاباته أشكالا تنظيميَّة متنِّوعة من مثل: المقابلة والمقارنة، والتَّنظيم بحسب الأصناف أو  الأهميَّة، موّظًفا أدوات الَّربط وعلامات التَّرقيم، ويكتب بسرعة مناسبة. ",,,,,,,,,,,,,,,,,
Grade 6,الوحدة الخامسة,5.5,كتابة نص تفسيري,5.5.1,الكتابة,الكتابة / انتاج الاعمال الكتابية ونشرها,"أن يكتب المتعلم نصوصا تعبر عن  فكرة مركزية تظهر مقدرة على التركيز والتنظيم وتدل على وعي كامل بالمتلقي في علاقته بغرض وبموضوع الكتابة، مطورا مهاراته الكتابية من خلال مراحل الكتابة (ما قبل الكتابة، المسودة، المراجعة)، لتحرير النص.
",G6.4.2.3.4, يطبِّق آليّات المراجعة والتّقويم على ما ينتجه من نَصوص.,,,,,,,,,,,,,,,,,
Grade 6,الوحدة الخامسة,5.5,كتابة نص تفسيري,5.5.1,,اللغة/ بنية اللغة العربية (البلاغة),"أن يتعرف المتعلم المفاهيم البلاغية، ويتذوقها ويوظفها في إنتاجه اللغوي",G6.6.5.1.4, ينتج جملا تتضَّمن طباًقا.,الطباق,,,,,,,,,,,,,,,,
Grade 6,الوحدة السادسة,6.1,شعر: قيمة العلم,6.1.1,القراءة,قراءة النصوص الادبية/ معرفة الفكر الرئيسية والتفاصيل,"أن يحدد المتعلم الفكر الرئيسة والتفاصيل المساندة التي تسهم في توضيح الفكرة الرئيسة، أو الرسالة العامة، أو الدروس المقدمة في النصوص الأدبية",G6.2.1.1.1,"يُحِّدُد المُتَعِّلُم الْمْعنى الإْجَمالي للنَّص الأَدبِّي، موِّضًحا الْفَكَر الَّرئيَسَة والْجْزئِيَّة فيِه.",,,,,,,,,,,,,,,,,
Grade 6,الوحدة السادسة,6.1,شعر: قيمة العلم,6.1.1,القراءة,قراءة النصوص الادبية/ معرفة الفكر الرئيسية والتفاصيل,"أن يحدد المتعلم الفكر الرئيسة والتفاصيل المساندة التي تسهم في توضيح الفكرة الرئيسة، أو الرسالة العامة، أو الدروس المقدمة في النصوص الأدبية",G6.2.1.1.2,يَفِّسُر كلماِت النص ااَلأدِّبي مستَنتِجا الّدلالاِت التّعبيريَّة فيه. ,,,,,,,,,,,,,,,,,
Grade 6,الوحدة السادسة,6.1,شعر: قيمة العلم,6.1.1,القراءة,قراءة النصوص الادبية/ معرفة الفكر الرئيسية والتفاصيل,"أن يحدد المتعلم الفكر الرئيسة والتفاصيل المساندة التي تسهم في توضيح الفكرة الرئيسة، أو الرسالة العامة، أو الدروس المقدمة في النصوص الأدبية",G6.2.1.1.3, يُحِّلُل المُتَعِّلُم النَّصوص في سياِقِاتها المختلفةِ.,,,,,,,,,,,,,,,,,
Grade 6,الوحدة السادسة,6.1,شعر: قيمة العلم,6.1.1,القراءة,قراءة النصوص الادبية/ تحليل النص,"أن يحدد المتعلم جوانب معينة في النصوص الأدبية ويفهمها،ويحلل عناصر النص وخيارات المؤلفين في اختيار الكلمت والأساليب الأدبية المناسبة لنصوصهم.",G6.2.2.1.2,"يفسر المتعلم اللغة المجازية، والمعاني الدلالية ّ  للكلمات والعبارات المستخدمة في النص الأدبي، معللا استخدام الكاتب هذه اللغة",,,,,,,,,,,,,,,,,
Grade 6,الوحدة السادسة,6.1,شعر: قيمة العلم,6.1.1,اللغة (البلاغة),اللغة/ بنية اللغة العربية (البلاغة),"أن يتعرف المتعلم المفاهيم البلاغية، ويتذوقها ويوظفها في إنتاجه اللغوي",G6.6.5.1.1,يحدد المتعلم أركان التشبيه في جمل مختارة,التشبيه,,,,,,,,,,,,,,,,
Grade 6,الوحدة السادسة,6.1,شعر: قيمة العلم,6.1.1,اللغة (البلاغة),اللغة/ بنية اللغة العربية (البلاغة),"أن يتعرف المتعلم المفاهيم البلاغية، ويتذوقها ويوظفها في إنتاجه اللغوي",G6.6.5.1.2, يُنتِج المُتعَّلُم جَملا تَتضّمُن تَشبيًها محددا عناصره.,,,,,,,,,,,,,,,,,
Grade 6,الوحدة السادسة,6.1,شعر: قيمة العلم,6.1.1,اللغة (البلاغة),اللغة/ بنية اللغة العربية (البلاغة),"أن يتعرف المتعلم المفاهيم البلاغية، ويتذوقها ويوظفها في إنتاجه اللغوي",G6.6.5.1.4, ينتج جملا تتضَّمن طباًقا.,الطباق,,,,,,,,,,,,,,,,
Grade 6,الوحدة السادسة,6.1,شعر: قيمة العلم,6.1.1,القراءة,قراءة النصوص الادبية/ تكامل المعرفة مع الفكر,"أن يقرأ المتعلم نصوصا شعرية وأعمالاً نثرية متنوعة ويقمها ويحللها، ويــدمــج الفكر المقدمة فيها؛ لبناء معرفة وفهم جديدين عن الفكرة المحورية، والرسائل المتضمنة في الأعمال الأدبية.",G6.2.3.1.3,يحفظ المتعلم الأبيات الشعرية,,,,,,,,,,,,,,,,,
Grade 6,الوحدة السادسة,6.1,سيرة غيرية: لويس باستور مكتشف الجراثيم,6.1.2,القراءة,قراءة النصوص الادبية/ معرفة الفكر الرئيسية والتفاصيل,"أن يحدد المتعلم الفكر الرئيسة والتفاصيل المساندة التي تسهم في توضيح الفكرة الرئيسة، أو الرسالة العامة، أو الدروس المقدمة في النصوص الأدبية",G6.2.1.1.3, يُحِّلُل المُتَعِّلُم النَّص الأدبِّي في سياِقِه التّاريخِّي.,,,,,,,,,,,,,,,,,
Grade 6,الوحدة السادسة,6.1,سيرة غيرية: لويس باستور مكتشف الجراثيم,6.1.2,القراءة,قراءة النصوص الادبية/ معرفة الفكر الرئيسية والتفاصيل,"أن يحدد المتعلم الفكر الرئيسة والتفاصيل المساندة التي تسهم في توضيح الفكرة الرئيسة، أو الرسالة العامة، أو الدروس المقدمة في النصوص الأدبية",G6.2.1.1.2,يَفِّسُر كلماِت النص ااَلأدِّبي مستَنتِجا الّدلالاِت التّعبيريَّة فيه. ,,,,,,,,,,,,,,,,,
Grade 6,الوحدة السادسة,6.1,سيرة غيرية: لويس باستور مكتشف الجراثيم,6.1.2,القراءة,قراءة النصوص الادبية/ تحليل النص,"أن يحدد المتعلم جوانب معينة في النصوص الأدبية ويفهمها،ويحلل عناصر النص وخيارات المؤلفين في اختيار الكلمت والأساليب الأدبية المناسبة لنصوصهم.",G6.2.2.1.2,"يفسر المتعلم اللغة المجازية، والمعاني الدلالية ّ  للكلمات والعبارات المستخدمة في النص الأدبي، معللا استخدام الكاتب هذه اللغة",,,,,,,,,,,,,,,,,
Grade 6,الوحدة السادسة,6.1,سيرة غيرية: لويس باستور مكتشف الجراثيم,6.1.2,اللغة (المعجم),اللغة/اكتساب المفردات واستخدامها (المعجم),أن يفسر المفردات الجديدة من خلال سياقاتها المختلفة,G6.6.1.3.1,يفِّسُر المُتعِّلُم الأسماَء والأفعاَل بِأضداِدها وُمراِدفاتِها. ,,,,,,,,,,,,,,,,,
Grade 6,الوحدة السادسة,6.1,سيرة غيرية: لويس باستور مكتشف الجراثيم,6.1.2,اللغة (المعجم),اللغة/اكتساب المفردات واستخدامها (المعجم),أن يفسر المفردات الجديدة من خلال سياقاتها المختلفة,G6.6.1.3.3,يحدد المتعلم المعانى المعجمية والاصطلاحية ّ للكلمات,,,,,,,,,,,,,,,,,
Grade 6,الوحدة السادسة,6.1,سيرة غيرية: لويس باستور مكتشف الجراثيم,6.1.2,القراءة,قراءة النصوص الأدبية/ معرفة الفكر الرئيسية والتفاصيل,"أن يحدد المتعلم الفكر الرئيسة والتفاصيل المساندة التي تسهم في توضيح الفكرة الرئيسة، أو الرسالة العامة، أو الدروس المقدمة في النصوص الأدبية",G6.2.1.1.4, يُحِّدُد المُتَعِّلُم الخصائِص العاَّمَة لِكٍّل مَن الّسيرِة الَغيريَّة والّذاتيَّة مقاِرنًا بينَهما.,,,,,,,,,,,,,,,,,
Grade 6,الوحدة السادسة,6.1,سيرة غيرية: لويس باستور مكتشف الجراثيم,6.1.2,القراءة,قراءة النصوص الادبية/ تكامل المعرفة مع الفكر,"أن يقرأ المتعلم نصوصا شعرية وأعمالاً نثرية متنوعة ويقمها ويحللها، ويــدمــج الفكر المقدمة فيها؛ لبناء معرفة وفهم جديدين عن الفكرة المحورية، والرسائل المتضمنة في الأعمال الأدبية.",G6.2.3.1.2,"يحلل المتعلم الأنواع المختلفة من النصوص، من مثل: (القصص، والقصائد، والروايات التاريخية والخيالية..) ذاكرًا أوجه التشابه والاختلاف بين  وجهات نظر المؤلفين في عرضها.",,,,,,,,,,,,,,,,,
Grade 6,الوحدة السادسة,6.1,سيرة غيرية: فارسة المعمار,6.1.3,القراءة,قراءة النصوص الادبية/ معرفة الفكر الرئيسية والتفاصيل,"أن يحدد المتعلم الفكر الرئيسة والتفاصيل المساندة التي تسهم في توضيح الفكرة الرئيسة، أو الرسالة العامة، أو الدروس المقدمة في النصوص الأدبية",G6.2.1.1.4, يُحِّدُد المُتَعِّلُم الخصائِص العاَّمَة لِكٍّل مَن الّسيرِة الَغيريَّة والّذاتيَّة مقاِرنًا بينَهما.,,,,,,,,,,,,,,,,,
Grade 6,الوحدة السادسة,6.1,سيرة غيرية: فارسة المعمار,6.1.3,القراءة,قراءة النصوص الادبية/ تكامل المعرفة مع الفكر,"أن يقرأ المتعلم نصوصا شعرية وأعمالاً نثرية متنوعة ويقمها ويحللها، ويــدمــج الفكر المقدمة فيها؛ لبناء معرفة وفهم جديدين عن الفكرة المحورية، والرسائل المتضمنة في الأعمال الأدبية.",G6.2.3.1.2,"يحلل المتعلم الأنواع المختلفة من النصوص، من مثل: (القصص، والقصائد، والروايات التاريخية والخيالية..) ذاكرًا أوجه التشابه والاختلاف بين  وجهات نظر المؤلفين في عرضها.",,,,,,,,,,,,,,,,,
Grade 6,الوحدة السادسة,6.1,سيرة غيرية: فارسة المعمار,6.1.3,اللغة (المعجم),اللغة/اكتساب المفردات واستخدامها (المعجم),أن يكتسب المتعلم مفردات من خلال احتكاكه بمواقف غنية لغويا,G6.6.1.2.1, يُحدُد المتعِّلُم علاقاِت التَّضاِد والتَّرادِف بين الكلماِت,,,,,,,,,,,,,,,,,
Grade 6,الوحدة السادسة,6.1,سيرة غيرية: فارسة المعمار,6.1.3,اللغة (المعجم),اللغة/اكتساب المفردات واستخدامها (المعجم),أن يفسر المفردات الجديدة من خلال سياقاتها المختلفة,G6.6.1.3.4,يحدد المُتَعِّلم المعنى المناسب للكلمات متعددة المعاني مستخدًما السياق.,,,,,,,,,,,,,,,,,
Grade 6,الوحدة السادسة,6.1,سيرة غيرية: فارسة المعمار,6.1.3,اللغة (المعجم),اللغة/اكتساب المفردات واستخدامها (المعجم),أن يفسر المفردات الجديدة من خلال سياقاتها المختلفة,G6.6.1.3.6, يستخدم الَكلماِت الجديدَة في سياقاٍت تُفِّسُر مْعناها.,,,,,,,,,,,,,,,,,
Grade 6,الوحدة السادسة,6.1,نص معلوماتي: اصدقاء واعداء لا نراهم,6.1.4,القراءة,قراءة النصوص المعلوماتية/ معرفة الفكرالرئيسية والتفاصيل,"أن يحدد المتعلم الفكر الرئيسة والتفاصيل المساندة التي تسهم في توضيح الفكرة الرئيسة، أو الرسالة العامة، أو الدروس المقدمة في النصوص الأدبية",G6.3.1.1.1,"يُحِّدُد المُتَعِّلُم الِفَكَر الَّرئيَسَة لِلنَص مْن خلاِل تَحليِل المَعلوماِت الَّصريحَة والِّضْمنِيَّة ، ذاِكًرا الَّدليَل الَّذي  يَدَعُم تَحليَلُه للنَّص.",,,,,,,,,,,,,,,,,
Grade 6,الوحدة السادسة,6.1,نص معلوماتي: اصدقاء واعداء لا نراهم,6.1.5,القراءة,قراءة النصوص المعلوماتية / تَحليل نص,"أن يحلل المتعلم عناصر النص واختيار الكاتب للكلمات، ويقيم الطرائق التي تساهم فيها تراكيب الجمل في بناء النص، وأساليب عرض وجهة النظر، أو طريقة كتابة النص وطباعته.",G6.3.2.1.1,يفسر الكلمات والمُصصلحات الواردة في نُصوص معلوماتيّة,,,,,,,,,,,,,,,,,
Grade 6,الوحدة السادسة,6.1,نص معلوماتي: اصدقاء واعداء لا نراهم,6.1.5,اللغة (المعجم),اللغة/اكتساب المفردات واستخدامها (المعجم),أن ينمي المتعلم معجمه اللغوي بالمصطلحات في مجالاتها العلمية والحياتية,G6.6.1.4.1," يفسر المتعلم مصطلحات علمية في مجال العلوم التطبيقية (الطب، الصيدلة، الهندسة)",,,,,,,,,,,,,,,,,
Grade 6,الوحدة السادسة,6.1,نص معلوماتي: اصدقاء واعداء لا نراهم,6.1.5,القراءة,قراءة النصوص المعلوماتية/ تكامل المعرفة مع المهارات,"أن يتبين وظيفة النص من خلال الوسائط المختلفة، وينقد ما جاء فيه من معارف وآراء، ويبني خبرات جديدة ليوظفها في نتاجات متنوعة",G6.3.3.1.1,يميز المتعلم بين الحقائق التي تعتمد الحجج والبراهين وبين الآراء التي قد تبدو ذاتية في النص مقيما مدى دقتها,,,,,,,,,,,,,,,,,
Grade 6,الوحدة السادسة,6.1,نص معلوماتي: اصدقاء واعداء لا نراهم,6.1.5,اللغة (المعجم),اللغة/اكتساب المفردات واستخدامها (المعجم),أن يكتسب المتعلم مفردات من خلال احتكاكه بمواقف غنية لغويا,G6.6.1.2.1, يُحدُد المتعِّلُم علاقاِت التَّضاِد والتَّرادِف بين الكلماِت,,,,,,,,,,,,,,,,,
Grade 6,الوحدة السادسة,6.1,نص معلوماتي: اصدقاء واعداء لا نراهم,6.1.5,اللغة (المعجم),اللغة/اكتساب المفردات واستخدامها (المعجم),أن يفسر المفردات الجديدة من خلال سياقاتها المختلفة,G6.6.1.3.6, يستخدم الَكلماِت الجديدَة في سياقاٍت تُفِّسُر مْعناها.,,,,,,,,,,,,,,,,,
Grade 6,الوحدة السادسة,6.1,نص معلوماتي: اصدقاء واعداء لا نراهم,6.1.5,اللغة (المعجم),اللغة/اكتساب المفردات واستخدامها (المعجم),أن يكتسب المتعلم مفردات من خلال احتكاكه بمواقف غنية لغويا,G6.6.1.2.2,يصنِّف المتعِّلُم الكلماِت وفَق جذوِرها.,,,,,,,,,,,,,,,,,
Grade 6,الوحدة السادسة,6.1,نص معلومااتي: ظواهر غريبة تحتاج الى تفسير,6.1.6,القراءة,قراءة النصوص المعلوماتية/ معرفة الفكر الرئيسية والتفاصيل,"أن يحدد المتعلم الفكر الرئيسة والتفاصيل المساندة التي تسهم في توضيح الفكرة الرئيسة، أو الرسالة العامة، أو الدروس المقدمة في النصوص الأدبية",G6.3.1.1.1,"يُحِّدُد المُتَعِّلُم الِفَكَر الَّرئيَسَة لِلنَص مْن خلاِل تَحليِل المَعلوماِت الَّصريحَة والِّضْمنِيَّة ، ذاِكًرا الَّدليَل الَّذي  يَدَعُم تَحليَلُه للنَّص.",,,,,,,,,,,,,,,,,
Grade 6,الوحدة السادسة,6.1,نص معلومااتي: ظواهر غريبة تحتاج الى تفسير,6.1.6,القراءة,قراءة النصوص المعلوماتية / تَحليل نص,"أن يحلل المتعلم عناصر النص واختيار الكاتب للكلمات، ويقيم الطرائق التي تساهم فيها تراكيب الجمل في بناء النص، وأساليب عرض وجهة النظر، أو طريقة كتابة النص وطباعته.",G6.3.2.1.1,يفسر الكلمات والمُصصلحات الواردة في نُصوص معلوماتيّة,,,,,,,,,,,,,,,,,
Grade 6,الوحدة السادسة,6.1,نص معلومااتي: ظواهر غريبة تحتاج الى تفسير,6.1.6,القراءة,قراءة النصوص المعلوماتية/ تكامل المعرفة مع المهارات,"أن يتبين وظيفة النص من خلال الوسائط المختلفة، وينقد ما جاء فيه من معارف وآراء، ويبني خبرات جديدة ليوظفها في نتاجات متنوعة",G6.3.3.1.1,يميز المتعلم بين الحقائق التي تعتمد الحجج والبراهين وبين الآراء التي قد تبدو ذاتية في النص مقيما مدى دقتها,,,,,,,,,,,,,,,,,
Grade 6,الوحدة السادسة,6.1,نص معلومااتي: ظواهر غريبة تحتاج الى تفسير,6.1.6,القراءة,قراءة النصوص المعلوماتية/ تكامل المعرفة مع المهارات,"أن يتبين وظيفة النص من خلال الوسائط المختلفة، وينقد ما جاء فيه من معارف وآراء، ويبني خبرات جديدة ليوظفها في نتاجات متنوعة",G6.3.3.1.2,يصمّمُ خريطةً مفاهيميّةً يفرّغُ فيها ما قرأه من معلوماتٍ متشعّبةٍ.,,,,,,,,,,,,,,,,,
Grade 6,الوحدة السادسة,6.1,نص معلومااتي: ظواهر غريبة تحتاج الى تفسير,6.1.6,اللغة (البلاغة),اللغة/ بنية اللغة العربية (البلاغة),"أن يتعرف المتعلم المفاهيم البلاغية، ويتذوقها ويوظفها في إنتاجه اللغوي",G6.6.5.1.3,ينتج المتعلم كلمات متجانسة لفظا,الجِناسُ و السَّجْعُ والتِّكرارُ الصَّوْتيُّ (نمط),,,,,,,,,,,,,,,,
Grade 6,الوحدة السادسة,6.2,الاستماع: العلم لغة العالم المشتركة,6.2.1,الاستماع والمحادثة,الاستماع والمحادثة/استيعاب المعرفة وتقديمها,"أن يظهر المتعلم فهما لمواد مسموعة، ويتواصـل مع الآخرين مقدما المعلومات والنتائج المدعومة بالأدلة لإقناع المستمعين واستمالتهم نحو الموضوع مستخدما اللغة العربية الفصيحة.",G6.5.1.2.2,يفهم المتعلم مضمون المادة المسموعة ومعاني بعض العبارات الواردة فيها والرسائل المضمنة.,,,,,,,,,,,,,,,,,
Grade 6,الوحدة السادسة,6.3,المحادثة: كيف ارى نفسي في المستقبل,6.3.1,الاستماع والمحادثة,الاستماع والمحادثة/استيعاب المعرفة وتقديمها,"أن يشارك المتعلم في النقاشات مع معلميه وزملائه، مكيفا كلامه وفق لمجموعة متنوعة مــن السـياقات والمهام  التواصلية، مظهرا إجادته للغة العربية الفصيحة.",G6.5.1.4.2,"يقدم عرضا عن الموضوع مراعيا استراتيجيات السرد وآليات الكلام المتضمنة : ضبط التنغيم، ووضوح الصوت، وتوقيت الكلام، والاتصال البصري، وعلاقة الكلام بالملتقى موظفا الوسائط المناسبة.",,,,,,,,,,,,,,,,,
Grade 6,الوحدة السادسة,6.3,المحادثة: كيف ارى نفسي في المستقبل,6.3.1,الاستماع والمحادثة,الاستماع والمحادثة/استيعاب المعرفة وتقديمها,"أن يستخدم المتعلم الوسائط الرقمية في العروض البصرية للتعبير عن المعلومات، ويفهم المــادة المعروضة من خلال هذه الوسائط.",G6.5.1.5.2,"يوضح المتعلم الفكر ويقومها شفويا او باستخدام الوسائط المتعددة/ الوسائل الرقمية، محددا الطرائق التي يستخدم فيها المحتوى المرئي لغايات الاقناع مثل: المحتوى الذي تنذجب اليه العواطف والفكر ويربط المادة المسموعة بخبراته السابقة",,,,,,,,,,,,,,,,,
Grade 6,الوحدة السادسة,6.4,النحو: مراجعة ومدارسة,6.4.1,اللغة (النحو والصرف),اللغة/ بنية اللغة العربية (النحو والصرف),"أن يتعرف المتعلم المفاهيم النحوية والصرفية، ويستخدمها استخداما صحيحا.",G4.6.2.1.1,يميز المتعلم بين الجملة التامة والتركيب,الجملة والتركيب,,,,,,,,,,,,,,,,
Grade 6,الوحدة السادسة,6.4,النحو: مراجعة ومدارسة,6.4.1,اللغة (النحو والصرف),اللغة/ بنية اللغة العربية (النحو والصرف),"أن يتعرف المتعلم المفاهيم النحوية والصرفية، ويستخدمها استخداما صحيحا.",G5.5.2.2.6,يميز المتعلم بين أنواع الخبر في الجملة الاسمية,أنواع الخبر في الجملة الاسمية,"الجملة الاسمية: أنواع الخبر 1
الجملة الاسمية: أنواع الخبر 2","الجملة الاسمية: أنواع الخبر 1
الجملة الاسمية: أنواع الخبر 2",,,,,,,,,,,,,,
Grade 6,الوحدة السادسة,6.4,النحو: مراجعة ومدارسة,6.4.1,اللغة (النحو والصرف),اللغة/ بنية اللغة العربية (النحو والصرف),"أن يتعرف المتعلم المفاهيم النحوية والصرفية، ويستخدمها استخداما صحيحا.",G4.6.2.2.1,يعين المتعلم أركان الجملة الفعلية (الفعل والفاعل والمفعول) ويضبطها ضبطا صحيحا,أركان الجملة الفعلية (الفعل والفاعل والمفعول به),,,,,,,,,,,,,,,,
Grade 6,الوحدة السادسة,6.4,النحو: مراجعة ومدارسة,6.4.1,اللغة (النحو والصرف),اللغة/ بنية اللغة العربية (النحو والصرف),"أن يتعرف المتعلم المفاهيم النحوية والصرفية، ويستخدمها استخداما صحيحا.",G5.6.2.2.2,يتعرف المتعلم جملة كان وأخواتها بعناصرها وأنواع خبرها ويوظفها في جمل من إنشائه,كان وأخواتها ,النواسخ- كان وأخواتها,,,,,,,,,,,,,,,
Grade 6,الوحدة السادسة,6.4,النحو: مراجعة ومدارسة,6.4.1,اللغة (النحو والصرف),اللغة/ بنية اللغة العربية (النحو والصرف),"أن يتعرف المتعلم المفاهيم النحوية والصرفية، ويستخدمها استخداما صحيحا.",G5.6.2.2.2,يتعرف المتعلم جملة إن بعناصرها وأنواع خبرها ويوظفها في جمل من إنشائه,إنّ وأخواتها,النواسخ- إنّ وأخواتها,,,,,,,,,,,,,,,
Grade 6,الوحدة السادسة,6.4,النحو: مراجعة ومدارسة,6.4.1,اللغة (النحو والصرف),اللغة/ بنية اللغة العربية (النحو والصرف),"أن يتعرف المتعلم المفاهيم النحوية والصرفية، ويستخدمها استخداما صحيحا.",G6.6.2.2.7,يتعرف المتعلم المفعول فيه ويعربه إعرابا صحيحا ويوظفه في كتابته,المفعول فيه,,,,,,,,,,,,,,,,
Grade 6,الوحدة السادسة,6.4,النحو: مراجعة ومدارسة,6.4.1,اللغة (النحو والصرف),اللغة/ بنية اللغة العربية (النحو والصرف),"أن يتعرف المتعلم المفاهيم النحوية والصرفية، ويستخدمها استخداما صحيحا.",G6.6.2.2.8,يتعرف المتعلم المفعول المطلق ويعربه إعرابا صحيحا ويوظفه في كتابته,المفعول المطلق,,,,,,,,,,,,,,,,
Grade 6,الوحدة السادسة,6.4,النحو: مراجعة ومدارسة,6.4.1,اللغة (النحو والصرف),اللغة/ بنية اللغة العربية (النحو والصرف),"أن يتعرف المتعلم المفاهيم النحوية والصرفية، ويستخدمها استخداما صحيحا.",G6.6.2.2.6,يتعرّفُ المتعلّمُ تركيبَ العطفِ ويوظّفهُ في كتابتهِ.,العطف,,,,,,,,,,,,,,,,
Grade 6,الوحدة السادسة,6.4,النحو: مراجعة ومدارسة,5.4.1,اللغة (النحو والصرف),اللغة/ بنية اللغة العربية (النحو والصرف),"أن يتعرف المتعلم المفاهيم النحوية والصرفية، ويستخدمها استخداما صحيحا.",G6.6.2.2.9,يتعرف المتعلم التركيب النعتي (النعت والمنعوت) ويوظفه في كتابته,التركيب النعتي (النعت والمنعوت),,,,,,,,,,,,,,,,
Grade 6,الوحدة السادسة,6.5,كتابة نص تفسيري,5.5.1,الكتابة,الكتابة / إنتاج الاعمال الكتابية ونشرها,"أن يكتب المتعلم نصوصا تعبر عن  فكرة مركزية تظهر مقدرة على التركيز والتنظيم وتدل على وعي كامل بالمتلقي في علاقته بغرض وبموضوع الكتابة، مطورا مهاراته الكتابية من خلال مراحل الكتابة (ما قبل الكتابة، المسودة، المراجعة)، لتحرير النص.
",G6.4.2.3.3,يعد مخططا لأفكاره بمنهجية تنظيمية متوازنة,,,,,,,,,,,,,,,,,
Grade 6,الوحدة السادسة,6.5,كتابة نص تفسيري,6.5.1,الكتابة,الكتابة / إنتاج الاعمال الكتابية ونشرها,أن ينتج المتعلم نصوصا سردية ومعلوماتية وإقناعية ووصفية وتظهر كتاباته تقيده بالسلامة اللغوية.,G6.4.2.4.3," يكتب نَّصوًصا تفسيريَّة (وصف، شرح، مقارنة ومقابلة، مشكلة وحّل) ليعرض وجهة نظره الَّتي تناولها  مقِّدًمأ أدلَّة مقنعة وأمثلة.",كتابة نص تفسيري من فقرات متعددة ,,,,,,,,,,,,,,,,
Grade 6,الوحدة السادسة,6.5,كتابة نص تفسيري,6.5.1,الكتابة,الكتابة / إنتاج الاعمال الكتابية ونشرها,"أن يكتب المتعلم نصوصا تعبر عن  فكرة مركزية تظهر مقدرة على التركيز والتنظيم وتدل على وعي كامل بالمتلقي في علاقته بغرض وبموضوع الكتابة، مطورا مهاراته الكتابية من خلال مراحل الكتابة (ما قبل الكتابة، المسودة، المراجعة)، لتحرير النص.
",G6.4.2.3.3," يستخدم في كتاباته أشكالا تنظيميَّة متنِّوعة من مثل: المقابلة والمقارنة، والتَّنظيم بحسب الأصناف أو  الأهميَّة، موّظًفا أدوات الَّربط وعلامات التَّرقيم، ويكتب بسرعة مناسبة. ",,,,,,,,,,,,,,,,,
Grade 6,الوحدة السادسة,6.5,كتابة نص تفسيري,6.5.1,الكتابة,الكتابة / إنتاج الاعمال الكتابية ونشرها,"أن يكتب المتعلم نصوصا تعبر عن  فكرة مركزية تظهر مقدرة على التركيز والتنظيم وتدل على وعي كامل بالمتلقي في علاقته بغرض وبموضوع الكتابة، مطورا مهاراته الكتابية من خلال مراحل الكتابة (ما قبل الكتابة، المسودة، المراجعة)، لتحرير النص.
",G6.4.2.3.4, يطبِّق آليّات المراجعة والتّقويم على ما ينتجه من نَصوص.,,,,,,,,,,,,,,,,,
Grade 6,الوحدة السادسة,6.5,كتابة نص تفسيري,6.5.1,اللغة (البلاغة),اللغة/ بنية اللغة العربية (البلاغة),"أن يتعرف المتعلم المفاهيم البلاغية، ويتذوقها ويوظفها في إنتاجه اللغوي",G6.6.5.1.3,ينتج المتعلم كلمات متجانسة لفظا,الجناس,,,,,,,,,,,,,,,,
Grade 7,الوحدة الأولى,1.1,القرآُن الكريُم : البَلُد الآِمُن,1.1.1,القراءة,قراءة النصوص الأدبية/معرفة الفكر الرئيسة والتفاصيل,"أن يحدد المتعلم الفكر الرئيسة والتفاصيل المساندة التي تسهم في توضيح الفكرة الرئيسة، أو الرسالة العامة، أو الدروس المقدمة في النصوص الأدبية",G7.2.1.1.1,يَتَبَيَّن المَعنَى الإْجَماَّلي للآياِت الَكِريْمِة.,,,,,,,,,,,,,,,,,
Grade 7,الوحدة الأولى,1.1,القرآُن الكريُم : البَلُد الآِمُن,1.1.1,اللغة (المعجم),اللغة/اكتساب المفردات واستخدامها (المعجم),أن يفسر المفردات الجديدة من خلال سياقاتها المختلفة,G7.6.1.3.2,يُفّسُر المفرداِت باستخداِم المُعَجِم,,,,,,,,,,,,,,,,,
Grade 7,الوحدة الأولى,1.1,القرآُن الكريُم : البَلُد الآِمُن,1.1.1,القراءة,قراءة النصوص الأدبية/معرفة الفكر الرئيسة والتفاصيل,"أن يحدد المتعلم الفكر الرئيسة والتفاصيل المساندة التي تسهم في توضيح الفكرة الرئيسة، أو الرسالة العامة، أو الدروس المقدمة في النصوص الأدبية",G7.2.1.1.1,يَستَخِلص الأْفكاَر.,,,,,,,,,,,,,,,,,
Grade 7,الوحدة الأولى,1.1,القرآُن الكريُم : البَلُد الآِمُن,1.1.1,القراءة,قراءة النصوص الادبية/تحليل النص,"أن يحدد المتعلم جوانب معينة في النصوص الأدبية ويفهمها،ويحلل عناصر النص وخيارات المؤلفين في اختيار الكلمت والأساليب الأدبية المناسبة لنصوصهم.",G7.2.2.1.1,يُحّدُّد بَعَضَ مواِطِن جَماِل اُلأْسلوِب.,,,,,,,,,,,,,,,,,
Grade 7,الوحدة الأولى,1.1,شعٌر: إِشراقَة وَطٍن,1.1.2,القراءة,قراءة النصوص الأدبية/معرفة الفكر الرئيسة والتفاصيل,"أن يحدد المتعلم الفكر الرئيسة والتفاصيل المساندة التي تسهم في توضيح الفكرة الرئيسة، أو الرسالة العامة، أو الدروس المقدمة في النصوص الأدبية",G7.2.1.1.1,يبين المتعلم المعنى الاجمالي للنص الشعري,,,,,,,,,,,,,,,,,
Grade 7,الوحدة الأولى,1.1,شعٌر: إِشراقَة وَطٍن,1.1.2,اللغة (المعجم),اللغة/اكتساب المفردات واستخدامها (المعجم),أن يفسر المفردات الجديدة من خلال سياقاتها المختلفة,G7.6.1.3.2,يُفِّسُر المفرداِت باْستخداِم المُعَجَم.,,,,,,,,,,,,,,,,,
Grade 7,الوحدة الأولى,1.1,شعٌر: إِشراقَة وَطٍن,1.1.2,القراءة,قراءة النصوص الأدبية/معرفة الفكر الرئيسة والتفاصيل,"أن يحدد المتعلم الفكر الرئيسة والتفاصيل المساندة التي تسهم في توضيح الفكرة الرئيسة، أو الرسالة العامة، أو الدروس المقدمة في النصوص الأدبية",G7.2.1.1.2,يُحِّدُد الَّدلالات الإيحائيَّة والمَجازيَّة.,,,,,,,,,,,,,,,,,
Grade 7,الوحدة الأولى,1.1,شعٌر: إِشراقَة وَطٍن,1.1.2,القراءة,قراءة النصوص الأدبية/تكامل المعرفة مع الفكر,"أن يقرأ المتعلم نصوصا شعرية وأعمالاً نثرية متنوعة ويقمها ويحللها، ويــدمــج الفكر المقدمة فيها؛ لبناء معرفة وفهم جديدين عن الفكرة المحورية، والرسائل المتضمنة في الأعمال الأدبية.",G7.2.3.1.6,يَحَفُظ ثَمانِيَة أبياٍت,,,,,,,,,,,,,,,,,
Grade 7,الوحدة الأولى,1.1,شعٌر: تَفاؤٌل وأمٌل,1.1.3,القراءة,قراءة النصوص الادبية/معرفة الفكر الرئيسة والتفاصيل,"أن يحدد المتعلم الفكر الرئيسة والتفاصيل المساندة التي تسهم في توضيح الفكرة الرئيسة، أو الرسالة العامة، أو الدروس المقدمة في النصوص الأدبية",G7.2.1.1.1,"يُحِّدُد المَعنى الإْجمالي لِلنَّص الأَد ِّبي، مَوِّضًحا الِفَكَر الَّرئيَسَة والجْزئِيَّة فيه.",,,,,,,,,,,,,,,,,
Grade 7,الوحدة الأولى,1.1,شعٌر: تَفاؤٌل وأمٌل,1.1.3,القراءة,قراءة النصوص الادبية/معرفة الفكر الرئيسية والتفاصيل,"أن يحدد المتعلم الفكر الرئيسة والتفاصيل المساندة التي تسهم في توضيح الفكرة الرئيسة، أو الرسالة العامة، أو الدروس المقدمة في النصوص الأدبية",G7.2.1.1.2,"يُفِّسُرَ كِلماِت النَّص الأَدِّبي ،ُ مْستَنتِجا الَّدلالاِت التَّعبِيريَّة فيه.",,,,,,,,,,,,,,,,,
Grade 7,الوحدة الأولى,1.1,شعٌر: تَفاؤٌل وأمٌل,1.1.3,القراءة,قراءة النصوص الادبية/تكامل المعرفة مع الفكر,"أن يقرأ المتعلم نصوصا شعرية وأعمالاً نثرية متنوعة ويقمها ويحللها، ويــدمــج الفكر المقدمة فيها؛ لبناء معرفة وفهم جديدين عن الفكرة المحورية، والرسائل المتضمنة في الأعمال الأدبية.",G7.2.3.1.6,يَحَفُظَ عْشرَة أبياٍت من الَقِصيَدة.,,,,,,,,,,,,,,,,,
Grade 7,الوحدة الأولى,1.1,قِّصٌة: حّسوٌن الَحّواي,1.1.4,القراءة,قراءة النصوص الادبية/تحليل النص,"أن يحدد المتعلم جوانب معينة في النصوص الأدبية ويفهمها،ويحلل عناصر النص وخيارات المؤلفين في اختيار الكلمت والأساليب الأدبية المناسبة لنصوصهم.",G7.2.2.1.4,يُحِّدُد الَعناِصَر الَفنِّيَّة لِلِقَّصِة الَقصيرِة.,,,,,,,,,,,,,,,,,
Grade 7,الوحدة الأولى,1.1,قِّصٌة: حّسوٌن الَحّواي,1.1.4,اللغة (المعجم),اللغة/اكتساب المفردات واستخدامها (المعجم),أن يكتسب المتعلم مفردات من خلال احتكاكه بمواقف غنية لغويا,G7.6.1.2.1,يُحّدُدَ علاقاِت التَّضاِد والتّرادِف بين الكلماِت.,,,,,,,,,,,,,,,,,
Grade 7,الوحدة الأولى,1.1,قِّصٌة: حّسوٌن الَحّواي,1.1.4,الاستماع والمحادثة,الاستماع والمحادثة/استيعاب المعرفة وتقديمها,"أن يشارك المتعلم في النقاشات مع معلميه وزملائه، مكيفا كلامه وفق لمجموعة متنوعة مــن السـياقات والمهام  التواصلية، مظهرا إجادته للغة العربية الفصيحة.",G5.5.1.2.2,يُعيُد سْرَد الِقَّصِة بأُسلوبِه الخاِّص شفويًا.,,,,,,,,,,,,,,,,,
Grade 7,الوحدة الأولى,1.1,قِّصٌة: حّسوٌن الَحّواي,1.1.4,الكتابة,الكتابة/ إنتاج الأعمال الكتابية ونشرها,أن ينتج المتعلم نصوصا سردية ومعلوماتية وإقناعية ووصفية وتظهر كتاباته تقيده بالسلامة اللغوية.,G7.4.2.4.6,"يُلخص الِقصَة، ويَنشُرها.",,,,,,,,,,,,,,,,,
Grade 7,الوحدة الأولى,1.1,نَص معلوماتٌّي: بُرُج خليفَة.,1.1.5,القراءة,قراءة النصوص المعلوماتية/معرفة الفكر الرئيسة والتفاصيل,"أن يقرأ المتعلم النص المعلوماتي بعمق وشمولية، ويحدد الفكرة المركزية والفكر الرئيسة، ويستنتج العلاقات ضمن النص الواحد وبين النصوص المختلفة.",G7.3.1.1.1,يُحِّدُد الِفَكَر الّرئيَسَة للنَّص بعَد تحليلِه المَعلوماِت الَّصريحِة والِّضمنِيَّةُ مستشهًدا بعدٍد مَن الأَّدلِة.,,,,,,,,,,,,,,,,,
Grade 7,الوحدة الأولى,1.1,نَص معلوماتٌّي: بُرُج خليفَة.,1.1.5,القراءة,قراءة النصوص المعلوماتية/تحليل النص,"أن يحلل المتعلم عناصر النص واختيار الكاتب للكلمات، ويقيم الطرائق التي تساهم فيها تراكيب الجمل في بناء النص، وأساليب عرض وجهة النظر، أو طريقة كتابة النص وطباعته.",G7.3.2.1.1,يفّسُر الَكلماِت والمُصصلحاِت الواِرَدَة في نُصوٍصَ معلوماتيٍّة.,,,,,,,,,,,,,,,,,
Grade 7,الوحدة الأولى,1.1,نَص معلوماتٌّي: بُرُج خليفَة.,1.1.5,القراءة,قراءة النصوص المعلوماتية/تكامل المعرفة مع المهارات,"أن يتبين وظيفة النص من خلال الوسائط المختلفة، وينقد ما جاء فيه من معارف وآراء، ويبني خبرات جديدة ليوظفها في نتاجات متنوعة",G7.3.3.1.3,"يُصِّمُم ِ خريَطًةَ مفاِهيِميَّة يُفِّرُغ فيها ماَقَرأَه منَ مْعلوماٍتُ متَشِّعبَة ،ُ مضيًفا إليهاَ مْعلوماٍت أخرى قرأَها في الشبكة",,,,,,,,,,,,,,,,,
Grade 7,الوحدة الأولى,1.1,نَص معلوماتٌّي: البَراجيُل,1.1.6,القراءة,قراءة النصوص المعلوماتية/معرفة الفكر الرئيسية والتفاصيل,"أن يقرأ المتعلم النص المعلوماتي بعمق وشمولية، ويحدد الفكرة المركزية والفكر الرئيسة، ويستنتج العلاقات ضمن النص الواحد وبين النصوص المختلفة.",G7.3.1.1.1,"يُحِّدُد الِفَكَر الّرئيَسَة للنَّص من ِخلاِل التَّفاصيِل والأدلِّة الّداِعَمِة ، والمَعلوماِت الَّصريحِة والِّضمنِيَّة.",,,,,,,,,,,,,,,,,
Grade 7,الوحدة الأولى,1.1,نَص معلوماتٌّي: البَراجيُل,1.1.6,القراءة,قراءة النصوص المعلوماتية/تكامل المعرفة مع المهارات,"أن يتبين وظيفة النص من خلال الوسائط المختلفة، وينقد ما جاء فيه من معارف وآراء، ويبني خبرات جديدة ليوظفها في نتاجات متنوعة",G7.3.3.1.3,"يُصِّمُم ِ خريَطًةَ مفاِهيِميَّة يُفِّرُغ فيها ماَقَرأَه منَ مْعلوماٍتُ متَشِّعبَة ،ُ مضيًفا إليهاَ مْعلوماٍت أخرى قرأَها في الشبكة",,,,,,,,,,,,,,,,,
Grade 7,الوحدة الأولى,1.2,قَصُر الِحصِن.,1.2.1,الاستماع والمحادثة,الاستماع/ استيعاب المعرفة وتقديمها,"أن يظهر المتعلم فهما لمواد مسموعة، ويتواصـل مع الآخرين مقدما المعلومات والنتائج المدعومة بالأدلة لإقناع المستمعين واستمالتهم نحو الموضوع مستخدما اللغة العربية الفصيحة.",G7.5.1.2.2,"يحِّلُل المتعِّلُم الماَّدَة المسموعَة محِّدًدا الَعلاقاِت بَين أجزاِء النَّص ، مفاِضًلا بَين الآراِء المطروَحِة.",,,,,,,,,,,,,,,,,
Grade 7,الوحدة الأولى,1.2,الإِبْداُع,1.2.2,الاستماع والمحادثة,الاستماع/ استيعاب المعرفة وتقديمها,"أن يظهر المتعلم فهما لمواد مسموعة، ويتواصـل مع الآخرين مقدما المعلومات والنتائج المدعومة بالأدلة لإقناع المستمعين واستمالتهم نحو الموضوع مستخدما اللغة العربية الفصيحة.",G7.5.1.2.2,"يحِّلُل المتعِّلُم الماَّدَة المسموعَة محِّدًدا الَعلاقاِت بَين أجزاِء النَّص ، مفاِضًلا بَين الآراِء المطروَحِة.",,,,,,,,,,,,,,,,,
Grade 7,الوحدة الأولى,1.3,الِمْهَرجاناُت التُّراثيَّة,1.3.1,الاستماع والمحادثة,المحادثة/ استيعاب المعرفة وتقديمها,"أن يستخدم المتعلم الوسائط الرقمية في العروض البصرية للتعبير عن المعلومات، ويفهم المــادة المعروضة من خلال هذه الوسائط.",G7.5.1.5.2,يعرُض المتعِّلُم نًّصا معلوماتيًّا بأشكاٍل مرئيَّة أو باستخداِم الوسائِط المتعِّدَدِة شارًحا كيَف تُسهُم تلَك المُعيناِت في توضيِح الموضوِع.,,,,,,,,,,,,,,,,,
Grade 7,الوحدة الأولى,1.4,الَمبنُّي للمجهوِل,1.4.1,اللغة (النحو والصرف),اللغة/ بنية اللغة العربية (النحو والصرف),"أن يتعرف المتعلم المفاهيم النحوية والصرفية، ويستخدمها استخداما صحيحا.",G7.6.2.2.1,"يتعَّرف المتعِّلُم الفعَل المبني للمعلوِم والمبني للمجهوِل، ونائب الفاعِل، ويعربُهما ويوِّظُفهما توظيًفا صحيًحا.",الَمبنُّي للمجهوِل,,,,,,,,,,,,,,,,
Grade 7,الوحدة الأولى,1.5,كتابَة نَص سّردٍّي,1.5.1,الكتابة,الكتابة/انتاج الأعمال الكتابية ونشرها,"أن يكتب المتعلم نصوصا تعبر عن  فكرة مركزية تظهر مقدرة على التركيز والتنظيم وتدل على وعي كامل بالمتلقي في علاقته بغرض وبموضوع الكتابة، مطورا مهاراته الكتابية من خلال مراحل الكتابة (ما قبل الكتابة، المسودة، المراجعة)، لتحرير النص.
",G7.4.2.3.1,يعُّد مخَّطًطا لأفكارِه بِمْنَهجيَّة تَنظيِميَّة متَواِزنَة,,,,,,,,,,,,,,,,,
Grade 7,الوحدة الأولى,1.5,كتابَة نَص سّردٍّي,1.5.1,الكتابة,الكتابة/انتاج الأعمال الكتابية ونشرها,أن ينتج المتعلم نصوصا سردية ومعلوماتية وإقناعية ووصفية وتظهر كتاباته تقيده بالسلامة اللغوية.,G7.4.2.4.1,"يكتُب سيرًة ذاتيَّة أو نُصوصا َسرِديَّة تشتَمل على الشخصيَّات الَّرئيسِة والثَّانويَّة والحبكِة والصراع والإطار الزماني و
المكاني محددا وجهة نظر مناسبة، ُمستخدما تِقنيَّات السرد والوصف والحوار.",كتابة نص سردي (قصصي),,,,,,,,,,,,,,,,
Grade 7,الوحدة الأولى,1.5,كتابَة نَص سّردٍّي,1.5.1,الكتابة,الكتابة/انتاج الأعمال الكتابية ونشرها,أن يستخدم المتعلم التكنولوجيا بما فيها الإنترنت وغيرها من المصادر لينتج وينشر عملا كتابيا متفاعلا مع الآخرين,G7.4.2.5.2,يَنُشُر ما َكتَبَهِ مْن خلاِل المَنشوراِت المَدرسيِّة.,,,,,,,,,,,,,,,,,
Grade 7,الوحدة الأولى,1.5,كتابَة نَص سّردٍّي,1.5.1,اللغة (البلاغة),اللغة/بنية اللغة العربية: (البلاغة),"أن يتعرف المتعلم المفاهيم البلاغية، ويتذوقها ويوظفها في إنتاجه اللغوي",G7.6.5.1.2,يَتعَّرُف المتعِّلُم الأغراَض البَلاغيَّة للأسلوِب اَلخبرِّي.,الأغراض البلاغية للأسلوب الخبري,,,,,,,,,,,,,,,,
Grade 7,الوحدة الأولى,1.5,كتابَة نَص سّردٍّي,1.5.1,اللغة (البلاغة),اللغة/بنية اللغة العربية: (البلاغة),"أن يتعرف المتعلم المفاهيم البلاغية، ويتذوقها ويوظفها في إنتاجه اللغوي",G7.6.5.1.4,يُنتِج جمًلا تَتضَّمُن أَغراًضا بلاِغيَّةُ متنِّوَعًة للأسلوِب اَلخبرِّي والإنشائِّي,,,,,,,,,,,,,,,,,
Grade 7,الوحدة الثانية,2.1,شْعٌر: رسالٌة إلى أُّمي,2.1.1,القراءة,قراءة النصوص الادبية/تحليل النص,"أن يحدد المتعلم جوانب معينة في النصوص الأدبية ويفهمها،ويحلل عناصر النص وخيارات المؤلفين في اختيار الكلمت والأساليب الأدبية المناسبة لنصوصهم.",G7.2.2.1.1," يُعِّلُل اْستِخداَم اللُّغِة المجاِزيَّة في النَّص الأدِّبي، واِصًفا كيَف تُؤثِّر على النَّص.",,,,,,,,,,,,,,,,,
Grade 7,الوحدة الثانية,2.1,شْعٌر: رسالٌة إلى أُّمي,2.1.1,اللغة (المعجم),اللغة/اكتساب المفردات واستخدامها (المعجم),أن يكتسب المتعلم مفردات من خلال احتكاكه بمواقف غنية لغويا,G7.6.1.2.3, يُفِّسُر المُتَعِّلُم أَسماًء وأْفعالا بِمراِدفاتِها وأَضداِدها. ,,,,,,,,,,,,,,,,,
Grade 7,الوحدة الثانية,2.1,شْعٌر: رسالٌة إلى أُّمي,2.1.1,القراءة,قراءة النصوص الادبية/تكامل المعرفة مع الفكر,"أن يقرأ المتعلم نصوصا شعرية وأعمالاً نثرية متنوعة ويقمها ويحللها، ويــدمــج الفكر المقدمة فيها؛ لبناء معرفة وفهم جديدين عن الفكرة المحورية، والرسائل المتضمنة في الأعمال الأدبية.",G7.2.3.1.6, يَحَفُظ نُصوًصا شْعِريَّة تَتأَلَّف مْن 8-10 أبياٍت أو أْسُطٍر. ,,,,,,,,,,,,,,,,,
Grade 7,الوحدة الثانية,2.1,شعٌر: ثوُب العيِد,2.1.2,القراءة,قراءة النصوص الادبية/معرفة الفكر الرئيسية والتفاصيل,"أن يحدد المتعلم الفكر الرئيسة والتفاصيل المساندة التي تسهم في توضيح الفكرة الرئيسة، أو الرسالة العامة، أو الدروس المقدمة في النصوص الأدبية",G7.2.1.1.1, يحدد المعنى الإجمالي للنص الأدبي موضًحا الفكر الرئيسة والجزئية فيه.,,,,,,,,,,,,,,,,,
Grade 7,الوحدة الثانية,2.1,شعٌر: ثوُب العيِد,2.1.2,القراءة,قراءة النصوص المعلوماتية/تحليل النص,"أن يحلل المتعلم عناصر النص واختيار الكاتب للكلمات، ويقيم الطرائق التي تساهم فيها تراكيب الجمل في بناء النص، وأساليب عرض وجهة النظر، أو طريقة كتابة النص وطباعته.",G7.2.1.1.2, يفسر كلمات النص االأدبي مستنتًجا الدلالات التعبيرية فيه. ,,,,,,,,,,,,,,,,,
Grade 7,الوحدة الثانية,2.1,شعٌر: ثوُب العيِد,2.1.2,القراءة,قراءة النصوص الادبية/تحليل النص,"أن يحدد المتعلم جوانب معينة في النصوص الأدبية ويفهمها،ويحلل عناصر النص وخيارات المؤلفين في اختيار الكلمت والأساليب الأدبية المناسبة لنصوصهم.",G7.2.2.1.1, يعلل استخدام اللغة المجازية في النص الأدبي واصًفا كيف تؤثر على النص. ,,,,,,,,,,,,,,,,,
Grade 7,الوحدة الثانية,2.1,شعٌر: ثوُب العيِد,2.1.2,القراءة,قراءة النصوص الادبية/تكامل المعرفة مع الفكر,"أن يقرأ المتعلم نصوصا شعرية وأعمالاً نثرية متنوعة ويقمها ويحللها، ويــدمــج الفكر المقدمة فيها؛ لبناء معرفة وفهم جديدين عن الفكرة المحورية، والرسائل المتضمنة في الأعمال الأدبية.",G7.2.3.1.6, يَْحَفُظ ثَمانِيََة أبياٍت( ثلاثَة عشَر سطًرا شعريًّا),,,,,,,,,,,,,,,,,
Grade 7,الوحدة الثانية,2.1,قِّصٌة: قلُب أّمي,2.1.3,القراءة,قراءة النصوص الادبية/معرفة الفكر الرئيسية والتفاصيل,"أن يحدد المتعلم الفكر الرئيسة والتفاصيل المساندة التي تسهم في توضيح الفكرة الرئيسة، أو الرسالة العامة، أو الدروس المقدمة في النصوص الأدبية",G7.2.1.1.4, يتعّرُف المتعّلُم تقنياِت الَّسرِد والوصِف والحواِر في الكتابِة القصصيَّة.,,,,,,,,,,,,,,,,,
Grade 7,الوحدة الثانية,2.1,نَص معلوماتّي: مَع والِدَّي,2.1.4,القراءة,قراءة النصوص المعلوماتية/معرفة الفكر الرئيسية والتفاصيل,"أن يقرأ المتعلم النص المعلوماتي بعمق وشمولية، ويحدد الفكرة المركزية والفكر الرئيسة، ويستنتج العلاقات ضمن النص الواحد وبين النصوص المختلفة.",G7.3.1.1.2, يستِّدُّل على ارتباِط فْكرتين رئيستَيِن أو أَكثَر في النَّص مع بعضها.,,,,,,,,,,,,,,,,,
Grade 7,الوحدة الثانية,2.1,نَص معلوماتّي: مَع والِدَّي,2.1.4,القراءة,قراءة النصوص المعلوماتية/تحليل النص,"أن يحلل المتعلم عناصر النص واختيار الكاتب للكلمات، ويقيم الطرائق التي تساهم فيها تراكيب الجمل في بناء النص، وأساليب عرض وجهة النظر، أو طريقة كتابة النص وطباعته.",G7.3.2.1.3,يصف مدى انسجام الجمل والفقرات المكتوبة والبناء العاّم للنَّص المعلوماتي مع الّرسومات والأشكال الواردة فيه.,,,,,,,,,,,,,,,,,
Grade 7,الوحدة الثانية,2.1,نَص معلوماتّي: مَع والِدَّي,2.1.4,القراءة,قراءة النصوص المعلوماتية/تحليل النص,"أن يحلل المتعلم عناصر النص واختيار الكاتب للكلمات، ويقيم الطرائق التي تساهم فيها تراكيب الجمل في بناء النص، وأساليب عرض وجهة النظر، أو طريقة كتابة النص وطباعته.",G7.3.2.1.4," يحّلل أسلوب المؤلّف في عرض وجهة نظره أو غايته مثل الإقناع، التَّأريخ للأحداث، الوصف، الَّشرح.",,,,,,,,,,,,,,,,,
Grade 7,الوحدة الثانية,2.1,نَص معلوماتٌّي: الَعْطف على الأبْناِء,2.1.5,القراءة,قراءة النصوص المعلوماتية/معرفة الفكر الرئيسية والتفاصيل,"أن يقرأ المتعلم النص المعلوماتي بعمق وشمولية، ويحدد الفكرة المركزية والفكر الرئيسة، ويستنتج العلاقات ضمن النص الواحد وبين النصوص المختلفة.",G7.3.1.1.2, يستِّدُّل على ارتباِط فْكرت ِين رئيستَيِن أو أَكثَر في النَّص مع بعضها.,,,,,,,,,,,,,,,,,
Grade 7,الوحدة الثانية,2.1,نَص معلوماتٌّي: الَعْطف على الأبْناِء,2.1.5,القراءة,قراءة النصوص المعلوماتية/تحليل النص,"أن يحلل المتعلم عناصر النص واختيار الكاتب للكلمات، ويقيم الطرائق التي تساهم فيها تراكيب الجمل في بناء النص، وأساليب عرض وجهة النظر، أو طريقة كتابة النص وطباعته.",G7.3.2.1.3,يصف مدى انسجام الجمل والفقرات المكتوبة والبناء العام للنص المعلوماتي مع الرسومات والأشكال الواردة فيه.,,,,,,,,,,,,,,,,,
Grade 7,الوحدة الثانية,2.1,نَص معلوماتٌّي: الَعْطف على الأبْناِء,2.1.5,القراءة,قراءة النصوص المعلوماتية/تحليل النص,"أن يحلل المتعلم عناصر النص واختيار الكاتب للكلمات، ويقيم الطرائق التي تساهم فيها تراكيب الجمل في بناء النص، وأساليب عرض وجهة النظر، أو طريقة كتابة النص وطباعته.",G7.3.2.1.4," يحلل أسلوب المؤلف في عرض وجهة نظره أو غايته مثل الإقناع، التأريخ للأحداث، الوصف، الشرح.",,,,,,,,,,,,,,,,,
Grade 7,الوحدة الثانية,2.2,صورُة الَجَّدِة,2.2.1,الاستماع والمحادثة,الاستماع/ استيعاب المعرفة وتقديمها,"أن يظهر المتعلم فهما لمواد مسموعة، ويتواصـل مع الآخرين مقدما المعلومات والنتائج المدعومة بالأدلة لإقناع المستمعين واستمالتهم نحو الموضوع مستخدما اللغة العربية الفصيحة.",G7.5.1.2.2," يُحّلل المتعّلُم المَاَّدَة المَسموَعَة، محدًدا العلاقات بين أجزاء النص، مفاضلا بين الآراء المطروحة.",,,,,,,,,,,,,,,,,
Grade 7,الوحدة الثانية,2.2,صورُة الَجَّدِة,2.2.1,الاستماع والمحادثة,الاستماع/ استيعاب المعرفة وتقديمها,"أن يظهر المتعلم فهما لمواد مسموعة، ويتواصـل مع الآخرين مقدما المعلومات والنتائج المدعومة بالأدلة لإقناع المستمعين واستمالتهم نحو الموضوع مستخدما اللغة العربية الفصيحة.",G7.5.1.2.1,"يُخّمُن المتعّلُم معاني الكلماِت غير المَعروفِة في النَّص، محدًدا الإيماءات والإشارات وتعبيرات الوجه الَّتي وّظفها المتحدث لتلبية المعاني والأحاسيس.",,,,,,,,,,,,,,,,,
Grade 7,الوحدة الثانية,2.2,اللّيْرُة الَّذهبيُّة,2.2.2,الاستماع والمحادثة,الاستماع/ استيعاب المعرفة وتقديمها,"أن يظهر المتعلم فهما لمواد مسموعة، ويتواصـل مع الآخرين مقدما المعلومات والنتائج المدعومة بالأدلة لإقناع المستمعين واستمالتهم نحو الموضوع مستخدما اللغة العربية الفصيحة.",G7.5.1.2.2," يُحّلل المتعّلُم المَاَّدَة المَسموَعَة، محِّدًدا العلاقات بين أجزاء النص، مفاضلا بين الآراء المطروحة.",,,,,,,,,,,,,,,,,
Grade 7,الوحدة الثانية,2.2,اللّيْرُة الَّذهبيُّة,2.2.2,الاستماع والمحادثة,الاستماع/ استيعاب المعرفة وتقديمها,"أن يظهر المتعلم فهما لمواد مسموعة، ويتواصـل مع الآخرين مقدما المعلومات والنتائج المدعومة بالأدلة لإقناع المستمعين واستمالتهم نحو الموضوع مستخدما اللغة العربية الفصيحة.",G7.5.1.2.1,"يُخّمُن المتعّلُم معاني الكلماِت غير المَعروفِة في النَّص، محدًدا الإيماءات والإشارات وتعبيرات الوجه الَّتي وّظفها المتحدث لتلبية المعاني والأحاسيس.",,,,,,,,,,,,,,,,,
Grade 7,الوحدة الثانية,2.3,الأُسرُة والُمجتْمُع,2.3.1,الاستماع والمحادثة,المحادثة/ استيعاب المعرفة وتقديمها,"أن يشارك المتعلم في النقاشات مع معلميه وزملائه، مكيفا كلامه وفق لمجموعة متنوعة مــن السـياقات والمهام  التواصلية، مظهرا إجادته للغة العربية الفصيحة.",G7.5.1.4.2,"يقّدم المتعّلم عرًّضا تقديميًّا معلوماتيًا تقديمًا منطقيًّا، موّظًفا وسائل عرض مناسبة، مراعيًا المّدة الّزمنيّة المخّصصة للعرض، مستخدًما الّلغة العربيّة الفصيحة. ",,,,,,,,,,,,,,,,,
Grade 7,الوحدة الثانية,2.3,الأُسرُة والُمجتْمُع,2.3.1,الاستماع والمحادثة,المحادثة/ استيعاب المعرفة وتقديمها,"أن يظهر المتعلم فهما لمواد مسموعة، ويتواصـل مع الآخرين مقدما المعلومات والنتائج المدعومة بالأدلة لإقناع المستمعين واستمالتهم نحو الموضوع مستخدما اللغة العربية الفصيحة.",G7.5.1.2.1, يُحّدُد الإيماءاِت والإشاراِت وتعبيراِت الوْجِه الَّتي وَّظفها المتحّدُث لتلبيِة المعاني والأحاسيِس.,,,,,,,,,,,,,,,,,
Grade 7,الوحدة الثانية,2.4,المفعوُل لَه,2.4.1,اللغة (النحو والصرف),*اللغة/ بنية اللغة العربية (النحو والصرف),"أن يتعرف المتعلم المفاهيم النحوية والصرفية، ويستخدمها استخداما صحيحا.",G7.6.2.2.8,  يَتَعّرف المُتِّعلُم المَفعوَل لُه ويُعِربُه إْعرابًا صحيًحا ويُوّظُفُه في كتابتِه.,المفعوُل لَه,,,,,,,,,,,,,,,,
Grade 7,الوحدة الثانية,2.5,كتابَة تَّقريٍر بَحثِّي,2.5.1,الكتابة,الكتابة/انتاج الأعمال الكتابية ونشرها,أن ينتج المتعلم نصوصا سردية ومعلوماتية وإقناعية ووصفية وتظهر كتاباته تقيده بالسلامة اللغوية.,G7.4.2.4.4,"يكتب تقريًرا بحثيًا عن فكرة أو قضية مهمة باختيار سؤال مركزي واحد، مؤسًسا لفكرة مركزية، مطوًرا  الفكرة بالأدلة والأمثلة مضمنًا بحثه قائمة بالمصادر والمراجع",كتابة تقرير بحثي,,,,,,,,,,,,,,,,
Grade 7,الوحدة الثانية,2.5,كتابَة تَّقريٍر بَحثِّي,2.5.1,الكتابة,الكتابة/البحث عن المعلومات,أن يبحث المتعلم عن المعلومات ويطبقها في موضوعات كتابية تستند إلى أغراض محددة تظهر فهمه بالمادة التي يبحث عنها وتتناسب مع غرض الكتابة وطبيعتها.,G7.4.1.1.1, يبحث بفاعلية عن المعلومات المتصلة بموضوع بحثه من مصادر مطبوعة ورقمية.,,,,,,,,,,,,,,,,,
Grade 7,الوحدة الثانية,2.5,كتابَة تَّقريٍر بَحثِّي,2.5.1,الكتابة,الكتابة/البحث عن المعلومات,أن يبحث المتعلم عن المعلومات ويطبقها في موضوعات كتابية تستند إلى أغراض محددة تظهر فهمه بالمادة التي يبحث عنها وتتناسب مع غرض الكتابة وطبيعتها.,G7.4.1.1.2," يحدد الاقتباسات والبيانات الملائمة ليدمجها في أعماله الكتابية، ويوثقها توثيًقا صحيًحا. ",,,,,,,,,,,,,,,,,
Grade 7,الوحدة الثانية,2.5,كتابَة تَّقريٍر بَحثِّي,2.5.1,الكتابة,الكتابة/انتاج الأعمال الكتابية ونشرها,"أن يكتب المتعلم نصوصا تعبر عن  فكرة مركزية تظهر مقدرة على التركيز والتنظيم وتدل على وعي كامل بالمتلقي في علاقته بغرض وبموضوع الكتابة، مطورا مهاراته الكتابية من خلال مراحل الكتابة (ما قبل الكتابة، المسودة، المراجعة)، لتحرير النص.
",G7.4.2.3.2, يدعم وجهة نظره وأفكاره بالافتراضات والحكايات والنوادر والحقائق والإحصائيات والأمثلة.,,,,,,,,,,,,,,,,,
Grade 7,الوحدة الثانية,2.5,كتابَة تَّقريٍر بَحثِّي,2.5.1,الكتابة,الكتابة/البحث عن المعلومات,أن يبحث المتعلم عن المعلومات ويطبقها في موضوعات كتابية تستند إلى أغراض محددة تظهر فهمه بالمادة التي يبحث عنها وتتناسب مع غرض الكتابة وطبيعتها.,G7.4.2.4.4, يتعرف بنية التقرير البحثي وخصائصه. ,,,,,,,,,,,,,,,,,
Grade 7,الوحدة الثالثة,3.1,(نٌّص شعرٌّي) لاميُّة الُّطْغرائِّي,3.1.1,القراءة,قراءة النصوص الادبية/معرفة الفكر الرئيسية والتفاصيل,"أن يحدد المتعلم الفكر الرئيسة والتفاصيل المساندة التي تسهم في توضيح الفكرة الرئيسة، أو الرسالة العامة، أو الدروس المقدمة في النصوص الأدبية",G7.2.1.1.1, يحدد المعنى الإجمالي للنص الأدبي موضًحا الفكر الرئيسة والجزئية فيه.,,,,,,,,,,,,,,,,,
Grade 7,الوحدة الثالثة,3.1,(نٌّص شعرٌّي) لاميُّة الُّطْغرائِّي,3.1.1,اللغة (المعجم),اللغة/اكتساب المفردات واستخدامها (المعجم),أن يفسر المفردات الجديدة من خلال سياقاتها المختلفة,G7.6.1.3.2, يُفّسُر المفرداِت باستخداِم المعجِم.,,,,,,,,,,,,,,,,,
Grade 7,الوحدة الثالثة,3.1,(نٌّص شعرٌّي) لاميُّة الُّطْغرائِّي,3.1.1,القراءة,قراءة النصوص الادبية/معرفة الفكر الرئيسية والتفاصيل,"أن يحدد المتعلم الفكر الرئيسة والتفاصيل المساندة التي تسهم في توضيح الفكرة الرئيسة، أو الرسالة العامة، أو الدروس المقدمة في النصوص الأدبية",G7.2.1.1.2, يُحّدُد الّدلالا ِت الإيحائيَّة والمجازيَّة.,,,,,,,,,,,,,,,,,
Grade 7,الوحدة الثالثة,3.1,(نٌّص شعرٌّي) لاميُّة الُّطْغرائِّي,3.1.1,القراءة,قراءة النصوص الادبية/تكامل المعرفة مع الفكر,"أن يقرأ المتعلم نصوصا شعرية وأعمالاً نثرية متنوعة ويقمها ويحللها، ويــدمــج الفكر المقدمة فيها؛ لبناء معرفة وفهم جديدين عن الفكرة المحورية، والرسائل المتضمنة في الأعمال الأدبية.",G7.2.3.1.6, يحفُظ ثمانيَة أبياٍت. ,,,,,,,,,,,,,,,,,
Grade 7,الوحدة الثالثة,3.1,قِّصٌة قصيرٌة الَّضِحك في آخِر اللَّيِل,3.1.2,القراءة,قراءة النصوص الادبية/تحليل النص,"أن يحدد المتعلم جوانب معينة في النصوص الأدبية ويفهمها،ويحلل عناصر النص وخيارات المؤلفين في اختيار الكلمت والأساليب الأدبية المناسبة لنصوصهم.",G7.2.2.1.4, يُحِّدُد العناصَر الَفنِّيَّة للقَّصِة الَقصيرة.,,,,,,,,,,,,,,,,,
Grade 7,الوحدة الثالثة,3.1,قِّصٌة قصيرٌة الَّضِحك في آخِر اللَّيِل,3.1.2,القراءة,قراءة النصوص الادبية/تحليل النص,"أن يحدد المتعلم جوانب معينة في النصوص الأدبية ويفهمها،ويحلل عناصر النص وخيارات المؤلفين في اختيار الكلمت والأساليب الأدبية المناسبة لنصوصهم.",G7.2.2.1.4," يُحّلُل الِقصَة إلى عناصِرها الَفنيَّة، موِّضًحا فكَرتَها.",,,,,,,,,,,,,,,,,
Grade 7,الوحدة الثالثة,3.1,قِّصٌة قصيرٌة الَّضِحك في آخِر اللَّيِل,3.1.2,القراءة,قراءة النصوص الادبية/تحليل النص,"أن يحدد المتعلم جوانب معينة في النصوص الأدبية ويفهمها،ويحلل عناصر النص وخيارات المؤلفين في اختيار الكلمت والأساليب الأدبية المناسبة لنصوصهم.",G7.2.2.1.5," يُحِّلُل النَّص لتحديِد وجَهِة نظِر الكاتِب، ووجهاِت نظر الَّشخصياِت.",,,,,,,,,,,,,,,,,
Grade 7,الوحدة الثالثة,3.1,قِّصٌة قصيرٌة الَّضِحك في آخِر اللَّيِل,3.1.2,القراءة,قراءة النصوص الادبية/تحليل النص,"أن يحدد المتعلم جوانب معينة في النصوص الأدبية ويفهمها،ويحلل عناصر النص وخيارات المؤلفين في اختيار الكلمت والأساليب الأدبية المناسبة لنصوصهم.",G7.2.2.1.1, يُعِّلُل استخداَم الّلغِة المَجازيَّة في النَّص الأدِّبي واصًفا كيَف تؤثِّر على النَّص. ,,,,,,,,,,,,,,,,,
Grade 7,الوحدة الثالثة,3.1,قِّصٌة قصيرٌة الَّضِحك في آخِر اللَّيِل,3.1.2,القراءة,قراءة النصوص المعلوماتية/تحليل النص,"أن يحلل المتعلم عناصر النص واختيار الكاتب للكلمات، ويقيم الطرائق التي تساهم فيها تراكيب الجمل في بناء النص، وأساليب عرض وجهة النظر، أو طريقة كتابة النص وطباعته.",G7.3.2.1.1, يُفِّسُر كلماِت الِقّصِة مستنتًجا الّدلالاِت التَّعبيريَّة فيها. ,,,,,,,,,,,,,,,,,
Grade 7,الوحدة الثالثة,3.1,نَّصَ معلوماتٌّي تاريُخ التَّدفِئَة,3.1.3,القراءة,قراءة النصوص المعلوماتية/معرفة الفكر الرئيسية والتفاصيل,"أن يقرأ المتعلم النص المعلوماتي بعمق وشمولية، ويحدد الفكرة المركزية والفكر الرئيسة، ويستنتج العلاقات ضمن النص الواحد وبين النصوص المختلفة.",G7.3.1.1.2, يَستدُّل على ارتباِط فكرتِين رئيَستَين أو أكثَر في النّص المعلوماِّتي.,,,,,,,,,,,,,,,,,
Grade 7,الوحدة الثالثة,3.1,نَّصَ معلوماتٌّي تاريُخ التَّدفِئَة,3.1.3,القراءة,قراءة النصوص المعلوماتية/معرفة الفكر الرئيسية والتفاصيل,"أن يقرأ المتعلم النص المعلوماتي بعمق وشمولية، ويحدد الفكرة المركزية والفكر الرئيسة، ويستنتج العلاقات ضمن النص الواحد وبين النصوص المختلفة.",G7.3.1.1.1, يُحِّدُد الِفَكَر الَّرئيسَة للنَّص بعَد تَحليِلِه المعلوماِت الَّصريحَة والِّضمنيَّة مستشهًدا بِعدٍد مَن الأدلَّة.,,,,,,,,,,,,,,,,,
Grade 7,الوحدة الثالثة,3.1,قِصٌة قَصيرٌة الِّرهاُن,3.1.4,القراءة,قراءة النصوص الادبية/تحليل النص,"أن يحدد المتعلم جوانب معينة في النصوص الأدبية ويفهمها،ويحلل عناصر النص وخيارات المؤلفين في اختيار الكلمت والأساليب الأدبية المناسبة لنصوصهم.",G7.2.2.1.4," يُحّلُل الِقّصَة إلى عناِصِرها الَفنِّيَّة، موّضًحا فكرتَها.",,,,,,,,,,,,,,,,,
Grade 7,الوحدة الثالثة,3.1,قِصٌة قَصيرٌة الِّرهاُن,3.1.4,القراءة,قراءة النصوص الادبية/تحليل النص,"أن يحدد المتعلم جوانب معينة في النصوص الأدبية ويفهمها،ويحلل عناصر النص وخيارات المؤلفين في اختيار الكلمت والأساليب الأدبية المناسبة لنصوصهم.",G7.2.2.1.5," يُحّلُل النَّص لتحديِد وجهِة نظِر الكاتِب، ووجهاِت نظِر الَّشخصيّاِت.",,,,,,,,,,,,,,,,,
Grade 7,الوحدة الثالثة,3.1,قِصٌة قَصيرٌة الِّرهاُن,3.1.4,القراءة,قراءة النصوص الادبية/تحليل النص,"أن يحدد المتعلم جوانب معينة في النصوص الأدبية ويفهمها،ويحلل عناصر النص وخيارات المؤلفين في اختيار الكلمت والأساليب الأدبية المناسبة لنصوصهم.",G7.2.2.1.1, يُعّلُل استخداَم الّلغِة المجازيَّة في النَّص الأدِّبي واصًفا كيَف تُؤثُر على النص. ,,,,,,,,,,,,,,,,,
Grade 7,الوحدة الثالثة,3.1,قِصٌة قَصيرٌة الِّرهاُن,3.1.4,القراءة,قراءة النصوص المعلوماتية/تحليل النص,"أن يحلل المتعلم عناصر النص واختيار الكاتب للكلمات، ويقيم الطرائق التي تساهم فيها تراكيب الجمل في بناء النص، وأساليب عرض وجهة النظر، أو طريقة كتابة النص وطباعته.",G7.3.2.1.1, يُفّسُر كلماِت القَّصِة مستنتًجا الّدلالاِت التَّعبيريَّة فيها. ,,,,,,,,,,,,,,,,,
Grade 7,الوحدة الثالثة,3.1,قِصٌة قَصيرٌة الِّرهاُن,3.1.4,القراءة,قراءة النصوص الادبية/تحليل النص,"أن يحدد المتعلم جوانب معينة في النصوص الأدبية ويفهمها،ويحلل عناصر النص وخيارات المؤلفين في اختيار الكلمت والأساليب الأدبية المناسبة لنصوصهم.",G7.2.2.1.2, يُقاِرُن مْن حيُث الأفكاُر بين نَّصين مختلَفين يَطرحاِن موضوًعا واحًدا.,,,,,,,,,,,,,,,,,
Grade 7,الوحدة الثالثة,3.1,نَّصَ معلوماتٌّي أَسواٌق شعبيَّةِ مَن العالَم.,3.1.5,القراءة,قراءة النصوص المعلوماتية/معرفة الفكر الرئيسية والتفاصيل,"أن يقرأ المتعلم النص المعلوماتي بعمق وشمولية، ويحدد الفكرة المركزية والفكر الرئيسة، ويستنتج العلاقات ضمن النص الواحد وبين النصوص المختلفة.",G7.3.1.1.2, يستدُّل على ارتباِط فكرتين رئيَستين أو أكثَر في النَّص المَعلوماتي.,,,,,,,,,,,,,,,,,
Grade 7,الوحدة الثالثة,3.1,نَّصَ معلوماتٌّي أَسواٌق شعبيَّةِ مَن العالَم.,3.1.5,القراءة,قراءة النصوص المعلوماتية/معرفة الفكر الرئيسية والتفاصيل,"أن يقرأ المتعلم النص المعلوماتي بعمق وشمولية، ويحدد الفكرة المركزية والفكر الرئيسة، ويستنتج العلاقات ضمن النص الواحد وبين النصوص المختلفة.",G7.3.1.1.1, يحِّدُد الِفَكَر الَّرئيسَة للنَّص بعَد تحليِلِه المَعلوماِت الَّصريحَة والّضمنيَة مستشهًدا بعدٍد من الأدلَّة.,,,,,,,,,,,,,,,,,
Grade 7,الوحدة الثالثة,3.2,قَمحٌة في حْجِم بَيَضٍة,3.2.1,الاستماع والمحادثة,الاستماع والمحادثة/استيعاب المعرفة وتقديمها,"أن يظهر المتعلم فهما لمواد مسموعة، ويتواصـل مع الآخرين مقدما المعلومات والنتائج المدعومة بالأدلة لإقناع المستمعين واستمالتهم نحو الموضوع مستخدما اللغة العربية الفصيحة.",G7.5.1.2.1," يَفهُم المُتعِّلُم مضموَن الماَّدِة المَسموعِة، ومعاني بعِض العباراِت الوارَدِة فيها، والَّرسائَل المُضَّمنَة. ",,,,,,,,,,,,,,,,,
Grade 7,الوحدة الثالثة,3.2,قَمحٌة في حْجِم بَيَضٍة,3.2.1,الاستماع والمحادثة,الاستماع والمحادثة/استيعاب المعرفة وتقديمها,"أن يظهر المتعلم فهما لمواد مسموعة، ويتواصـل مع الآخرين مقدما المعلومات والنتائج المدعومة بالأدلة لإقناع المستمعين واستمالتهم نحو الموضوع مستخدما اللغة العربية الفصيحة.",G7.5.1.2.2," يُحِّلُل المُتعِّلُم الماَّدَة المَسموَعَة محِّدًدا العلاقاِت بين أجزاِء النَّص، مفاِضًلا بين الآراِء المَطروَحِة. ",,,,,,,,,,,,,,,,,
Grade 7,الوحدة الثالثة,3.3,تَقديُم عْر ٍض حْوَل الأَسواِق,3.3.1,الاستماع والمحادثة,الاستماع والمحادثة/استيعاب المعرفة وتقديمها,"أن يشارك المتعلم في النقاشات مع معلميه وزملائه، مكيفا كلامه وفق لمجموعة متنوعة مــن السـياقات والمهام  التواصلية، مظهرا إجادته للغة العربية الفصيحة.",G7.5.1.5.2,"يقّدُم المتعّلُم عرًضا تقديميًّا معلوماتيًّا تقديمًا منطقيًّا، موِّظًفا وسائَل عرٍض مناسبَة، مراعيًا المُّدَة الَّزمنيَّة المُخّصصَة للعرِض، مستخدًما اللغَة العربيَّة المُناسبَة",,,,,,,,,,,,,,,,,
Grade 7,الوحدة الثالثة,3.3,تَقديُم عْر ٍض حْوَل الأَسواِق,3.3.1,الاستماع والمحادثة,الاستماع والمحادثة/استيعاب المعرفة وتقديمها,"أن يظهر المتعلم فهما لمواد مسموعة، ويتواصـل مع الآخرين مقدما المعلومات والنتائج المدعومة بالأدلة لإقناع المستمعين واستمالتهم نحو الموضوع مستخدما اللغة العربية الفصيحة.",G7.5.1.2.1, يحّدُد الإيماءاِت والإشاراِت وتعبيراِت الوجِه الّتي وّظفها المتحِّدُث لتلبيِة المعاني والأحاسيِس.,,,,,,,,,,,,,,,,,
Grade 7,الوحدة الثالثة,3.4,الَعدُد والَمْعدوُد,3.4.1,اللغة (النحو والصرف),اللغة/ بنية اللغة العربية (النحو والصرف),"أن يتعرف المتعلم المفاهيم النحوية والصرفية، ويستخدمها استخداما صحيحا.",G7.6.2.2.2, يتعّرُف المتعّلُم أحواَل الَعدِد مَع المعدوِد مْن (1-10) مراعيًا أحوالَهما في التَّوظيِف.,الَعدُد والَمْعدوُد,,,,,,,,,,,,,,,,
Grade 7,الوحدة الثالثة,3.5,كتابُة نَص تَفسيرٍي,3.5.1,الكتابة,الكتابة/انتاج الأعمال الكتابية ونشرها,"أن يكتب المتعلم نصوصا تعبر عن  فكرة مركزية تظهر مقدرة على التركيز والتنظيم وتدل على وعي كامل بالمتلقي في علاقته بغرض وبموضوع الكتابة، مطورا مهاراته الكتابية من خلال مراحل الكتابة (ما قبل الكتابة، المسودة، المراجعة)، لتحرير النص.
",G7.4.2.3.1, يُعُّد مخَّططا لأفكارِه بِمْنَهجيَّة تَنظيِميَّة متَواِزنَة.,,,,,,,,,,,,,,,,,
Grade 7,الوحدة الثالثة,3.5,كتابُة نَص تَفسيرٍي,3.5.1,الكتابة,الكتابة/البحث عن المعلومات,أن يبحث المتعلم عن المعلومات ويطبقها في موضوعات كتابية تستند إلى أغراض محددة تظهر فهمه بالمادة التي يبحث عنها وتتناسب مع غرض الكتابة وطبيعتها.,G7.4.1.1.1, يبحُث بفاعليٍة عِن المعلوماِت المُتَّصَلِة بِموضوِع بحثِه مْن مصادَر مطبوعٍة ورقميَّة. ,,,,,,,,,,,,,,,,,
Grade 7,الوحدة الثالثة,3.5,كتابُة نَص تَفسيرٍي,3.5.1,الكتابة,الكتابة/انتاج الأعمال الكتابية ونشرها,أن ينتج المتعلم نصوصا سردية ومعلوماتية وإقناعية ووصفية وتظهر كتاباته تقيده بالسلامة اللغوية.,G7.4.2.4.2, يَكتُب نَّصا  تَفسيريَّا (مقارنٌة ومقابلٌة) لِيعرَض وجَهَة نظِرِه الَّتي تَناولَها مقّدًما أدلَّة مقنِعًة وأمثِلًة.,كتابة نص تفسيري من فقرات متعددة ,,,,,,,,,,,,,,,,
Grade 7,الوحدة الثالثة,3.5,كتابُة نَص تَفسيرٍي,3.5.1,اللغة (البلاغة),اللغة / بنية اللغة العربية (البلاغة),"أن يتعرف المتعلم المفاهيم البلاغية، ويتذوقها ويوظفها في إنتاجه اللغوي",G7.6.5.1.3," يتعَّرُف المتعِّلُم الأغراَض البلاغيَّة للأسلوِب الإنشائِّي كالأمِر، والنَّهِي، والاستِفهاِم.",الأغراض البلاغية للأسلوب الإنشائي,,,,,,,,,,,,,,,,
Grade 7,الوحدة الرابعة,4.1,(نٌّص شعرٌّي) قُّوُة الِعْلِم,4.1.1,القراءة,قراءة النصوص الادبية/معرفة الفكر الرئيسية والتفاصيل,"أن يحدد المتعلم الفكر الرئيسة والتفاصيل المساندة التي تسهم في توضيح الفكرة الرئيسة، أو الرسالة العامة، أو الدروس المقدمة في النصوص الأدبية",G7.2.1.1.2, يُحلُّل المتعِّلُم المعاني الَّدلاليَّة لْلكلماِت والعباراِت المْستَخدَمة في النَّص الأَدبِّي. ,,,,,,,,,,,,,,,,,
Grade 7,الوحدة الرابعة,4.1,(نٌّص شعرٌّي) قُّوُة الِعْلِم,4.1.1,القراءة,قراءة النصوص الادبية/تحليل النص,"أن يحدد المتعلم جوانب معينة في النصوص الأدبية ويفهمها،ويحلل عناصر النص وخيارات المؤلفين في اختيار الكلمت والأساليب الأدبية المناسبة لنصوصهم.",G7.2.2.1.1, يِصُف تأثَير اللُّغِة المجازيَّة في التَّعبِير عْن دلالاِت النَّص وأفكاِرِه.,,,,,,,,,,,,,,,,,
Grade 7,الوحدة الرابعة,4.1,(نٌّص شعرٌّي) قُّوُة الِعْلِم,4.1.1,اللغة (المعجم),اللغة/اكتساب المفردات واستخدامها (المعجم),أن يكتسب المتعلم مفردات من خلال احتكاكه بمواقف غنية لغويا,G7.6.1.2.3, يُفِّسُر المُتَعِّلُم أَسماًء وأْفعالا بِمراِدفاتِها وأَضداِدها. ,,,,,,,,,,,,,,,,,
Grade 7,الوحدة الرابعة,4.1,(نٌّص شعرٌّي) قُّوُة الِعْلِم,4.1.1,القراءة,قراءة النصوص الادبية/تكامل المعرفة مع الفكر,"أن يقرأ المتعلم نصوصا شعرية وأعمالاً نثرية متنوعة ويقمها ويحللها، ويــدمــج الفكر المقدمة فيها؛ لبناء معرفة وفهم جديدين عن الفكرة المحورية، والرسائل المتضمنة في الأعمال الأدبية.",G7.2.3.1.6, يَحَفُظ النَّص الِّشعِرَّي.,,,,,,,,,,,,,,,,,
Grade 7,الوحدة الرابعة,4.1,قِصٌة قصيرٌة مَرض الَوَرق,4.1.2,القراءة,قراءة النصوص الادبية/تحليل النص,"أن يحدد المتعلم جوانب معينة في النصوص الأدبية ويفهمها،ويحلل عناصر النص وخيارات المؤلفين في اختيار الكلمت والأساليب الأدبية المناسبة لنصوصهم.",G7.2.2.1.3, يُحِّدُد العناِصَر الَفنِّيَّة للقَّصِة الَقصيرة.,,,,,,,,,,,,,,,,,
Grade 7,الوحدة الرابعة,4.1,قِصٌة قصيرٌة مَرض الَوَرق,4.1.2,القراءة,قراءة النصوص الادبية/تحليل النص,"أن يحدد المتعلم جوانب معينة في النصوص الأدبية ويفهمها،ويحلل عناصر النص وخيارات المؤلفين في اختيار الكلمت والأساليب الأدبية المناسبة لنصوصهم.",G7.2.2.1.4," يُحّلُل الِقصَة إلى عناصِرها الَفنِّيَّة، موِّضًحا فكَرتَها.",,,,,,,,,,,,,,,,,
Grade 7,الوحدة الرابعة,4.1,قِصٌة قصيرٌة مَرض الَوَرق,4.1.2,القراءة,قراءة النصوص الادبية/تحليل النص,"أن يحدد المتعلم جوانب معينة في النصوص الأدبية ويفهمها،ويحلل عناصر النص وخيارات المؤلفين في اختيار الكلمت والأساليب الأدبية المناسبة لنصوصهم.",G7.2.2.1.5," يُحِّلُل النَّص لتحديِد وجَهِة نظِر الكاتِب، ووجهاِت نظر الَّشخصياِت.",,,,,,,,,,,,,,,,,
Grade 7,الوحدة الرابعة,4.1,قِصٌة قصيرٌة مَرض الَوَرق,4.1.2,القراءة,قراءة النصوص الادبية/تحليل النص,"أن يحدد المتعلم جوانب معينة في النصوص الأدبية ويفهمها،ويحلل عناصر النص وخيارات المؤلفين في اختيار الكلمت والأساليب الأدبية المناسبة لنصوصهم.",G7.2.2.1.1, يُعِّلُل استخداَم الّلغِة المَجازيَّة في النَّص الأدِّبي واصًفا كيَف تؤثِّر على النَّص. ,,,,,,,,,,,,,,,,,
Grade 7,الوحدة الرابعة,4.1,قِصٌة قصيرٌة مَرض الَوَرق,4.1.2,القراءة,قراءة النصوص المعلوماتية/تحليل النص,"أن يحلل المتعلم عناصر النص واختيار الكاتب للكلمات، ويقيم الطرائق التي تساهم فيها تراكيب الجمل في بناء النص، وأساليب عرض وجهة النظر، أو طريقة كتابة النص وطباعته.",G7.3.2.1.1, يُفِّسُر كلماِت الِقّصِة مستنتًجا الّدلالاِت التَّعبيريَّة فيها. ,,,,,,,,,,,,,,,,,
Grade 7,الوحدة الرابعة,4.1,"نَص معلوماتٌّي التعلُّم مؤلِم، لَكنَّه يَجب أَن يَكوَن كذلِك",4.1.3,القراءة,قراءة النصوص المعلوماتية/معرفة الفكر الرئيسية والتفاصيل,"أن يقرأ المتعلم النص المعلوماتي بعمق وشمولية، ويحدد الفكرة المركزية والفكر الرئيسة، ويستنتج العلاقات ضمن النص الواحد وبين النصوص المختلفة.",G7.3.1.1.1, يحِّدُد الِفَكَر الَّرئيسَة للنَّص بعَد تحليِلِه المَعلوماِت الَّصريحَة والّضمنيَّة مستشهًدا بعدٍد من الأدلَّة.,,,,,,,,,,,,,,,,,
Grade 7,الوحدة الرابعة,4.1,"نَص معلوماتٌّي التعلُّم مؤلِم، لَكنَّه يَجب أَن يَكوَن كذلِك",4.1.3,القراءة,قراءة النصوص المعلوماتية/معرفة الفكر الرئيسية والتفاصيل,"أن يقرأ المتعلم النص المعلوماتي بعمق وشمولية، ويحدد الفكرة المركزية والفكر الرئيسة، ويستنتج العلاقات ضمن النص الواحد وبين النصوص المختلفة.",G7.3.1.1.3, يَصف كْيفيَّة ربْط المُؤلِّف الْفَكَر بِالتَّفاصيِل مستَدًلا بِالأْمثِلِة.,,,,,,,,,,,,,,,,,
Grade 7,الوحدة الرابعة,4.1,نَص معلوماتٌّي رْحلَة الْمْعَرفَة,4.1.4,القراءة,قراءة النصوص المعلوماتية/معرفة الفكر الرئيسية والتفاصيل,"أن يقرأ المتعلم النص المعلوماتي بعمق وشمولية، ويحدد الفكرة المركزية والفكر الرئيسة، ويستنتج العلاقات ضمن النص الواحد وبين النصوص المختلفة.",G7.3.1.1.1, يحِّدُد الِفَكَر الَّرئيسَة للنَّص بعَد تحليِلِه المَعلوماِت الَّصريحَة والّضمنيَّة مستشهًدا بعدٍد من الأدلَّة,,,,,,,,,,,,,,,,,
Grade 7,الوحدة الرابعة,4.2,عالَم الّطباَعِة بَيْن الْقديِم والْحديِث,4.2.1,الاستماع والمحادثة,الاستماع والمحادثة/استيعاب المعرفة وتقديمها,"أن يظهر المتعلم فهما لمواد مسموعة، ويتواصـل مع الآخرين مقدما المعلومات والنتائج المدعومة بالأدلة لإقناع المستمعين واستمالتهم نحو الموضوع مستخدما اللغة العربية الفصيحة.",G7.5.1.2.2, يُحّلل المَاَّدَة المَسموَعَة.,,,,,,,,,,,,,,,,,
Grade 7,الوحدة الرابعة,4.2,عالَم الّطباَعِة بَيْن الْقديِم والْحديِث,4.2.1,الاستماع والمحادثة,الاستماع والمحادثة/استيعاب المعرفة وتقديمها,"أن يظهر المتعلم فهما لمواد مسموعة، ويتواصـل مع الآخرين مقدما المعلومات والنتائج المدعومة بالأدلة لإقناع المستمعين واستمالتهم نحو الموضوع مستخدما اللغة العربية الفصيحة.",G7.5.1.2.1, يُخّمُن معاني الكلماِت غير المَعروفِة في النَّص المَسموِع.,,,,,,,,,,,,,,,,,
Grade 7,الوحدة الرابعة,4.3,العمُل التَّطوعي,4.3.1,الاستماع والمحادثة,الاستماع والمحادثة/استيعاب المعرفة وتقديمها,"أن يشارك المتعلم في النقاشات مع معلميه وزملائه، مكيفا كلامه وفق لمجموعة متنوعة مــن السـياقات والمهام  التواصلية، مظهرا إجادته للغة العربية الفصيحة.",G7.5.1.4.1,"يُوّظُف اختياَر الكلماِت المُتنّوَعِة، وتَشُمُل: (لُغَة اُلحَّجِة والإقناِع والبُرهان، والُّلغَة المجازيَّة)، مظهًرا فهًما للموضوِع. ",,,,,,,,,,,,,,,,,
Grade 7,الوحدة الرابعة,4.3,العمُل التَّطوعي,4.3.1,الاستماع والمحادثة,الاستماع والمحادثة/استيعاب المعرفة وتقديمها,"أن يظهر المتعلم فهما لمواد مسموعة، ويتواصـل مع الآخرين مقدما المعلومات والنتائج المدعومة بالأدلة لإقناع المستمعين واستمالتهم نحو الموضوع مستخدما اللغة العربية الفصيحة.",G7.5.1.2.1, يُحّدُد الإيماءاِت والإشاراِت وتعبيراِت الوْجِه الَّتي وَّظفها المتحّدُث لتلبيِة المعاني والأحاسيِس.,,,,,,,,,,,,,,,,,
Grade 7,الوحدة الرابعة,4.4,ضمائِر النَّصِب الُمتَّصلُة,4.4.1,اللغة (النحو والصرف),اللغة/ بنية اللغة العربية (النحو والصرف),"أن يتعرف المتعلم المفاهيم النحوية والصرفية، ويستخدمها استخداما صحيحا.",G6.6.2.2.3, يتعَّرُف المتعِّلُم ضمائَر النَّصِب المُتَّصَلَة. ,ضمائِر النَّصِب الُمتَّصلُة,"ضمائر النصب المتصلة بالأفعال
ضمائر النصب المتصلة بإنّ","ضمائر النصب المتصلة بالأفعال
ضمائر النصب المتصلة بإنّ",,,,,,,,,,,,,,
Grade 7,الوحدة الرابعة,4.5,الِقراءُة الورقيَّة والِقراءُة الإِلكترونيَّة,4.5.1,الكتابة,الكتابة/انتاج الأعمال الكتابية ونشرها,"أن يكتب المتعلم نصوصا تعبر عن  فكرة مركزية تظهر مقدرة على التركيز والتنظيم وتدل على وعي كامل بالمتلقي في علاقته بغرض وبموضوع الكتابة، مطورا مهاراته الكتابية من خلال مراحل الكتابة (ما قبل الكتابة، المسودة، المراجعة)، لتحرير النص.
",G7.4.2.3.1, يختاُر بِنيًة منهجيَّة تنظيميَّة متوازنًة لعرِض أفكاِرِه مستخِدًما عباراٍت وجمًلا انتقاليَّة مؤثِّرًة للَّربِط بينَها.,,ضمائر النصب المتصلة بإنّ,,,,,,,,,,,,,,,
Grade 7,الوحدة الرابعة,4.5,الِقراءُة الورقيَّة والِقراءُة الإِلكترونيَّة,4.5.1,الكتابة,الكتابة/البحث عن المعلومات,أن يبحث المتعلم عن المعلومات ويطبقها في موضوعات كتابية تستند إلى أغراض محددة تظهر فهمه بالمادة التي يبحث عنها وتتناسب مع غرض الكتابة وطبيعتها.,G7.4.1.1.1, يبحُث بفاعليَّة عِن المعلوماِت المتَّصَلِة بموضوِع بحثِه من مصاِدَر مطبوعٍة ورقميَّة.  ,,,,,,,,,,,,,,,,,
Grade 7,الوحدة الرابعة,4.5,الِقراءُة الورقيَّة والِقراءُة الإِلكترونيَّة,4.5.1,الكتابة,الكتابة/انتاج الأعمال الكتابية ونشرها,أن ينتج المتعلم نصوصا سردية ومعلوماتية وإقناعية ووصفية وتظهر كتاباته تقيده بالسلامة اللغوية.,G7.4.2.4.2," يكتُب نًّصا تفسيريًّا مستخِدًما المقارنَة والمقابلَة، ليعرَض وجهَة نظِرِه الَّتي تَناولها مقِّدًما أدلَّة مقنعًة وأمثلًة.",,,,,,,,,,,,,,,,,
Grade 7,الوحدة الخامسة,5.1,شعر: حكم ومواعظ,5.1.1,القراءة,قراءة النصوص الادبية/تكامل المعرفة مع الفكر,"أن يقرأ المتعلم نصوصا شعرية وأعمالاً نثرية متنوعة ويقمها ويحللها، ويــدمــج الفكر المقدمة فيها؛ لبناء معرفة وفهم جديدين عن الفكرة المحورية، والرسائل المتضمنة في الأعمال الأدبية.",G7.2.3.1.6,يحفظ المتعلم نصوصا شعرية من 8-10 ابيات,,,,,,,,,,,,,,,,,
Grade 7,الوحدة الخامسة,5.1,شعر: حكم ومواعظ,5.1.1,اللغة (المعجم),اللغة/اكتساب المفردات واستخدامها (المعجم),أن يكتسب المتعلم مفردات من خلال احتكاكه بمواقف غنية لغويا,G7.6.1.2.1,يُحّدُدَ علاقاِت التَّضاِد والتّرادِف بين الكلماِت.,,,,,,,,,,,,,,,,,
Grade 7,الوحدة الخامسة,5.1,شعر: حكم ومواعظ,5.1.1,القراءة,قراءة النصوص الادبية/تحليل النص,"أن يحدد المتعلم جوانب معينة في النصوص الأدبية ويفهمها،ويحلل عناصر النص وخيارات المؤلفين في اختيار الكلمت والأساليب الأدبية المناسبة لنصوصهم.",G7.2.2.1.1,يفسر المتعلم الّلغِة المَجازيَّة والمعاني الدلالية للكلمات والجمل المستخدمة في النص. ,,,,,,,,,,,,,,,,,
Grade 7,الوحدة الخامسة,5.1,شعر: حكم ومواعظ,5.1.1,القراءة,قراءة النصوص الادبية/معرفة الفكر الرئيسية والتفاصيل,"أن يحدد المتعلم الفكر الرئيسة والتفاصيل المساندة التي تسهم في توضيح الفكرة الرئيسة، أو الرسالة العامة، أو الدروس المقدمة في النصوص الأدبية",G7.2.1.1.1,يحدد المعنى الإجمالي للنص الأدبي موضًحا الفكر الرئيسة والجزئية فيه.,,,,,,,,,,,,,,,,,
Grade 7,الوحدة الخامسة,5.2,قصة قصيرة ان غدا لناظره قريب,5.2.1,القراءة,قراءة النصوص الادبية/معرفة الفكر الرئيسية والتفاصيل,"أن يحدد المتعلم الفكر الرئيسة والتفاصيل المساندة التي تسهم في توضيح الفكرة الرئيسة، أو الرسالة العامة، أو الدروس المقدمة في النصوص الأدبية",G7.2.1.1.1,يحدد المعنى الإجمالي للنص الأدبي موضًحا الفكر الرئيسة والجزئية فيه.,,,,,,,,,,,,,,,,,
Grade 7,الوحدة الخامسة,5.2,قصة قصيرة ان غدا لناظره قريب,5.2.1,اللغة (المعجم),اللغة/اكتساب المفردات واستخدامها (المعجم),أن يكتسب المتعلم مفردات من خلال احتكاكه بمواقف غنية لغويا,G7.6.1.2.1,يحدد المتعلم علاقات التضاد والترادف بين الكلمات,,,,,,,,,,,,,,,,,
Grade 7,الوحدة الخامسة,5.2,قصة قصيرة ان غدا لناظره قريب,5.2.1,اللغة (المعجم),اللغة/اكتساب المفردات واستخدامها (المعجم),أن يفسر المفردات الجديدة من خلال سياقاتها المختلفة,G7.6.1.3.4,يحدد المعنى المناسب للكلمات متعددة المعاني مستخدما السياق,,,,,,,,,,,,,,,,,
Grade 7,الوحدة الخامسة,5.3,نص معلوماتي مصابيح الكلام,5.3.1,القراءة,قراءة النصوص المعلوماتية/معرفة الفكر الرئيسية والتفاصيل,"أن يقرأ المتعلم النص المعلوماتي بعمق وشمولية، ويحدد الفكرة المركزية والفكر الرئيسة، ويستنتج العلاقات ضمن النص الواحد وبين النصوص المختلفة.",G7.3.1.1.1,"يحدد المتعلم الفكر الرئيسة للنص بعد تحليله المعلومات الصحيحة والضمنية مستشهدا بمصادر متعددة من الأدلة التي تدعم تحليله مثل (إحصائيات وأرقام ، تجارب ، موواقف)",,,,,,,,,,,,,,,,,
Grade 7,الوحدة الخامسة,5.3,نص معلوماتي مصابيح الكلام,5.3.1,القراءة,قراءة النصوص المعلوماتية / تكامل المعرفة مع المهارات,"أن يتبين وظيفة النص من خلال الوسائط المختلفة، وينقد ما جاء فيه من معارف وآراء، ويبني خبرات جديدة ليوظفها في نتاجات متنوعة",G7.3.3.1.2,يربط المتعلم بين ماورد في النص المعلوماتي والمواقف التي يواجهها في الحياة,,,,,,,,,,,,,,,,,
Grade 7,الوحدة الخامسة,5.4,قصة القول ماقالت حذام,5.4.1,القراءة,قراءة النصوص الادبية/معرفة الفكر الرئيسية والتفاصيل,"أن يحدد المتعلم الفكر الرئيسة والتفاصيل المساندة التي تسهم في توضيح الفكرة الرئيسة، أو الرسالة العامة، أو الدروس المقدمة في النصوص الأدبية",G7.2.1.1.1,يحدد المعنى الإجمالي للنص الأدبي موضًحا الفكر الرئيسة والجزئية فيه.,,,,,,,,,,,,,,,,,
Grade 7,الوحدة الخامسة,5.4,قصة القول ماقالت حذام,5.4.1,اللغة (المعجم),اللغة/اكتساب المفردات واستخدامها (المعجم),أن يكتسب المتعلم مفردات من خلال احتكاكه بمواقف غنية لغويا,G7.6.1.2.1,يحدد المتعلم علاقات التضاد والترادف بين الكلمات,,,,,,,,,,,,,,,,,
Grade 7,الوحدة الخامسة,5.4,قصة القول ماقالت حذام,5.4.1,اللغة (المعجم),اللغة/اكتساب المفردات واستخدامها (المعجم),أن يفسر المفردات الجديدة من خلال سياقاتها المختلفة,G7.6.1.3.4,يحدد المعنى المناسب للكلمات متعددة المعاني مستخدما السياق,,,,,,,,,,,,,,,,,
Grade 7,الوحدة الخامسة,5.4,قصة القول ماقالت حذام,5.4.1,القراءة,قراءة النصوص الادبية/تكامل المعرفة مع الفكر,"أن يقرأ المتعلم نصوصا شعرية وأعمالاً نثرية متنوعة ويقمها ويحللها، ويــدمــج الفكر المقدمة فيها؛ لبناء معرفة وفهم جديدين عن الفكرة المحورية، والرسائل المتضمنة في الأعمال الأدبية.",G7.2.2.1.3,يتعرف المتعلم الأمثال الشعبية ودورها في نقل جانب من تراث اللغة وأهلها,,,,,,,,,,,,,,,,,
Grade 7,الوحدة الخامسة,5.5,نص معلوماتي طائر القطا,5.5.1,القراءة,قراءة النصوص المعلوماتية/معرفة الفكر الرئيسية والتفاصيل,"أن يقرأ المتعلم النص المعلوماتي بعمق وشمولية، ويحدد الفكرة المركزية والفكر الرئيسة، ويستنتج العلاقات ضمن النص الواحد وبين النصوص المختلفة.",G7.3.1.1.1,"يحدد المتعلم الفكر الرئيسة للنص بعد تحليل المعلومات الصريحة والضمنية مستشهدا بمصادر متعددة من الأدلة التي تدعم تحليله مثل (إحصاءات وأرقام ، تجارب مواقف)",,,,,,,,,,,,,,,,,
Grade 7,الوحدة الخامسة,5.6,أكلت يوم أكل الثور الأبيض,5.6.1,الاستماع والمحادثة,الاستماع والمحادثة/استيعاب المعرفة وتقديمها,"أن يظهر المتعلم فهما لمواد مسموعة، ويتواصـل مع الآخرين مقدما المعلومات والنتائج المدعومة بالأدلة لإقناع المستمعين واستمالتهم نحو الموضوع مستخدما اللغة العربية الفصيحة.",G7.5.1.2.1,"يفهم المتعلم مضمون المادة المسموعة ومعاني بعض العبارات الواردة فيها ، والرسائل المضمنة",,,,,,,,,,,,,,,,,
Grade 7,الوحدة الخامسة,5.6,أكلت يوم أكل الثور الأبيض,5.6.1,الاستماع والمحادثة,الاستماع والمحادثة/استيعاب المعرفة وتقديمها,"أن يظهر المتعلم فهما لمواد مسموعة، ويتواصـل مع الآخرين مقدما المعلومات والنتائج المدعومة بالأدلة لإقناع المستمعين واستمالتهم نحو الموضوع مستخدما اللغة العربية الفصيحة.",G7.5.1.2.2,يحلل المتعلم المادة المسموعة محددا العلافات بين أجزاء النص مفاضلا بين الأراء المطروحه,,,,,,,,,,,,,,,,,
Grade 7,الوحدة الخامسة,5.7,الأمثال العربية بين الحكمة والقصة,5.7.1,الاستماع والمحادثة,الاستماع والمحادثة/استيعاب المعرفة وتقديمها,"أن يشارك المتعلم في النقاشات مع معلميه وزملائه، مكيفا كلامه وفق لمجموعة متنوعة مــن السـياقات والمهام  التواصلية، مظهرا إجادته للغة العربية الفصيحة.",G7.5.1.4.1,"يوظف اختيار الكلمات المتنوعه وتشمل (لغة الحجة ، الاقناع ، البرهان ، اللغة المجازية ) مظهرا فهما للموضوع",,,,,,,,,,,,,,,,,
Grade 7,الوحدة الخامسة,5.7,الأمثال العربية بين الحكمة والقصة,5.7.1,الاستماع والمحادثة,الاستماع والمحادثة/استيعاب المعرفة وتقديمها,"أن يظهر المتعلم فهما لمواد مسموعة، ويتواصـل مع الآخرين مقدما المعلومات والنتائج المدعومة بالأدلة لإقناع المستمعين واستمالتهم نحو الموضوع مستخدما اللغة العربية الفصيحة.",G7.5.1.2.1,يحدد الايماءات والاشارات وتعبيرات الوجه التي وظفها المتحدث لتلبية المعاني والاحاسيس,,,,,,,,,,,,,,,,,
Grade 7,الوحدة الخامسة,5.8,علامات إعراب الاسم الأصلية والفرعية,5.8.1,اللغة (النحو والصرف),اللغة/ بنية اللغة العربية (النحو واللصرف),"أن يتعرف المتعلم المفاهيم النحوية والصرفية، ويستخدمها استخداما صحيحا.",G6.6.2.2.1,يتعرف المتعلم علامات إعراب الاسم الفرعية والأصلية في الجمل الاسمية والفعلية,علامات إعراب الاسم الأصلية والفرعية,,,,,,,,,,,,,,,,
Grade 7,الوحدة الخامسة,5.9,مقارنة بين أمثال الشعوب,5.9.1,الكتابة,الكتابة / إنتاج الأعمال الكتابية ونشرها,"أن يكتب المتعلم نصوصا تعبر عن  فكرة مركزية تظهر مقدرة على التركيز والتنظيم وتدل على وعي كامل بالمتلقي في علاقته بغرض وبموضوع الكتابة، مطورا مهاراته الكتابية من خلال مراحل الكتابة (ما قبل الكتابة، المسودة، المراجعة)، لتحرير النص.
",G7.4.2.3.1,يختار بين منهجية تنظيمية متوازنة لعرض أفكاره مستخدما عبارات وجملا انتقالية مؤثرة للربط بينها,,,,,,,,,,,,,,,,,
Grade 7,الوحدة الخامسة,5.9,مقارنة بين أمثال الشعوب,5.9.1,الكتابة,الكتابة/البحث عن المعلومات,أن يبحث المتعلم عن المعلومات ويطبقها في موضوعات كتابية تستند إلى أغراض محددة تظهر فهمه بالمادة التي يبحث عنها وتتناسب مع غرض الكتابة وطبيعتها.,G7.4.1.1.1,يبحث بفاعلية عن المعلومات المتصلة بموضوع بحثه عن مصادر مطبوعه ورقمية,,,,,,,,,,,,,,,,,
Grade 7,الوحدة الخامسة,5.9,مقارنة بين أمثال الشعوب,5.9.1,الكتابة,الكتابة / إنتاج الأعمال الكتابية ونشرها,"ان ينتج المتعلم نصوصا سردية و معلوماتية واقناعية و وصفية ، وأن تظهر كتابته تقيده بالسلامة اللغوية",G7.4.2.4.2,يكتب نصا تفسيريا مستخدما المقارنة والمقابلة ليعرض وجهه نظره التي تناولها مقدما أدلة مقنعه وأمثله,كتابة نص تفسيري من فقرات متعددة ,,,,,,,,,,,,,,,,
Grade 7,الوحدة السادسة,6.1,نص شعري : قصيدة أعطني الناي,6.1.1,القراءة,قراءة النصوص الادبية/معرفة الفكر الرئيسية والتفاصيل,"أن يحدد المتعلم الفكر الرئيسة والتفاصيل المساندة التي تسهم في توضيح الفكرة الرئيسة، أو الرسالة العامة، أو الدروس المقدمة في النصوص الأدبية",G7.2.1.1.1,يحدد المعنى الإجمالي للنص الأدبي موضحا الفكر الرئيسة والجزئية فيه,,,,,,,,,,,,,,,,,
Grade 7,الوحدة السادسة,6.1,نص شعري : قصيدة أعطني الناي,6.1.1,القراءة,قراءة النصوص الادبية/معرفة الفكر الرئيسية والتفاصيل,"أن يحدد المتعلم الفكر الرئيسة والتفاصيل المساندة التي تسهم في توضيح الفكرة الرئيسة، أو الرسالة العامة، أو الدروس المقدمة في النصوص الأدبية",G7.2.1.1.2,يفسر كلمات النص الأدبي مستنتجا الدلالات التعبيرية فيه,,,,,,,,,,,,,,,,,
Grade 7,الوحدة السادسة,6.1,نص شعري : قصيدة أعطني الناي,6.1.1,القراءة,قراءة النصوص الادبية/تحليل النص,"أن يحدد المتعلم جوانب معينة في النصوص الأدبية ويفهمها،ويحلل عناصر النص وخيارات المؤلفين في اختيار الكلمت والأساليب الأدبية المناسبة لنصوصهم.",G7.2.2.1.1,يعلل استخدام اللغة المجازية في النص الأدبي واصفا كيف تؤثر على النص,,,,,,,,,,,,,,,,,
Grade 7,الوحدة السادسة,6.2,قصة قصيرة عصفور الزيبرا,6.2.1,القراءة,قراءة النصوص الادبية/تحليل النص,"أن يحدد المتعلم جوانب معينة في النصوص الأدبية ويفهمها،ويحلل عناصر النص وخيارات المؤلفين في اختيار الكلمت والأساليب الأدبية المناسبة لنصوصهم.",G7.2.2.1.2,يقارن من حيث الأفكار بين نصين مختلفين يطرحان موضوعا واحدا,,,,,,,,,,,,,,,,,
Grade 7,الوحدة السادسة,6.2,قصة قصيرة عصفور الزيبرا,6.2.1,القراءة,قراءة النصوص الادبية/تحليل النص,"أن يحدد المتعلم جوانب معينة في النصوص الأدبية ويفهمها،ويحلل عناصر النص وخيارات المؤلفين في اختيار الكلمت والأساليب الأدبية المناسبة لنصوصهم.",G7.2.2.1.1,يعلل استخدام اللغة المجازية في النص الأدبي واصفا كيف تؤثر على النص,,,,,,,,,,,,,,,,,
Grade 7,الوحدة السادسة,6.2,قصة قصيرة عصفور الزيبرا,6.2.1,القراءة,قراءة النصوص الادبية/معرفة الفكر الرئيسية والتفاصيل,"أن يحدد المتعلم الفكر الرئيسة والتفاصيل المساندة التي تسهم في توضيح الفكرة الرئيسة، أو الرسالة العامة، أو الدروس المقدمة في النصوص الأدبية",G7.2.1.1.1,يحدد المعنى الإجمالي للنص الأدبي موضحا الفكر الرئيسة والجزئية فيه,,,,,,,,,,,,,,,,,
Grade 7,الوحدة السادسة,6.2,قصة قصيرة عصفور الزيبرا,6.2.1,القراءة,قراءة النصوص الادبية/معرفة الفكر الرئيسية والتفاصيل,"أن يحدد المتعلم الفكر الرئيسة والتفاصيل المساندة التي تسهم في توضيح الفكرة الرئيسة، أو الرسالة العامة، أو الدروس المقدمة في النصوص الأدبية",G7.2.1.1.2,يفسر كلمات النص الأدبي مستنتجا الدلالات التعبيرية فيه,,,,,,,,,,,,,,,,,
Grade 7,الوحدة السادسة,6.3,قصة قصيرة عصفورا السيدة بيرونيه,6.3.1,القراءة,قراءة النصوص الادبية/تحليل النص,"أن يحدد المتعلم جوانب معينة في النصوص الأدبية ويفهمها،ويحلل عناصر النص وخيارات المؤلفين في اختيار الكلمت والأساليب الأدبية المناسبة لنصوصهم.",G7.2.2.1.2,يقارن من حيث الأفكار بين نصين مختلفين يطرحان موضوعا واحدا,,,,,,,,,,,,,,,,,
Grade 7,الوحدة السادسة,6.3,قصة قصيرة عصفورا السيدة بيرونيه,6.3.1,القراءة,قراءة النصوص الادبية/تحليل النص,"أن يحدد المتعلم جوانب معينة في النصوص الأدبية ويفهمها،ويحلل عناصر النص وخيارات المؤلفين في اختيار الكلمت والأساليب الأدبية المناسبة لنصوصهم.",G7.2.2.1.1,يعلل استخدام اللغة المجازية في النص الأدبي واصفا كيف تؤثر على النص,,,,,,,,,,,,,,,,,
Grade 7,الوحدة السادسة,6.3,قصة قصيرة عصفورا السيدة بيرونيه,6.3.1,القراءة,قراءة النصوص الادبية/معرفة الفكر الرئيسية والتفاصيل,"أن يحدد المتعلم الفكر الرئيسة والتفاصيل المساندة التي تسهم في توضيح الفكرة الرئيسة، أو الرسالة العامة، أو الدروس المقدمة في النصوص الأدبية",G7.2.1.1.1,يحدد المعنى الإجمالي للنص الأدبي موضحا الفكر الرئيسة والجزئية فيه,,,,,,,,,,,,,,,,,
Grade 7,الوحدة السادسة,6.3,قصة قصيرة عصفورا السيدة بيرونيه,6.3.1,القراءة,قراءة النصوص الادبية/معرفة الفكر الرئيسية والتفاصيل,"أن يحدد المتعلم الفكر الرئيسة والتفاصيل المساندة التي تسهم في توضيح الفكرة الرئيسة، أو الرسالة العامة، أو الدروس المقدمة في النصوص الأدبية",G7.2.1.1.2,يفسر كلمات النص الأدبي مستنتجا الدلالات التعبيرية فيه,,,,,,,,,,,,,,,,,
Grade 7,الوحدة السادسة,6.4,نص معلوماتي اقتن حيوانا أليفا,6.4.1,القراءة,قراءة النصوص المعلوماتية/معرفة الفكر الرئيسية والتفاصيل,"أن يقرأ المتعلم النص المعلوماتي بعمق وشمولية، ويحدد الفكرة المركزية والفكر الرئيسة، ويستنتج العلاقات ضمن النص الواحد وبين النصوص المختلفة.",G7.3.1.1.2,يستدل على ارتباط فكرتين رئيسيتين أو اكثر في النص المعلوماتي,,,,,,,,,,,,,,,,,
Grade 7,الوحدة السادسة,6.4,نص معلوماتي اقتن حيوانا أليفا,6.4.1,القراءة,قراءة النصوص المعلوماتية/معرفة الفكر الرئيسية والتفاصيل,"أن يقرأ المتعلم النص المعلوماتي بعمق وشمولية، ويحدد الفكرة المركزية والفكر الرئيسة، ويستنتج العلاقات ضمن النص الواحد وبين النصوص المختلفة.",G7.3.1.1.1,يحدد الفكر الرئيسة للنص بعد تحليله المعلومات الصريحة والضمنية مستشهدا بعدد من الأدلة,,,,,,,,,,,,,,,,,
Grade 7,الوحدة السادسة,6.4,نص معلوماتي اقتن حيوانا أليفا,6.4.1,القراءة,قراءة النصوص المعلوماتية/معرفة الفكر الرئيسية والتفاصيل,"أن يقرأ المتعلم النص المعلوماتي بعمق وشمولية، ويحدد الفكرة المركزية والفكر الرئيسة، ويستنتج العلاقات ضمن النص الواحد وبين النصوص المختلفة.",G7.3.1.1.3,يصف كيفية ربط المؤلف الفكر بالتفاصيل مستدلا بالأمثلة,,,,,,,,,,,,,,,,,
Grade 7,الوحدة السادسة,6.4,نص معلوماتي اقتن حيوانا أليفا,6.4.1,القراءة,قراءة النصوص المعلوماتية / تحليل النص,"أن يحلل المتعلم عناصر النص واختيار الكاتب للكلمات، ويقيم الطرائق التي تساهم فيها تراكيب الجمل في بناء النص، وأساليب عرض وجهة النظر، أو طريقة كتابة النص وطباعته.",G7.3.2.1.4,"يحلل أسلوب المؤلف في عرض وجهه نظره أو غايته مثل الإقناع ، التاريخ للأحداث ، الوصف ، الشرح",,,,,,,,,,,,,,,,,
Grade 7,الوحدة السادسة,6.4,نص معلوماتي اقتن حيوانا أليفا,6.4.1,القراءة,قراءة النصوص المعلوماتية / تحليل النص,"أن يحلل المتعلم عناصر النص واختيار الكاتب للكلمات، ويقيم الطرائق التي تساهم فيها تراكيب الجمل في بناء النص، وأساليب عرض وجهة النظر، أو طريقة كتابة النص وطباعته.",G7.3.2.1.1,يفسر الكلمات والمصطلحات الواردة في نصوص معلوماتية بما في ذلك المعاني الدلالية,,,,,,,,,,,,,,,,,
Grade 7,الوحدة السادسة,6.5,نص معلوماتي حكايات الأعشاش,6.5.1,القراءة,قراءة النصوص المعلوماتية/معرفة الفكر الرئيسية والتفاصيل,"أن يقرأ المتعلم النص المعلوماتي بعمق وشمولية، ويحدد الفكرة المركزية والفكر الرئيسة، ويستنتج العلاقات ضمن النص الواحد وبين النصوص المختلفة.",G7.3.1.1.2,يستدل على ارتباط فكرتين رئيسيتين أو اكثر في النص المعلوماتي,,,,,,,,,,,,,,,,,
Grade 7,الوحدة السادسة,6.5,نص معلوماتي حكايات الأعشاش,6.5.1,القراءة,قراءة النصوص المعلوماتية/معرفة الفكر الرئيسية والتفاصيل,"أن يقرأ المتعلم النص المعلوماتي بعمق وشمولية، ويحدد الفكرة المركزية والفكر الرئيسة، ويستنتج العلاقات ضمن النص الواحد وبين النصوص المختلفة.",G7.3.1.1.1,يحدد الفكر الرئيسة للنص بعد تحليله المعلومات الصريحة والضمنية مستشهدا بعدد من الأدلة,,,,,,,,,,,,,,,,,
Grade 7,الوحدة السادسة,6.5,نص معلوماتي حكايات الأعشاش,6.5.1,القراءة,قراءة النصوص المعلوماتية/معرفة الفكر الرئيسية والتفاصيل,"أن يقرأ المتعلم النص المعلوماتي بعمق وشمولية، ويحدد الفكرة المركزية والفكر الرئيسة، ويستنتج العلاقات ضمن النص الواحد وبين النصوص المختلفة.",G7.3.1.1.3,يصف كيفية ربط المؤلف الفكر بالتفاصيل مستدلا بالأمثلة,,,,,,,,,,,,,,,,,
Grade 7,الوحدة السادسة,6.5,نص معلوماتي حكايات الأعشاش,6.5.1,القراءة,قراءة النصوص المعلوماتية / تحليل النص,"أن يحلل المتعلم عناصر النص واختيار الكاتب للكلمات، ويقيم الطرائق التي تساهم فيها تراكيب الجمل في بناء النص، وأساليب عرض وجهة النظر، أو طريقة كتابة النص وطباعته.",G7.3.2.1.4,"يحلل أسلوب المؤلف في عرض وجهه نظره أو غايته مثل الإقناع ، التاريخ للأحداث ، الوصف ، الشرح",,,,,,,,,,,,,,,,,
Grade 7,الوحدة السادسة,6.5,نص معلوماتي حكايات الأعشاش,6.5.1,القراءة,قراءة النصوص المعلوماتية / تحليل النص,"أن يحلل المتعلم عناصر النص واختيار الكاتب للكلمات، ويقيم الطرائق التي تساهم فيها تراكيب الجمل في بناء النص، وأساليب عرض وجهة النظر، أو طريقة كتابة النص وطباعته.",G7.3.2.1.1,يفسر الكلمات والمصطلحات الواردة في نصوص معلوماتية بما في ذلك المعاني الدلالية,,,,,,,,,,,,,,,,,
Grade 7,الوحدة السادسة,6.6,ماذا لو عادت البراكين العظيمة لتنشط,6.6.1,الاستماع والمحادثة,الاستماع والمحادثة/استيعاب المعرفة وتقديمها,"أن يظهر المتعلم فهما لمواد مسموعة، ويتواصـل مع الآخرين مقدما المعلومات والنتائج المدعومة بالأدلة لإقناع المستمعين واستمالتهم نحو الموضوع مستخدما اللغة العربية الفصيحة.",G7.5.1.2.1,"يفهم المتعلم مضمون المادة المسموعة ومعاني بعض العبارات الواردة فيها ، والرسائل المضمنة",,,,,,,,,,,,,,,,,
Grade 7,الوحدة السادسة,6.6,ماذا لو عادت البراكين العظيمة لتنشط,6.6.1,الاستماع والمحادثة,الاستماع والمحادثة/استيعاب المعرفة وتقديمها,"أن يظهر المتعلم فهما لمواد مسموعة، ويتواصـل مع الآخرين مقدما المعلومات والنتائج المدعومة بالأدلة لإقناع المستمعين واستمالتهم نحو الموضوع مستخدما اللغة العربية الفصيحة.",G7.5.1.2.2,يحلل المتعلم المادة المسموعة محددا العلاقات بين أجزاء النص مفاضلا بين الأراء المطروحه,,,,,,,,,,,,,,,,,
Grade 7,الوحدة السادسة,6.7,حيوانات مهددة بالنقراض,6.7.1,الاستماع والمحادثة,الاستماع والمحادثة/استيعاب المعرفة وتقديمها,"أن يشارك المتعلم في النقاشات مع معلميه وزملائه، مكيفا كلامه وفق لمجموعة متنوعة مــن السـياقات والمهام  التواصلية، مظهرا إجادته للغة العربية الفصيحة.",G7.5.1.4.1,يقدم المتعلم عرضا تقديميا إقناعيا من وجهة نظر شخصية بطرائق واضحة مختارا الكلمات المتنوعة مراوحا بين لغة الحجة والإقناع واللغة المجازية,,,,,,,,,,,,,,,,,
Grade 7,الوحدة السادسة,6.7,حيوانات مهددة بالنقراض,6.7.1,الاستماع والمحادثة,الاستماع والمحادثة/استيعاب المعرفة وتقديمها,"أن يظهر المتعلم فهما لمواد مسموعة، ويتواصـل مع الآخرين مقدما المعلومات والنتائج المدعومة بالأدلة لإقناع المستمعين واستمالتهم نحو الموضوع مستخدما اللغة العربية الفصيحة.",G7.5.1.2.1,يحدد الإيماءات والإشارات وتعبيرات الوجه التي وظفها المتحدث لتلبية المعاني والأحاسيس,,,,,,,,,,,,,,,,,
Grade 7,الوحدة السادسة,6.8,إعراب المثنى وجمع المذكر السالم والأسماء الخمسة,6.8.1,اللغة (النحو والصرف),اللغة/ بنية اللغة العربية (النحو والصرف),"أن يتعرف المتعلم المفاهيم النحوية والصرفية، ويستخدمها استخداما صحيحا.",G6.6.2.2.2,يتعرف المتعلم إعراب المثنى وجمع المذكر السالم والأسماء الخمسة,إعراب المثنى وجمع المذكر السالم والأسماء الخمسة,,,,,,,,,,,,,,,,
Grade 7,الوحدة السادسة,6.9,من عالم الكتاب إلي عالم السينما,6.9.1,الكتابة,الكتابة / إنتاج الأعمال الكتابية ونشرها,"أن يكتب المتعلم نصوصا تعبر عن  فكرة مركزية تظهر مقدرة على التركيز والتنظيم وتدل على وعي كامل بالمتلقي في علاقته بغرض وبموضوع الكتابة، مطورا مهاراته الكتابية من خلال مراحل الكتابة (ما قبل الكتابة، المسودة، المراجعة)، لتحرير النص.
",G7.4.2.3.1,يختار بين منهجية تنظيمية متوازنة لعرض أفكاره مستخدما عبارات وجملا انتقالية مؤثرة للربط بينها,,,,,,,,,,,,,,,,,
Grade 7,الوحدة السادسة,6.9,من عالم الكتاب إلي عالم السينما,6.9.1,الكتابة,الكتابة/البحث عن المعلومات,أن يبحث المتعلم عن المعلومات ويطبقها في موضوعات كتابية تستند إلى أغراض محددة تظهر فهمه بالمادة التي يبحث عنها وتتناسب مع غرض الكتابة وطبيعتها.,G7.4.1.1.1,يبحث بفاعلية عن المعلومات المتصلة بموضوع بحثه عن مصادر مطبوعه ورقمية,,,,,,,,,,,,,,,,,
Grade 7,الوحدة السادسة,6.9,من عالم الكتاب إلي عالم السينما,6.9.1,الكتابة,الكتابة / إنتاج الأعمال الكتابية ونشرها,"ان ينتج المتعلم نصوصا سردية و معلوماتية واقناعية و وصفية ، وأن تظهر كتابته تقيده بالسلامة اللغوية",G7.4.2.4.2,يكتب نصا تفسيريا مستخدما المقارنة والمقابلة ليعرض وجهه نظره التي تناولها مقدما أدلة مقنعه وأمثله,كتابة نص تفسيري من فقرات متعددة ,,,,,,,,,,,,,,,,
Grade 7,الوحدة السادسة,6.9,من عالم الكتاب إلي عالم السينما,6.9.1,اللغة (البلاغة),اللغة/بنية اللغة العربية: (البلاغة),"أن يتعرف المتعلم المفاهيم البلاغية، ويتذوقها ويوظفها في إنتاجه اللغوي",G7.6.5.1.4,ينتج جملا تتضمن اغراضا بلاغية متنوعة للأسلوب الخيري والانشائي,الأغراض البلاغية للأسلوب الخبري والإنشائي,,,,,,,,,,,,,,,,
Grade 8,الوحدة الأولى,1.1,القرآُن الكريُم: الإحساُن إلى الوالديِن,1.1.1,القراءة,قراءة النصوص الادبية / معرفة الفكر الرئيسة و التفاصيل,"أن يحدد المتعلم الفكر الرئيسة والتفاصيل المساندة التي تسهم في توضيح الفكرة الرئيسة، أو الرسالة العامة، أو الدروس المقدمة في النصوص الأدبية",G8.2.1.1.4,يحِّلُل النُّصوَص في سياقاتِها الُمختلفِة.,,,,,,,,,,,,,,,,,
Grade 8,الوحدة الأولى,1.1,القرآُن الكريُم: الإحساُن إلى الوالديِن,1.1.1,القراءة,قراءة النصوص الادبية / معرفة الفكر الرئيسة و التفاصيل,"أن يحدد المتعلم الفكر الرئيسة والتفاصيل المساندة التي تسهم في توضيح الفكرة الرئيسة، أو الرسالة العامة، أو الدروس المقدمة في النصوص الأدبية",G8.2.1.1.1,يحِّدُد المعنى الإجمالَي للنَّص موّضًحا الفكَر الّرئيسَة والُجزئيَة والتَّفاصيَل المساندَة فيه.,,,,,,,,,,,,,,,,,
Grade 8,الوحدة الأولى,1.1,القرآُن الكريُم: الإحساُن إلى الوالديِن,1.1.1,القراءة,قراءة النصوص الادبية / معرفة الفكر الرئيسة و التفاصيل,"أن يحدد المتعلم الفكر الرئيسة والتفاصيل المساندة التي تسهم في توضيح الفكرة الرئيسة، أو الرسالة العامة، أو الدروس المقدمة في النصوص الأدبية",G8.2.1.1.2,يفسر كلمات النَّص مستنبطا الدلالات التَّعبيرية فيه.,,,,,,,,,,,,,,,,,
Grade 8,الوحدة الأولى,1.1,القرآُن الكريُم: الإحساُن إلى الوالديِن,1.1.1,اللغة (المعجم),اللغة/اكتساب المفردات واستخدامها (المعجم),أن يكتسب المتعلم مفردات من خلال احتكاكه بمواقف غنية لغويا,G8.6.1.2.2,يفِّسُر الأسماَء والأفعاَل بمراِدفاتِها وأضداِدها,,,,,,,,,,,,,,,,,
Grade 8,الوحدة الأولى,1.1,القرآُن الكريُم: الإحساُن إلى الوالديِن,1.1.1,اللغة (المعجم),اللغة/اكتساب المفردات واستخدامها (المعجم),أن يفسر المفردات الجديدة من خلال سياقاتها المختلفة,G8.6.1.2.3,يميِّز معانَي الكلماِت من خلاِل جذوِرها واشتِقاقاتِها,,,,,,,,,,,,,,,,,
Grade 8,الوحدة الأولى,1.1,القرآُن الكريُم: الإحساُن إلى الوالديِن,1.1.1,اللغة (المعجم),اللغة/اكتساب المفردات واستخدامها (المعجم),أن يفسر المفردات الجديدة من خلال سياقاتها المختلفة,G8.6.1.3.1,"يفسر الكلمات مستخدما المعجم الورقي والرقمي، ويستخدمها في سياقات تُعزز معناها.",,,,,,,,,,,,,,,,,
Grade 8,الوحدة الأولى,1.1,القرآُن الكريُم: الإحساُن إلى الوالديِن,1.1.1,القراءة,قراءة النصوص الادبية / تكامل المعرفة مع الفكر,"أن يقرأ المتعلم نصوصا شعرية وأعمالاً نثرية متنوعة ويقمها ويحللها، ويــدمــج الفكر المقدمة فيها؛ لبناء معرفة وفهم جديدين عن الفكرة المحورية، والرسائل المتضمنة في الأعمال الأدبية.",G8.2.3.1.3,يحفُظ مجموعًة مَن الآياِت,,,,,,,,,,,,,,,,,
Grade 8,الوحدة الأولى,1.1,شعٌر: من تَجاِرب الحياِة,1.1.2,القراءة,قراءة النصوص الادبية / معرفة الفكر الرئيسة و التفاصيل,"أن يحدد المتعلم الفكر الرئيسة والتفاصيل المساندة التي تسهم في توضيح الفكرة الرئيسة، أو الرسالة العامة، أو الدروس المقدمة في النصوص الأدبية",G8.2.1.1.1,"حِّدُد الَمعنى الإجمالَّي للنَّص الأَدبِّي، ُموِّضًحا الِفَكَر الَّرئيَسَة والُجزئيَّة والتَّفاصيَل الُمسانِدَة فيِه",,,,,,,,,,,,,,,,,
Grade 8,الوحدة الأولى,1.1,شعٌر: من تَجاِرب الحياِة,1.1.2,القراءة,قراءة النصوص الادبية / معرفة الفكر الرئيسة و التفاصيل,"أن يحدد المتعلم الفكر الرئيسة والتفاصيل المساندة التي تسهم في توضيح الفكرة الرئيسة، أو الرسالة العامة، أو الدروس المقدمة في النصوص الأدبية",G8.2.1.1.4,يُحِّلُل النُّصوَص الأدبيَّة في سياقاتها الُمختلَفة.,,,,,,,,,,,,,,,,,
Grade 8,الوحدة الأولى,1.1,شعٌر: من تَجاِرب الحياِة,1.1.2,القراءة,قراءة النصوص الادبية / معرفة الفكر الرئيسة و التفاصيل,"أن يحدد المتعلم الفكر الرئيسة والتفاصيل المساندة التي تسهم في توضيح الفكرة الرئيسة، أو الرسالة العامة، أو الدروس المقدمة في النصوص الأدبية",G8.2.1.1.2,يَفِّسُر كلماِت النّص الأدبِّيُ مستنبًطا الَّدلالاِت التَّعبيريَّة فيِه.,,,,,,,,,,,,,,,,,
Grade 8,الوحدة الأولى,1.1,شعٌر: من تَجاِرب الحياِة,1.1.2,اللغة (المعجم),اللغة/اكتساب المفردات واستخدامها (المعجم),أن يفسر المفردات الجديدة من خلال سياقاتها المختلفة,G8.6.1.3.1,"يَفِّسُر الكلماِتُ مستخدًما المعجَم الورقَّي والَّرْقِمَّي ، ويستخدُمها في سياقاٍت تُعِّزُز معناها.",,,,,,,,,,,,,,,,,
Grade 8,الوحدة الأولى,1.1,شعٌر: من تَجاِرب الحياِة,1.1.2,القراءة,قراءة النصوص الادبية / تكامل المعرفة مع الفكر,"أن يقرأ المتعلم نصوصا شعرية وأعمالاً نثرية متنوعة ويقمها ويحللها، ويــدمــج الفكر المقدمة فيها؛ لبناء معرفة وفهم جديدين عن الفكرة المحورية، والرسائل المتضمنة في الأعمال الأدبية.",G8.2.3.1.3,يحفُظ 6 نصوٍص شعريٍة تتألَّف من 10–12 بيتًا أَوَ سطًرا.,,,,,,,,,,,,,,,,,
Grade 8,الوحدة الأولى,1.1,شعٌر: إلى َشباب بلادي,1.1.3,القراءة,قراءة النصوص الادبية / معرفة الفكر الرئيسة و التفاصيل,"أن يحدد المتعلم الفكر الرئيسة والتفاصيل المساندة التي تسهم في توضيح الفكرة الرئيسة، أو الرسالة العامة، أو الدروس المقدمة في النصوص الأدبية",G8.2.1.1.1,"يُحِّدُد المعنى الإجمالَّي للنَّص الأَدبِّي، ُموِّضًحا الِفَكَر الَّرئيَسَة والُجزئيَة والتَّفاصيَل الُمسانِدَة فيِه.",,,,,,,,,,,,,,,,,
Grade 8,الوحدة الأولى,1.1,شعٌر: إلى َشباب بلادي,1.1.3,القراءة,قراءة النصوص الادبية / معرفة الفكر الرئيسة و التفاصيل,"أن يحدد المتعلم الفكر الرئيسة والتفاصيل المساندة التي تسهم في توضيح الفكرة الرئيسة، أو الرسالة العامة، أو الدروس المقدمة في النصوص الأدبية",G8.2.1.1.4,يُحِّلُل النُّصوَص الأدبيَّة في سياقاتها الُمختلَفة,,,,,,,,,,,,,,,,,
Grade 8,الوحدة الأولى,1.1,شعٌر: إلى َشباب بلادي,1.1.3,القراءة,قراءة النصوص الادبية / معرفة الفكر الرئيسة و التفاصيل,"أن يحدد المتعلم الفكر الرئيسة والتفاصيل المساندة التي تسهم في توضيح الفكرة الرئيسة، أو الرسالة العامة، أو الدروس المقدمة في النصوص الأدبية",G8.2.1.1.2,يَفِّسُر كلماِتِ النّص الأدبِّيُ مستنبًطا الَّدلالاِت التَّعبيريَّة فيِه,,,,,,,,,,,,,,,,,
Grade 8,الوحدة الأولى,1.1,شعٌر: إلى َشباب بلادي,1.1.3,اللغة (المعجم),اللغة/اكتساب المفردات واستخدامها (المعجم),أن يفسر المفردات الجديدة من خلال سياقاتها المختلفة,G8.6.1.3.1,"يَفِّسُر الكلمات ُمستخدًما المعجَم الورقَّي أِو الَّرقمَّي، ويستخدُمها في سياقات تُعِّزُز معناها.",,,,,,,,,,,,,,,,,
Grade 8,الوحدة الأولى,1.1,شعٌر: إلى َشباب بلادي,1.1.3,القراءة,قراءة النصوص الادبية / تكامل المعرفة مع الفكر,"أن يقرأ المتعلم نصوصا شعرية وأعمالاً نثرية متنوعة ويقمها ويحللها، ويــدمــج الفكر المقدمة فيها؛ لبناء معرفة وفهم جديدين عن الفكرة المحورية، والرسائل المتضمنة في الأعمال الأدبية.",G8.2.3.1.3,يحفظ عشرَة أبيات من النّص الشعري.,,,,,,,,,,,,,,,,,
Grade 8,الوحدة الأولى,1.1,قِصٌة: أَعظُم نِعمٍة,1.1.4,القراءة,قراءة النصوص الادبية / تحليل النص,"أن يحدد المتعلم جوانب معينة في النصوص الأدبية ويفهمها،ويحلل عناصر النص وخيارات المؤلفين في اختيار الكلمت والأساليب الأدبية المناسبة لنصوصهم.",G8.2.2.1.1,يُحّدُد الأحداَث الّتي تُطِّوُر الُحبكَةُ موِّضًحا كيَف يَفِّسُر كُّل حدٍث الأفعاَل الماِضيَة والمْستْقبليَّة للَّشخصيّاِت في الّروايِة,,,,,,,,,,,,,,,,,
Grade 8,الوحدة الأولى,1.1,قِصٌة: أَعظُم نِعمٍة,1.1.4,القراءة,قراءة النصوص الادبية / تحليل النص,"أن يحدد المتعلم جوانب معينة في النصوص الأدبية ويفهمها،ويحلل عناصر النص وخيارات المؤلفين في اختيار الكلمت والأساليب الأدبية المناسبة لنصوصهم.",G8.2.2.1.3,يتَتَبَّع الّسرَد والوصَف والحواَر في الِقصِصُ موّضًحاَ وظائِفها,,,,,,,,,,,,,,,,,
Grade 8,الوحدة الأولى,1.1,قِصٌة: أَعظُم نِعمٍة,1.1.4,اللغة (المعجم),اللغة/اكتساب المفردات واستخدامها (المعجم),أن يفسر المفردات الجديدة من خلال سياقاتها المختلفة,G8.6.1.3.1,"يفِّسُر الكلماِتُ مستَخِدًما المعجَم الوَرقَّي أو الَّرْقِمَّي ، ويستَخِدُمها في سياقاٍت تُعّزُز معناها.",,,,,,,,,,,,,,,,,
Grade 8,الوحدة الأولى,1.1,نَص َمعلوماتٌّي: كْن أنْت,1.1.5,القراءة,قراءة النصوص المعلوماتية / معرفة الفكر الرئيسية والتفاصيل,"أن يقرأ المتعلم النص المعلوماتي بعمق وشمولية، ويحدد الفكرة المركزية والفكر الرئيسة، ويستنتج العلاقات ضمن النص الواحد وبين النصوص المختلفة.",G8.3.1.1.1,يُحّدُد الِفَكَر الّرئيَسة للنّص بْعَد تَحليِله المعلوماِت الواِرَدَةُ مستَشِهًدا بمصاِدَرُ متَعِّددٍة مَن الأدلة,,,,,,,,,,,,,,,,,
Grade 8,الوحدة الأولى,1.1,نَص َمعلوماتٌّي: كْن أنْت,1.1.5,القراءة,قراءة النصوص المعلوماتية / معرفة الفكر الرئيسية والتفاصيل,"أن يقرأ المتعلم النص المعلوماتي بعمق وشمولية، ويحدد الفكرة المركزية والفكر الرئيسة، ويستنتج العلاقات ضمن النص الواحد وبين النصوص المختلفة.",G8.3.1.1.3,"يصُف بالتّْفصيِل كْيَف عَرَض المؤلُف فكرتيِن رئيَستيِن أوأكثَر في النّص،ُ مستدًّلا بأمثَلة تُوِّضُحَ وصَفُه ، محّدًدا العلاقاِت بيَن الِفَكِر الّتي وصَفها.",,,,,,,,,,,,,,,,,
Grade 8,الوحدة الأولى,1.1,نَص َمعلوماتٌّي: كْن أنْت,1.1.5,اللغة (المعجم),اللغة/اكتساب المفردات واستخدامها (المعجم),أن ينمي المتعلم معجمه اللغوي بالمصطلحات في مجالاتها العلمية والحياتية,G8.6.1.4.2,يفّسُر مصطلحاٍت علميًّة في مجاِل الُعلوِم الإنسانِيِّة.,,,,,,,,,,,,,,,,,
Grade 8,الوحدة الأولى,1.1,نَص معلوماتٌّي: الإِدماُن على (الإنترنت),1.1.6,القراءة,قراءة النصوص المعلوماتية / معرفة الفكر الرئيسية والتفاصيل,"أن يقرأ المتعلم النص المعلوماتي بعمق وشمولية، ويحدد الفكرة المركزية والفكر الرئيسة، ويستنتج العلاقات ضمن النص الواحد وبين النصوص المختلفة.",G8.3.1.1.1,يُحّدُد الِفَكَر الّرئيَسة للنّص بْعَد تَحليِله المعلوماِت الواِرَدَةُ مستَشِهًدا بمصاِدَرُ متَعِّددٍة مَن الأدلة,,,,,,,,,,,,,,,,,
Grade 8,الوحدة الأولى,1.1,نَص معلوماتٌّي: الإِدماُن على (الإنترنت),1.1.6,القراءة,قراءة النصوص المعلوماتية / معرفة الفكر الرئيسية والتفاصيل,"أن يقرأ المتعلم النص المعلوماتي بعمق وشمولية، ويحدد الفكرة المركزية والفكر الرئيسة، ويستنتج العلاقات ضمن النص الواحد وبين النصوص المختلفة.",G8.3.1.1.3,"يصُف بالتّْفصيِل كْيَف عَرَض المؤلُف فكرتيِن رئيَستيِن أوأكثَر في النّص،ُ مستدًّلا بأمثَلة تُوِّضُحَ وصَفُه ، محّدًدا العلاقاِت بيَن الِفَكِر الّتي وصَفها.",,,,,,,,,,,,,,,,,
Grade 8,الوحدة الأولى,1.1,نَص معلوماتٌّي: الإِدماُن على (الإنترنت),1.1.6,اللغة (المعجم),اللغة/اكتساب المفردات واستخدامها (المعجم),أن ينمي المتعلم معجمه اللغوي بالمصطلحات في مجالاتها العلمية والحياتية,G8.6.1.4.2,يفّسُر مصطلحاٍت علميًّة في مجاِل الُعلوِم الإنسانِيِّة.,,,,,,,,,,,,,,,,,
Grade 8,الوحدة الأولى,1.2,ذلِك النّبُع قَديٌم,1.2.1,الاستماع والمحادثة,الاستماع والمحادثة/استيعاب المعرفة وتقديمها,"أن يظهر المتعلم فهما لمواد مسموعة، ويتواصـل مع الآخرين مقدما المعلومات والنتائج المدعومة بالأدلة لإقناع المستمعين واستمالتهم نحو الموضوع مستخدما اللغة العربية الفصيحة.",G8.5.1.2.1,"يستوِعب المتعِّلُم الماَّدَة المسموعَة (قّصٌة واقعيٌّة، خياليٌّة، وجهُة نظٍر، مقاٌل) ويقّوم    مصداِقيَة الّشخصيّاِت، والُحَجِج، وتنظيُم الِفَكِر ، والأحداِث ، واُلأسلوِبِ من ِخلاِل أْحكاٍم مدعوَمٍة بأَدلٍّة مْقنعٍة",,,,,,,,,,,,,,,,,
Grade 8,الوحدة الأولى,1.2,صناعُة الّسينما,1.2.2,الاستماع والمحادثة,الاستماع والمحادثة/استيعاب المعرفة وتقديمها,"أن يظهر المتعلم فهما لمواد مسموعة، ويتواصـل مع الآخرين مقدما المعلومات والنتائج المدعومة بالأدلة لإقناع المستمعين واستمالتهم نحو الموضوع مستخدما اللغة العربية الفصيحة.",G8.5.1.2.1,"يستوِعب المتعِّلُم الماَّدَة المسموعَة (قّصٌة واقعيٌّة، خياليٌّة، وجهُة نظٍر، مقاٌل) ويقّوم    مصداِقيَة الّشخصيّاِت، والُحَجِج، وتنظيُم الِفَكِر ، والأحداِث ، واُلأسلوِبِ من ِخلاِل أْحكاٍم مدعوَمٍة بأَدلٍّة مْقنعٍة",,,,,,,,,,,,,,,,,
Grade 8,الوحدة الأولى,1.3,عْرض إقناعٌّي,1.3.1,الاستماع والمحادثة,الاستماع والمحادثة/استيعاب المعرفة وتقديمها,"أن يظهر المتعلم فهما لمواد مسموعة، ويتواصـل مع الآخرين مقدما المعلومات والنتائج المدعومة بالأدلة لإقناع المستمعين واستمالتهم نحو الموضوع مستخدما اللغة العربية الفصيحة.",G8.5.1.2.2,"يقِّدُم المتعِّلُم عرًضا شفويًا إقناعيًّا منّظًما عن ظاِهَرٍة أْوُ مشكَلٍة ، يعِرُض فيِه الأْسباَب والنّتائِج،  مقتَرحا الحلول، مستَخدما إستراتيجيّات الكلام المتضمنة: ضبط التّنغيم، ووضوح الصوت، وتوقيت الكلام، والاتّصال البصري، معبّرا عن وجهة نظره في المادة المعروضِة.",,,,,,,,,,,,,,,,,
Grade 8,الوحدة الأولى,1.4,الْحاُل,1.4.1,اللغة (النحو والصرف),اللغة / بنية اللغة العربية (النحو والصرف),"أن يتعرف المتعلم المفاهيم النحوية والصرفية، ويستخدمها استخداما صحيحا.",G8.6.2.2.2,"يَتعّرف الُمتعِّلُم الحاَل، مْفرَدًة وُجملًة وِشبَه جملٍة، ويُعِربُها، ويُوّظُفها في كتابَتِه.",الحال,,,,,,,,,,,,,,,,
Grade 8,الوحدة الأولى,1.5,نَصَ سردٌّي : آماٌل ذهبْتَ مَع الّريِح,1.5.1,الكتابة,الكتابة / إنتاج الأعمال الكتابية و نشرها,"ان ينتج المتعلم نصوصا سردية و معلوماتية واقناعية و وصفية ، وأن تظهر كتابته تقيده بالسلامة اللغوية",G8.4.2.4.1,"يكتب سيرًا ذاتيًةً، أو نصوصًا سرديًةً، مطبًقًا إستراتيجيّات الوصف، والسّرِد، والحوارِ، والوصف، والمقارنة بين الشخصيّاتِ",كتابة نص سردي (قصصي),,,,,,,,,,,,,,,,
Grade 8,الوحدة الأولى,1.5,نَصَ سردٌّي : آماٌل ذهبْتَ مَع الّريِح,1.5.1,الكتابة,الكتابة / إنتاج الأعمال الكتابية و نشرها,أن يستخدم المتعلم التكنولوجيا بما فيها الإنترنت وغيرها من المصادر لينتج وينشر عملا كتابيا متفاعلا مع الآخرين,G8.4.2.5.1,"يستخدُم القواميس وموسوعات المفردات وغيَرها من المصاِدر، والمواِقع الإلكترونيِّة الُمناِسبَة.",,,,,,,,,,,,,,,,,
Grade 8,الوحدة الثانية,2.1,الحديث الشريف: المسلِم أخو المسلِم,2.1.1,القراءة,قراءة النصوص الادبية / معرفة الفكر الرئيسة و التفاصيل,"أن يحدد المتعلم الفكر الرئيسة والتفاصيل المساندة التي تسهم في توضيح الفكرة الرئيسة، أو الرسالة العامة، أو الدروس المقدمة في النصوص الأدبية",G8.2.1.1.4,يحِّلل النُّصوص في سياقاتِها المختلفِة.,,,,,,,,,,,,,,,,,
Grade 8,الوحدة الثانية,2.1,الحديث الشريف: المسلِم أخو المسلِم,2.1.1,القراءة,قراءة النصوص الادبية / معرفة الفكر الرئيسة و التفاصيل,"أن يحدد المتعلم الفكر الرئيسة والتفاصيل المساندة التي تسهم في توضيح الفكرة الرئيسة، أو الرسالة العامة، أو الدروس المقدمة في النصوص الأدبية",G8.2.1.1.1,يحِّدُد المعنى الإجمالَّي للنَّص موِّضًحا الفكَر الَّرئيسَة والجزئيَّة والتَّفاصيَل الُمساندَة فيه.,,,,,,,,,,,,,,,,,
Grade 8,الوحدة الثانية,2.1,الحديث الشريف: المسلِم أخو المسلِم,2.1.1,القراءة,قراءة النصوص الادبية / معرفة الفكر الرئيسة و التفاصيل,"أن يحدد المتعلم الفكر الرئيسة والتفاصيل المساندة التي تسهم في توضيح الفكرة الرئيسة، أو الرسالة العامة، أو الدروس المقدمة في النصوص الأدبية",G8.2.1.1.2,يفسر كلمات النَّص مستنبِطا الدلالات التَّعبيريَّة فيه.,,,,,,,,,,,,,,,,,
Grade 8,الوحدة الثانية,2.1,الحديث الشريف: المسلِم أخو المسلِم,2.1.1,اللغة (المعجم),اللغة/اكتساب المفردات واستخدامها (المعجم),أن يكتسب المتعلم مفردات من خلال احتكاكه بمواقف غنية لغويا,G8.6.1.2.2,يفِّسُر الأسماَء والأفعاَل بمرادفاتِها وأضداِدها,,,,,,,,,,,,,,,,,
Grade 8,الوحدة الثانية,2.1,الحديث الشريف: المسلِم أخو المسلِم,2.1.1,اللغة (المعجم),اللغة/اكتساب المفردات واستخدامها (المعجم),أن يفسر المفردات الجديدة من خلال سياقاتها المختلفة,G8.6.1.2.3,يميِّز معانَي الكلماِت من خلاِل جذوِرها واشتقاقاتِها.,,,,,,,,,,,,,,,,,
Grade 8,الوحدة الثانية,2.1,الحديث الشريف: المسلِم أخو المسلِم,2.1.1,اللغة (المعجم),اللغة/اكتساب المفردات واستخدامها (المعجم),أن يفسر المفردات الجديدة من خلال سياقاتها المختلفة,G8.6.1.3.1,"يفِّسُر الكلمات مستخِدًما المعجَم الورقَّي والَّرَقِمَّي، ويستخدُمها في سياقات تعِّزُز معناها.",,,,,,,,,,,,,,,,,
Grade 8,الوحدة الثانية,2.1,شعٌر: يوُم الَّشهيِد,2.1.2,القراءة,قراءة النصوص الادبية / معرفة الفكر الرئيسة و التفاصيل,"أن يحدد المتعلم الفكر الرئيسة والتفاصيل المساندة التي تسهم في توضيح الفكرة الرئيسة، أو الرسالة العامة، أو الدروس المقدمة في النصوص الأدبية",G8.2.1.1.1,"يُحِّدُد المعنى الإجمالَّي للنَّص الأَدبِّي، ُموِّضًحا الِفَكَر الَّرئيَسَة والُجزئيَة والتَّفاصيَل الُمسانِدَة فيِه.",,,,,,,,,,,,,,,,,
Grade 8,الوحدة الثانية,2.1,شعٌر: يوُم الَّشهيِد,2.1.2,القراءة,قراءة النصوص الادبية / معرفة الفكر الرئيسة و التفاصيل,"أن يحدد المتعلم الفكر الرئيسة والتفاصيل المساندة التي تسهم في توضيح الفكرة الرئيسة، أو الرسالة العامة، أو الدروس المقدمة في النصوص الأدبية",G8.2.1.1.4,يُحِّلُل النُّصوَص الأدبيَّة في سياقاتها الُمختلَفة.,,,,,,,,,,,,,,,,,
Grade 8,الوحدة الثانية,2.1,شعٌر: يوُم الَّشهيِد,2.1.2,القراءة,قراءة النصوص الادبية / معرفة الفكر الرئيسة و التفاصيل,"أن يحدد المتعلم الفكر الرئيسة والتفاصيل المساندة التي تسهم في توضيح الفكرة الرئيسة، أو الرسالة العامة، أو الدروس المقدمة في النصوص الأدبية",G8.2.1.1.2,يَفِّسُر كلماِت النّص الأدبِّيُ مستنبًطا الَّدلالاِت التَّعبيريَّة فيِه.,,,,,,,,,,,,,,,,,
Grade 8,الوحدة الثانية,2.1,شعٌر: يوُم الَّشهيِد,2.1.2,اللغة (المعجم),اللغة/اكتساب المفردات واستخدامها (المعجم),أن يفسر المفردات الجديدة من خلال سياقاتها المختلفة,G8.6.1.3.1,"يَفِّسُر الكلمات مستخدًما المعجَم الورقَّي والَّرَقِمَّي، ويستخدُمها في سياقات تُعِّزُز معناها.",,,,,,,,,,,,,,,,,
Grade 8,الوحدة الثانية,2.1,شعٌر: يوُم الَّشهيِد,2.1.2,القراءة,قراءة النصوص الادبية / تكامل المعرفة مع الفكر,"أن يقرأ المتعلم نصوصا شعرية وأعمالاً نثرية متنوعة ويقمها ويحللها، ويــدمــج الفكر المقدمة فيها؛ لبناء معرفة وفهم جديدين عن الفكرة المحورية، والرسائل المتضمنة في الأعمال الأدبية.",G8.2.3.1.3,يحفُظ 6 نصوٍص شعريٍة تتألَّف من 10–12 بيتًا أَوَ سطًرا.,,,,,,,,,,,,,,,,,
Grade 8,الوحدة الثانية,2.1,شعٌر: الحجُر الَّصغيُر,2.1.3,القراءة,قراءة النصوص الادبية / معرفة الفكر الرئيسة و التفاصيل,"أن يحدد المتعلم الفكر الرئيسة والتفاصيل المساندة التي تسهم في توضيح الفكرة الرئيسة، أو الرسالة العامة، أو الدروس المقدمة في النصوص الأدبية",G8.2.1.1.1,"يُحِّدُد المعنى الإجمالَّي للنَّص الأَدبِّي، ُموِّضًحا الِفَكَر الَّرئيَسَة والُجزئيَّة والتَّفاصيَل الُمسانِدَة فيِه.",,,,,,,,,,,,,,,,,
Grade 8,الوحدة الثانية,2.1,شعٌر: الحجُر الَّصغيُر,2.1.3,القراءة,قراءة النصوص الادبية / معرفة الفكر الرئيسة و التفاصيل,"أن يحدد المتعلم الفكر الرئيسة والتفاصيل المساندة التي تسهم في توضيح الفكرة الرئيسة، أو الرسالة العامة، أو الدروس المقدمة في النصوص الأدبية",G8.2.1.1.4,يُحِّلُل النُّصوَص الأدبيَّة في سياقاتها الُمختلَفة.,,,,,,,,,,,,,,,,,
Grade 8,الوحدة الثانية,2.1,شعٌر: الحجُر الَّصغيُر,2.1.3,القراءة,قراءة النصوص الادبية / معرفة الفكر الرئيسة و التفاصيل,"أن يحدد المتعلم الفكر الرئيسة والتفاصيل المساندة التي تسهم في توضيح الفكرة الرئيسة، أو الرسالة العامة، أو الدروس المقدمة في النصوص الأدبية",G8.2.1.1.2,يَفِّسُر كلماِت النّص الأدبِّيُ مستنبًطا الَّدلالاِت التَّعبيريَّة فيِه.,,,,,,,,,,,,,,,,,
Grade 8,الوحدة الثانية,2.1,شعٌر: الحجُر الَّصغيُر,2.1.3,اللغة (المعجم),اللغة/اكتساب المفردات واستخدامها (المعجم),أن يفسر المفردات الجديدة من خلال سياقاتها المختلفة,G8.6.1.3.1,يَفِّسُر الكلمات مستخدًما المعجَم الورقَّي والَّرَقِمَّي ويستخدُمها في سياقات تُعِّزُز معناها.,,,,,,,,,,,,,,,,,
Grade 8,الوحدة الثانية,2.1,شعٌر: الحجُر الَّصغيُر,2.1.3,القراءة,قراءة النصوص الادبية / تكامل المعرفة مع الفكر,"أن يقرأ المتعلم نصوصا شعرية وأعمالاً نثرية متنوعة ويقمها ويحللها، ويــدمــج الفكر المقدمة فيها؛ لبناء معرفة وفهم جديدين عن الفكرة المحورية، والرسائل المتضمنة في الأعمال الأدبية.",G8.2.3.1.3,يحفُظ 6 نصوٍص شعريٍة تتألَّف من 10–12 بيتًا أَوَ سطًرا.,,,,,,,,,,,,,,,,,
Grade 8,الوحدة الثانية,2.1,قّصٌة: مسافِر بالَّدرجِة الثّالثِة,2.1.4,القراءة,قراءة النصوص الادبية / تحليل النص,"أن يحدد المتعلم جوانب معينة في النصوص الأدبية ويفهمها،ويحلل عناصر النص وخيارات المؤلفين في اختيار الكلمت والأساليب الأدبية المناسبة لنصوصهم.",G8.2.2.1.1,يُحّدُد الأحداَث الّتي تُطِّوُر الُحبكَةُ موِّضًحا كيَف يَفِّسُر كُّل حدٍث الأفعاَل الماِضيَة والمْستْقبليَّة للَّشخصياِت في الّروايِة.,,,,,,,,,,,,,,,,,
Grade 8,الوحدة الثانية,2.1,قّصٌة: مسافِر بالَّدرجِة الثّالثِة,2.1.4,القراءة,قراءة النصوص الادبية / تحليل النص,"أن يحدد المتعلم جوانب معينة في النصوص الأدبية ويفهمها،ويحلل عناصر النص وخيارات المؤلفين في اختيار الكلمت والأساليب الأدبية المناسبة لنصوصهم.",G8.2.2.1.3,يتَتَبَّع الّسرَد والوصَف والحواَر في الَقصِصُ موّضًحاَ وظائَفها.,,,,,,,,,,,,,,,,,
Grade 8,الوحدة الثانية,2.1,قّصٌة: مسافِر بالَّدرجِة الثّالثِة,2.1.4,اللغة (المعجم),اللغة/اكتساب المفردات واستخدامها (المعجم),أن يفسر المفردات الجديدة من خلال سياقاتها المختلفة,G8.6.1.3.1,"يفِّسُر الكلماِتُ مستَخِدًما المعجَم الوَرقَّي والَّرَقِمَّي ، ويستَخِدُمها في سياقاٍت تُعّزُز معناها.",,,,,,,,,,,,,,,,,
Grade 8,الوحدة الثانية,2.1,نَص معلوماتٌّي: أَدِمَغتُنا تُحب الِقصص,2.1.5,القراءة,قراءة النصوص المعلوماتية / معرفة الفكر الرئيسية والتفاصيل,"أن يقرأ المتعلم النص المعلوماتي بعمق وشمولية، ويحدد الفكرة المركزية والفكر الرئيسة، ويستنتج العلاقات ضمن النص الواحد وبين النصوص المختلفة.",G8.3.1.1.1,يُحّدُد الِفَكَر الّرئيَسَة للنّص بْعَد تَحليِله المعلوماِت الواِرَدَةُ مستَشِهًدا بمصاِدَرُ متَعِّددٍة مَن  اَلأِدلَّة,,,,,,,,,,,,,,,,,
Grade 8,الوحدة الثانية,2.1,نَص معلوماتٌّي: أَدِمَغتُنا تُحب الِقصص,2.1.5,القراءة,قراءة النصوص المعلوماتية / معرفة الفكر الرئيسية والتفاصيل,"أن يقرأ المتعلم النص المعلوماتي بعمق وشمولية، ويحدد الفكرة المركزية والفكر الرئيسة، ويستنتج العلاقات ضمن النص الواحد وبين النصوص المختلفة.",G8.3.1.1.3,"يصُف بالتّْفصيِل كْيَف عَرَض المؤلُف فكرتيِن رئيَستيِن أوأكثَر في النّص ، مستدًّلا بأمثَلة تُوِّضُحَ وصَفُه ، محّدًدا العلاقاِت بيَن الِفَكِر الّتي وصَفها",,,,,,,,,,,,,,,,,
Grade 8,الوحدة الثانية,2.1,نَص معلوماتٌّي: أَدِمَغتُنا تُحب الِقصص,2.1.5,اللغة (المعجم),اللغة/اكتساب المفردات واستخدامها (المعجم),أن ينمي المتعلم معجمه اللغوي بالمصطلحات في مجالاتها العلمية والحياتية,G8.6.1.4.2,يفّسُر مصطلحاٍت علميًة في مجاِل الُعلوِم الإنسانِيِة,,,,,,,,,,,,,,,,,
Grade 8,الوحدة الثانية,2.1,نَص معلوماتٌّي: من أَجل نَمِط عيْش صّحٍّي,2.1.6,القراءة,قراءة النصوص المعلوماتية / معرفة الفكر الرئيسية والتفاصيل,"أن يقرأ المتعلم النص المعلوماتي بعمق وشمولية، ويحدد الفكرة المركزية والفكر الرئيسة، ويستنتج العلاقات ضمن النص الواحد وبين النصوص المختلفة.",G8.3.1.1.1,يُحّدُد الِفَكَر الّرئيَسة للنّص بْعَد تَحليِلها لمعلوماِت الواِرَدَةُ مستَشِهًدا بمصاِدَرُ متَعِّددٍة مَن اَلأِدلَّة.,,,,,,,,,,,,,,,,,
Grade 8,الوحدة الثانية,2.1,نَص معلوماتٌّي: من أَجل نَمِط عيْش صّحٍّي,2.1.6,القراءة,قراءة النصوص المعلوماتية / معرفة الفكر الرئيسية والتفاصيل,"أن يقرأ المتعلم النص المعلوماتي بعمق وشمولية، ويحدد الفكرة المركزية والفكر الرئيسة، ويستنتج العلاقات ضمن النص الواحد وبين النصوص المختلفة.",G8.3.1.1.3,"يصُف بالتّْفصيِل كْيَف عَرَض المؤلُف فكرتيِن رئيَستيِن أوأكثَر في النص ، مستدًّلا بأمثَلة تُوِّضُحَ وصَفُه ، محّدًدا العلاقاِت بيَن الِفَكِر الّتي وصَفها",,,,,,,,,,,,,,,,,
Grade 8,الوحدة الثانية,2.1,نَص معلوماتٌّي: من أَجل نَمِط عيْش صّحٍّي,2.1.6,اللغة (المعجم),اللغة/اكتساب المفردات واستخدامها (المعجم),أن ينمي المتعلم معجمه اللغوي بالمصطلحات في مجالاتها العلمية والحياتية,G8.6.1.4.2,يفّسُر مصطلحاٍت علميًة في مجاِل الُعلوِم الإنسانِيِة,,,,,,,,,,,,,,,,,
Grade 8,الوحدة الثانية,2.2,الُقُدراُت الكاِمنَة,2.2.1,الاستماع والمحادثة,الاستماع والمحادثة/استيعاب المعرفة وتقديمها,"أن يظهر المتعلم فهما لمواد مسموعة، ويتواصـل مع الآخرين مقدما المعلومات والنتائج المدعومة بالأدلة لإقناع المستمعين واستمالتهم نحو الموضوع مستخدما اللغة العربية الفصيحة.",G8.5.1.2.1,"يستوِعب المتعِّلُم الماَّدَة المسموعَة (قّصًة واقعيًّة، خياليًّة، وجهَة نظٍر، مقاًلا) ويقّوُم  مصداِقيَّة الّشخصيّاِت ، والُحَجَج، وتنظيَم الِفَكِر، والأحداَث ، واُلأسلوَبِ من  خلاِل أْحكاٍم مدعوَمٍة بأَدلٍّة مْقنعٍة.",,,,,,,,,,,,,,,,,
Grade 8,الوحدة الثانية,2.2,الأَعماُل اليَدويَّة,2.2.2,الاستماع والمحادثة,الاستماع والمحادثة/استيعاب المعرفة وتقديمها,"أن يظهر المتعلم فهما لمواد مسموعة، ويتواصـل مع الآخرين مقدما المعلومات والنتائج المدعومة بالأدلة لإقناع المستمعين واستمالتهم نحو الموضوع مستخدما اللغة العربية الفصيحة.",G8.5.1.2.1,"يستوِعب المتعِّلُم الماَّدَة المسموعَة (قّصًة واقعيًّة، خياليًّة، وجهَة نظٍر، مقاًلا) ويقّوُم  مصداِقيَّة الّشخصيّاِت ، والُحَجَج، وتنظيَم الِفَكِر، والأحداَث ، واُلأسلوَبِ من  خلاِل أْحكاٍم مدعوَمٍة بأَدلٍّة مْقنعٍة.",,,,,,,,,,,,,,,,,
Grade 8,الوحدة الثانية,2.3,عْرض إقناعٌّي,2.3.1,الاستماع والمحادثة,الاستماع والمحادثة/استيعاب المعرفة وتقديمها,"أن يظهر المتعلم فهما لمواد مسموعة، ويتواصـل مع الآخرين مقدما المعلومات والنتائج المدعومة بالأدلة لإقناع المستمعين واستمالتهم نحو الموضوع مستخدما اللغة العربية الفصيحة.",G8.5.1.2.2,"يقِّدُم المتعِّلُم عرًضا شفويًّا إقناعيًّا منّظًما عن ظاِهَرٍة أْوُ مشكَلٍة ، يعِرُض فيِه الأْسباَب  والنّتائِج، مقتَرحا الحلول، مستَخدما إستراتيجيات الكلام المتضمنة: ضبط التّنغيم، ووضوح الصوت، وتوقيت الكلام، والاتصال البصري، معبّرا عن وجهة نظره في المادة المعروضِة.",,,,,,,,,,,,,,,,,
Grade 8,الوحدة الثانية,2.4,التَّمييُز,2.4.1,اللغة (النحو والصرف),اللغة/ بنية اللغة العربية (النحو والصرف),"أن يتعرف المتعلم المفاهيم النحوية والصرفية، ويستخدمها استخداما صحيحا.",G8.6.2.2.9,"يتعَّرف المتِّعُلم التّمييَز ويُعربُه إعرابًا صحيًحا، ويُوِّظُفُه في كتابِتِه.",التمييز,,,,,,,,,,,,,,,,
Grade 8,الوحدة الثانية,2.5,تَقريٌر بحثٌّي,2.5.1,الكتابة,الكتابة / انتاج الأعمال الكتابية و نشرها,"ان ينتج المتعلم نصوصا سردية و معلوماتية واقناعية و وصفية ، وأن تظهر كتابته تقيده بالسلامة اللغوية",G8.4.2.4.4,"يكتُب تقريًرا بحثيًّا عن فكرٍة أو قضيٍّة مهّمٍة باختياِر سؤاٍل مركزٍّي واحٍد،ُ مؤِّسًسا لفكرٍة مركزيَّة، مطّوًرا الفكرَة بالأدلِّة والأمثلِة مضّمنًا بحثَه قائمًة بالمصاِدر والمراِجِع.",كتابة تقرير بحثي,,,,,,,,,,,,,,,,
Grade 8,الوحدة الثانية,2.5,تَقريٌر بحثٌّي,2.5.1,الكتابة,الكتابة / البحث عن المعلومات,أن يبحث المتعلم عن المعلومات ويطبقها في موضوعات كتابية تستند إلى أغراض محددة تظهر فهمه بالمادة التي يبحث عنها وتتناسب مع غرض الكتابة وطبيعتها.,G8.4.1.1.3,يبحُث بفاعليٍّة عِن المعلوماِت المتّصَلِة بموضوِع بحثِه منَ مصاِدَر مطبوعٍة وَرقميٍّة.,,,,,,,,,,,,,,,,,
Grade 8,الوحدة الثانية,2.5,تَقريٌر بحثٌّي,2.5.1,الكتابة,الكتابة/البحث عن المعلومات,أن يبحث المتعلم عن المعلومات ويطبقها في موضوعات كتابية تستند إلى أغراض محددة تظهر فهمه بالمادة التي يبحث عنها وتتناسب مع غرض الكتابة وطبيعتها.,G8.4.2.3.2,"يحّدُد الاقتباسات والبيانات الُملائِمَة ليَدمجها في أَعمالِه الكتابيِّة، ويوثُّقها توثيًقا صحيحا.",,,,,,,,,,,,,,,,,
Grade 8,الوحدة الثانية,2.5,تَقريٌر بحثٌّي,2.5.1,الكتابة,الكتابة / انتاج الأعمال الكتابية و نشرها,"أن يكتب المتعلم نصوصا تعبر عن  فكرة مركزية تظهر مقدرة على التركيز والتنظيم وتدل على وعي كامل بالمتلقي في علاقته بغرض وبموضوع الكتابة، مطورا مهاراته الكتابية من خلال مراحل الكتابة (ما قبل الكتابة، المسودة، المراجعة)، لتحرير النص.
",G8.4.2.3.2,يدَعُم وجهَة نظرِه وأَفكاَرُه بالافتراضاِت والحكاياِت والنّواِدِر والحقائِق والإحصائيّاِت والأمثِلِة.,,,,,,,,,,,,,,,,,
Grade 8,الوحدة الثانية,2.5,تَقريٌر بحثٌّي,2.5.1,الكتابة,الكتابة / البحث عن المعلومات,أن يبحث المتعلم عن المعلومات ويطبقها في موضوعات كتابية تستند إلى أغراض محددة تظهر فهمه بالمادة التي يبحث عنها وتتناسب مع غرض الكتابة وطبيعتها.,G8.4.2.4.4,يتعّرُف بنيَة التّقريِرالبحثِّي وخصائَصُه.,,,,,,,,,,,,,,,,,
Grade 8,الوحدة الثالثة,3.1,خْطبٌة: خْطبُة الَّرسوِل صلى الله عليه وسلم في َحَّجِة الَوداِع,3.1.1,القراءة,قراءة النصوص الادبية / معرفة الفكر الرئيسة و التفاصيل,"أن يحدد المتعلم الفكر الرئيسة والتفاصيل المساندة التي تسهم في توضيح الفكرة الرئيسة، أو الرسالة العامة، أو الدروس المقدمة في النصوص الأدبية",G8.2.1.1.4,يُحِّلل النُّصوص في سياقاتِها المُختِلَفِة.,,,,,,,,,,,,,,,,,
Grade 8,الوحدة الثالثة,3.1,خْطبٌة: خْطبُة الَّرسوِل صلى الله عليه وسلم في َحَّجِة الَوداِع,3.1.1,القراءة,قراءة النصوص الادبية / معرفة الفكر الرئيسة و التفاصيل,"أن يحدد المتعلم الفكر الرئيسة والتفاصيل المساندة التي تسهم في توضيح الفكرة الرئيسة، أو الرسالة العامة، أو الدروس المقدمة في النصوص الأدبية",G8.2.1.1.1,يُحِّدُد المَعنى الإْجمالي للنَّص موِّضًحا الِفَكَر الَّرئيسَة والجْزئيَّة والتَّفاصيَل المُسانِدَة فيِه.,,,,,,,,,,,,,,,,,
Grade 8,الوحدة الثالثة,3.1,خْطبٌة: خْطبُة الَّرسوِل صلى الله عليه وسلم في َحَّجِة الَوداِع,3.1.1,القراءة,قراءة النصوص الادبية / معرفة الفكر الرئيسة و التفاصيل,"أن يحدد المتعلم الفكر الرئيسة والتفاصيل المساندة التي تسهم في توضيح الفكرة الرئيسة، أو الرسالة العامة، أو الدروس المقدمة في النصوص الأدبية",G8.2.1.1.2,يُفِّسُرَ كلماِت النَّصُ مستنبِطا الَّدلالاِت التَّعبيريَّة فيِه.,,,,,,,,,,,,,,,,,
Grade 8,الوحدة الثالثة,3.1,خْطبٌة: خْطبُة الَّرسوِل صلى الله عليه وسلم في َحَّجِة الَوداِع,3.1.1,اللغة (المعجم),اللغة/اكتساب المفردات واستخدامها (المعجم),أن يكتسب المتعلم مفردات من خلال احتكاكه بمواقف غنية لغويا,G8.6.1.2.2,يُفِّسُر اْلأسماَء والأفعاَل بمرادفاتِها وأضداِدها.,,,,,,,,,,,,,,,,,
Grade 8,الوحدة الثالثة,3.1,خْطبٌة: خْطبُة الَّرسوِل صلى الله عليه وسلم في َحَّجِة الَوداِع,3.1.1,اللغة (المعجم),اللغة/اكتساب المفردات واستخدامها (المعجم),أن يفسر المفردات الجديدة من خلال سياقاتها المختلفة,G8.6.1.2.3,يُميِّز معاَني الكلماِت من خلاِلُ جذوِرها واشتقاقاتِها.,,,,,,,,,,,,,,,,,
Grade 8,الوحدة الثالثة,3.1,خْطبٌة: خْطبُة الَّرسوِل صلى الله عليه وسلم في َحَّجِة الَوداِع,3.1.1,اللغة (المعجم),اللغة/اكتساب المفردات واستخدامها (المعجم),أن يفسر المفردات الجديدة من خلال سياقاتها المختلفة,G8.6.1.3.1,"يُفِّسُر الكلماِتُ مستخِدًما المعجَم الورقَّي والَّرْقمَّي ، ويَستخِدُمها في سياقاٍت تُعِّزُزَ معناها.",,,,,,,,,,,,,,,,,
Grade 8,الوحدة الثالثة,3.1,شْعٌر: إِراَدٌة وثَباٌت,3.1.2,القراءة,قراءة النصوص الادبية / معرفة الفكر الرئيسة والتفاصيل,"أن يحدد المتعلم الفكر الرئيسة والتفاصيل المساندة التي تسهم في توضيح الفكرة الرئيسة، أو الرسالة العامة، أو الدروس المقدمة في النصوص الأدبية",G8.2.1.1.1,"يُحِّدُد المَعنى الإجمالي لِلنَّص الأَدبِّي، مَوِّضًحا الِفَكَر الّرئيَسَة والجْزئِيَّة والتّفاصيَل المُسانِدَة فيِه.",,,,,,,,,,,,,,,,,
Grade 8,الوحدة الثالثة,3.1,شْعٌر: إِراَدٌة وثَباٌت,3.1.2,القراءة,قراءة النصوص الادبية / معرفة الفكر الرئيسة والتفاصيل,"أن يحدد المتعلم الفكر الرئيسة والتفاصيل المساندة التي تسهم في توضيح الفكرة الرئيسة، أو الرسالة العامة، أو الدروس المقدمة في النصوص الأدبية",G8.2.1.1.4,يُحِّلل النُّصوص الأدبِيَّة في سياقاتِها المُختَلَفِة.,,,,,,,,,,,,,,,,,
Grade 8,الوحدة الثالثة,3.1,شْعٌر: إِراَدٌة وثَباٌت,3.1.2,القراءة,قراءة النصوص الادبية / معرفة الفكر الرئيسة والتفاصيل,"أن يحدد المتعلم الفكر الرئيسة والتفاصيل المساندة التي تسهم في توضيح الفكرة الرئيسة، أو الرسالة العامة، أو الدروس المقدمة في النصوص الأدبية",G8.2.1.1.2,يُفِّسُرَ كِلماِت النَّص اَلأَدِّبيُ مْستَنبِطا الّدلالاِت التَّعبيريَّة فيِه.,,,,,,,,,,,,,,,,,
Grade 8,الوحدة الثالثة,3.1,شْعٌر: إِراَدٌة وثَباٌت,3.1.2,اللغة (المعجم),اللغة/اكتساب المفردات واستخدامها (المعجم),أن يفسر المفردات الجديدة من خلال سياقاتها المختلفة,G8.6.1.3.1,"يُفِّسُر الَكِلماِتُ مْستَخِدًما المُعَجَم الَوَرقَّيَ والَّرْقِمَّي ،َ ويَستَخِدُمها في سياقاٍت تُعِّزُزَ معناها.",,,,,,,,,,,,,,,,,
Grade 8,الوحدة الثالثة,3.1,شْعٌر: إِراَدٌة وثَباٌت,3.1.2,القراءة,قراءة النصوص الادبية / تكامل المعرفة مع الفكر,"أن يقرأ المتعلم نصوصا شعرية وأعمالاً نثرية متنوعة ويقمها ويحللها، ويــدمــج الفكر المقدمة فيها؛ لبناء معرفة وفهم جديدين عن الفكرة المحورية، والرسائل المتضمنة في الأعمال الأدبية.",G8.2.3.1.3,يَحَفظ أَبياَت النَّص الِّشعرِّي.,,,,,,,,,,,,,,,,,
Grade 8,الوحدة الثالثة,3.1,قَّصٌة: الِعْقُد,3.1.3,القراءة,قراءة النصوص الادبية / تحليل النص,"أن يحدد المتعلم جوانب معينة في النصوص الأدبية ويفهمها،ويحلل عناصر النص وخيارات المؤلفين في اختيار الكلمت والأساليب الأدبية المناسبة لنصوصهم.",G8.2.2.1.2,"يحِّلُل المُتعِّلُم الَّشخصيات ِمْن خلاِل أفكاِرها وأفعالِها وأقوالِها، وِمْن خلاِل أَقواِل الَّشخصيات الأخرى   عْنها، ُمستخِدًماَ الَوسائِل الَّرقميَّة، ُمستِدلا على ما يَعرضُه بِأدلَّة ِمَن النَّص",,,,,,,,,,,,,,,,,
Grade 8,الوحدة الثالثة,3.1,قَّصٌة: الِعْقُد,3.1.3,اللغة (المعجم),اللغة/اكتساب المفردات واستخدامها (المعجم),أن يفسر المفردات الجديدة من خلال سياقاتها المختلفة,G8.6.1.3.1,"يُفِّسُر الكلماِتُ مستخِدًما المعجَم الورقَّي والَّرْقمَّي ، ويَستخِدُمها في سياقاٍت تُعِّزُزَ معناها.",,,,,,,,,,,,,,,,,
Grade 8,الوحدة الثالثة,3.1,قَّصٌة: حْفنَة تَمٍر,3.1.4,القراءة,قراءة النصوص الادبية / تحليل النص,"أن يحدد المتعلم جوانب معينة في النصوص الأدبية ويفهمها،ويحلل عناصر النص وخيارات المؤلفين في اختيار الكلمت والأساليب الأدبية المناسبة لنصوصهم.",G8.2.2.1.2,"يحِّلُل المُتعِّلُم الَّشخصيات ِمْن خلاِل أفكاِرها وأفعالِها وأقوالِها، وِمْن خلاِل أَقواِل الَّشخصيات الأخرى عْنها، ُمستخِدًماَ الَوسائِل الَّرقميَّة، ُمستِدلا على ما يَعرضُه بِأدلَّة ِمَن النَّص",,,,,,,,,,,,,,,,,
Grade 8,الوحدة الثالثة,3.1,قَّصٌة: حْفنَة تَمٍر,3.1.4,اللغة (المعجم),اللغة/اكتساب المفردات واستخدامها (المعجم),أن يفسر المفردات الجديدة من خلال سياقاتها المختلفة,G8.6.1.3.1,"يُفِّسُر المتعّلُم الكلمات ُمستعينًا بالمعجِم الورقِّي والَّرقمِّي، ويستخدُمها في سياقات تعِّزُز مْعناها.",,,,,,,,,,,,,,,,,
Grade 8,الوحدة الثالثة,3.1,نٌّصَ معلوماتِّي : الأَناقَة لاتُكلِّف ماًلا,3.1.5,القراءة,قراءة النصوص المعلوماتية / معرفة الفكر الرئيسية والتفاصيل,"أن يقرأ المتعلم النص المعلوماتي بعمق وشمولية، ويحدد الفكرة المركزية والفكر الرئيسة، ويستنتج العلاقات ضمن النص الواحد وبين النصوص المختلفة.",G8.3.1.1.1,يُحِّدُد الِفَكَر الَّرئيسَة لِلنَّص بعَد تَحليِلِه المَعلوماِت الواِرَدَةُ مْستَشِهًدا بِمصاِدَرُ متَعِّدَدٍةِ مَن اَلأِدلَّة.,,,,,,,,,,,,,,,,,
Grade 8,الوحدة الثالثة,3.1,نٌّصَ معلوماتِّي : الأَناقَة لاتُكلِّف ماًلا,3.1.5,اللغة (المعجم),اللغة/اكتساب المفردات واستخدامها (المعجم),أن ينمي المتعلم معجمه اللغوي بالمصطلحات في مجالاتها العلمية والحياتية,G8.6.1.4.2,يُفِّسُرُ مْصَطَلحاٍت عْلِميَّة فيَ مجاِل الُعلوِم اِلإنسانِيَّة.,,,,,,,,,,,,,,,,,
Grade 8,الوحدة الثالثة,3.1,نص معلوماتِي: القرش الأَبْيض يَنْفع في اليَوم الأَسود,3.1.6,القراءة,قراءة النصوص المعلوماتية / معرفة الفكر الرئيسية والتفاصيل,"أن يقرأ المتعلم النص المعلوماتي بعمق وشمولية، ويحدد الفكرة المركزية والفكر الرئيسة، ويستنتج العلاقات ضمن النص الواحد وبين النصوص المختلفة.",G8.3.1.1.1,يُحِّدُد الفَكَر الّرئيسَة للنَّص بعَد تحليِلِه المعلوماِت الواردَة مْستشهًدا بمصادَر ُمتعِّدَدٍة مَن الأدلَّة.,,,,,,,,,,,,,,,,,
Grade 8,الوحدة الثالثة,3.1,نص معلوماتِي: القرش الأَبْيض يَنْفع في اليَوم الأَسود,3.1.6,اللغة (المعجم),اللغة/اكتساب المفردات واستخدامها (المعجم),أن ينمي المتعلم معجمه اللغوي بالمصطلحات في مجالاتها العلمية والحياتية,G8.6.1.4.2,يُفِّسُر مصطلحاٍت علميَّة في مجاِل العلوِم الإنسانيَّة.,,,,,,,,,,,,,,,,,
Grade 8,الوحدة الثالثة,3.2,قَّصٌة: الاِّدعاُء الُمَزيَّف,3.2.1,الاستماع والمحادثة,الاستماع / استيعاب المعرفة وتقديمها,"أن يظهر المتعلم فهما لمواد مسموعة، ويتواصـل مع الآخرين مقدما المعلومات والنتائج المدعومة بالأدلة لإقناع المستمعين واستمالتهم نحو الموضوع مستخدما اللغة العربية الفصيحة.",G8.5.1.2.1,"يَستَوِعب المُتَعِّلُم الماَّدَة المسموعَة ( قَّصًة واِقعيَّة، َخياليَّة، وجهَة نَظٍر، َمقاًلا) ويقِّوُم مصداقيَّة الَّشخصيّات، والحَجَج، وتنظيَم الِفْكِر، والأحداث، والأسلوب من خلاِل أحكاٍم مدعوَمٍة بأدلَّة.",,,,,,,,,,,,,,,,,
Grade 8,الوحدة الثالثة,3.3,تقديم عرض,3.3.1,الاستماع والمحادثة,الاستماع / استيعاب المعرفة وتقديمها,"أن يظهر المتعلم فهما لمواد مسموعة، ويتواصـل مع الآخرين مقدما المعلومات والنتائج المدعومة بالأدلة لإقناع المستمعين واستمالتهم نحو الموضوع مستخدما اللغة العربية الفصيحة.",G8.5.1.2.2,"يقِّدُم المتعِّلُم عْرًضاَ شفويًّا إْقناِعيًّاُ منَّظًما عْن ظاِهَرٍة أْوُ مْشِكَلٍة ، يَعِرُض فيِه اَلأْسباَب والنَّتائِج ،ُ مْقتِرًحا اُلحلوَل ،ُ مْستخِدًما إِستراتيجيّاِت الَكلاِم المتَضَّمنَة :َ ضْبَط التَّنغيِم ، وَوضوَح الَّصْوِت ، وتَوقيَت الَكلاِم،  والاتِّصاَل البَصرَّي ،ُ معبِّرا عْن وْجَهِة نَظِرِه في الماَّدِة المْعروَضِة.",,,,,,,,,,,,,,,,,
Grade 8,الوحدة الثالثة,3.4,أَدواُت نَصب الِفْعِل الُمضارِع,3.4.1,اللغة (النحو والصرف),اللغة / بنية اللغة العربية (النحو والصرف),"أن يتعرف المتعلم المفاهيم النحوية والصرفية، ويستخدمها استخداما صحيحا.",G8.6.2.2.4,"يَتَعَّرُف المُتعِّلُم أَدواِت نَصِب الِفْعِل المُضارِع، وحالاِت نَصبِه.",أَدوات نَصب الِفْعل الُمضارِع,"المضارع- المنصوب - أدوات النصب 
المضارع- المنصوب - إعراب","المضارع- المنصوب - أدوات النصب 
المضارع- المنصوب - إعراب",,,,,,,,,,,,,,
Grade 8,الوحدة الثالثة,3.4,جْزُم الِفعِل الُمضاِرِع,3.4.2,اللغة (النحو والصرف),اللغة / بنية اللغة العربية (النحو والصرف),"أن يتعرف المتعلم المفاهيم النحوية والصرفية، ويستخدمها استخداما صحيحا.",G8.6.2.2.4,"يَتَعَّرُف المُتعِّلُم أَدواِت جْزِم الِفعِل المُضاِرِع، وحالاِت جْزِمِه.",أَدوات جزم الِفْعل الُمضارِع,"المضارع المجزوم - أدوات الجزم
المضارع المجزوم -  إعراب","المضارع المجزوم - أدوات الجزم
المضارع المجزوم -  إعراب",,,,,,,,,,,,,,
Grade 8,الوحدة الثالثة,3.5,ضْعف الّدافعيِّة نَحَو التَّعلُّم,3.5.1,الكتابة,الكتابة / انتاج الأعمال الكتابية و نشرها,"ان ينتج المتعلم نصوصا سردية و معلوماتية واقناعية و وصفية ، وأن تظهر كتابته تقيده بالسلامة اللغوية",G8.4.2.4.2,"يَكتُب نُصوصا تَفسيريًّة: ( وصف، شرح، مقارنٌة ومقابلٌة، مشكلٌة وحل) ليعرض وجهَة نَظرِه الّتي  تَناولَها، مقّدًما أَدلَّة مقنعًة وأَمثلًة",كتابة نص تفسيري من فقرات متعددة ,,,,,,,,,,,,,,,,
Grade 8,الوحدة الثالثة,3.5,ضْعف الّدافعيِّة نَحَو التَّعلُّم,3.5.1,الكتابة,الكتابة / البحث عن المعلومات,أن يبحث المتعلم عن المعلومات ويطبقها في موضوعات كتابية تستند إلى أغراض محددة تظهر فهمه بالمادة التي يبحث عنها وتتناسب مع غرض الكتابة وطبيعتها.,G8.4.1.1.2,يطبُّق إستراتيجيّاِت البَحِث عِن الماّدِة.,,,,,,,,,,,,,,,,,
Grade 8,الوحدة الثالثة,3.5,ضْعف الّدافعيِّة نَحَو التَّعلُّم,3.5.1,الكتابة,الكتابة / انتاج الأعمال الكتابية و نشرها,أن يستخدم المتعلم التكنولوجيا بما فيها الإنترنت وغيرها من المصادر لينتج وينشر عملا كتابيا متفاعلا مع الآخرين,G8.4.2.5.2,يشارُك بكتاباتِه ونِتاجاِت بعِض المَؤلّفَين مَع الآخريَنِ منِ خلاِل المجّلاِت والُّصُحِف ووسائَلَ رْقميَّة أُخرى,,,,,,,,,,,,,,,,,
Grade 8,الوحدة الثالثة,3.5,ضْعف الّدافعيِّة نَحَو التَّعلُّم,3.5.1,اللغة (البلاغة),اللغة / بنية اللغة العربية (البلاغة),"أن يتعرف المتعلم المفاهيم البلاغية، ويتذوقها ويوظفها في إنتاجه اللغوي",G8.6.5.1.1,"يتعَّرف التّشبيَه المُرسَل والمؤّكَد ويُحِّلُلُهما، موّضًحا مواطَن الجماِل فيهما، ويُنتِجهما في جمٍل من إنْشائِه.","التشبيه المرسل، والتشبيه المؤكد",,,,,,,,,,,,,,,,
Grade 8,الوحدة الرابعة,4.1,نثر: وصيَّة ذي الإِصبَع الُعدوانِّي لابنِه أُسيْد,4.1.1,القراءة,قراءة النصوص الادبية / معرفة الفكر الرئيسة و التفاصيل,"أن يحدد المتعلم الفكر الرئيسة والتفاصيل المساندة التي تسهم في توضيح الفكرة الرئيسة، أو الرسالة العامة، أو الدروس المقدمة في النصوص الأدبية",G8.2.1.1.1,"يُحّدُد المتَعِّلُم المَعنى الإجمالي للنَّص الأَدبي موِّضًحا الِفَكِر الَّرئيسَة والجزئِيَّة، والتَّفاصيَل المُسانَدَة فيِه.",,,,,,,,,,,,,,,,,
Grade 8,الوحدة الرابعة,4.1,نثر: وصيَّة ذي الإِصبَع الُعدوانِّي لابنِه أُسيْد,4.1.1,اللغة (المعجم),اللغة/اكتساب المفردات واستخدامها (المعجم),أن يفسر المفردات الجديدة من خلال سياقاتها المختلفة,G8.6.1.3.1,"يُفِّسُر المتَعِّلُم الكلمات ُمستعينًا بالمُعجِم الَورقِّي والَّرقمِّي، َويستخدُمها في سياقات تُعِّزُز َمْعناها.",,,,,,,,,,,,,,,,,
Grade 8,الوحدة الرابعة,4.1,نثر: وصيَّة ذي الإِصبَع الُعدوانِّي لابنِه أُسيْد,4.1.1,القراءة,قراءة النصوص الادبية / معرفة الفكر الرئيسة و التفاصيل,"أن يحدد المتعلم الفكر الرئيسة والتفاصيل المساندة التي تسهم في توضيح الفكرة الرئيسة، أو الرسالة العامة، أو الدروس المقدمة في النصوص الأدبية",G8.2.1.1.2,يُفِّسُر المتَعِّلُمَ كلماِت النَّص الأَدبِّيُ مستَنبًطا الّدلالاِت التَّعبيريَّة فيِه.,,,,,,,,,,,,,,,,,
Grade 8,الوحدة الرابعة,4.1,نثر: وصيَّة ذي الإِصبَع الُعدوانِّي لابنِه أُسيْد,4.1.1,القراءة,قراءة النصوص الادبية / معرفة الفكر الرئيسة و التفاصيل,"أن يحدد المتعلم الفكر الرئيسة والتفاصيل المساندة التي تسهم في توضيح الفكرة الرئيسة، أو الرسالة العامة، أو الدروس المقدمة في النصوص الأدبية",G8.2.1.1.4,يُحّلل النُّصوص في سياقاتِها المختلَفِة.,,,,,,,,,,,,,,,,,
Grade 8,الوحدة الرابعة,4.1,شْعٌر: روُح الَّطبيَعِة,4.1.2,القراءة,قراءة النصوص الادبية / معرفة الفكر الرئيسة و التفاصيل,"أن يحدد المتعلم الفكر الرئيسة والتفاصيل المساندة التي تسهم في توضيح الفكرة الرئيسة، أو الرسالة العامة، أو الدروس المقدمة في النصوص الأدبية",G8.2.1.1.1,"يُحِّدُد المُتَعِّلُم الْمْعنى الإْجَمالي للنَّص الأَدبِّي، موِّضًحا الْفَكَر الَّرئيَسَة والْجْزئِيَّة فيِه.",,,,,,,,,,,,,,,,,
Grade 8,الوحدة الرابعة,4.1,شْعٌر: روُح الَّطبيَعِة,4.1.2,القراءة,قراءة النصوص الادبية / تكامل المعرفة مع الفكر,"أن يقرأ المتعلم نصوصا شعرية وأعمالاً نثرية متنوعة ويقمها ويحللها، ويــدمــج الفكر المقدمة فيها؛ لبناء معرفة وفهم جديدين عن الفكرة المحورية، والرسائل المتضمنة في الأعمال الأدبية.",G8.2.3.1.3,يَحَفظ المُتَعِّلم نَصا من 10ـ 12 بيتًا.,,,,,,,,,,,,,,,,,
Grade 8,الوحدة الرابعة,4.1,شْعٌر: روُح الَّطبيَعِة,4.1.2,اللغة (المعجم),اللغة / المفردات واستخدامها (المعجم),أن يكتسب المتعلم مفردات من خلال احتكاكه بمواقف غنية لغويا,G8.6.1.2.2,يُحّدُد المتعِّلُم علاقاِت التَّضاِد والتَّراُدِف بَين الكِلماِت.,,,,,,,,,,,,,,,,,
Grade 8,الوحدة الرابعة,4.1,قِصة : نَظرة,4.1.3,القراءة,قراءة النصوص الادبية / تحليل النص,"أن يحدد المتعلم جوانب معينة في النصوص الأدبية ويفهمها،ويحلل عناصر النص وخيارات المؤلفين في اختيار الكلمت والأساليب الأدبية المناسبة لنصوصهم.",G8.2.2.1.1,يُحِّدُد اَلأحداَث الّتي تُطِّوُر اُلحبكَةُ موِّضًحا كيَف يُفِّسُر كُّل َحدٍث اَلأفعاَل الماضيَة والمُستَقبَليَّة للَّشخصيّاِت في الِّروايِة.,,,,,,,,,,,,,,,,,
Grade 8,الوحدة الرابعة,4.1,قِصة : نَظرة,4.1.3,القراءة,قراءة النصوص الادبية / تحليل النص,"أن يحدد المتعلم جوانب معينة في النصوص الأدبية ويفهمها،ويحلل عناصر النص وخيارات المؤلفين في اختيار الكلمت والأساليب الأدبية المناسبة لنصوصهم.",G8.2.2.1.3,يَتَتَبَّع الّسرَد والَوْصف والحواَر في الِقَصص موّضًحا وظائِفها.,,,,,,,,,,,,,,,,,
Grade 8,الوحدة الرابعة,4.1,قِصة : نَظرة,4.1.3,القراءة,قراءة النصوص الادبية / تحليل النص,"أن يحدد المتعلم جوانب معينة في النصوص الأدبية ويفهمها،ويحلل عناصر النص وخيارات المؤلفين في اختيار الكلمت والأساليب الأدبية المناسبة لنصوصهم.",G8.2.2.1.2,يُحِّلل الشخصيا ِت من خلال أَقوالِها وأَفعالِها.,,,,,,,,,,,,,,,,,
Grade 8,الوحدة الرابعة,4.1,قِصة : نَظرة,4.1.3,اللغة (المعجم),اللغة/اكتساب المفردات واستخدامها (المعجم),أن يفسر المفردات الجديدة من خلال سياقاتها المختلفة,G8.6.1.3.1,"يُفِّسُر الَكِلمات مستَخِدًما المُعَجَم الَوَرقَّي أَو الَّرقمي، َويستَخِدُمها في سياقات تُعِّزُز َمعناها.",,,,,,,,,,,,,,,,,
Grade 8,الوحدة الرابعة,4.1,قِصٌة: وداًعا يا أِحبَّائي,4.1.4,القراءة,قراءة النصوص الادبية / تحليل النص,"أن يحدد المتعلم جوانب معينة في النصوص الأدبية ويفهمها،ويحلل عناصر النص وخيارات المؤلفين في اختيار الكلمت والأساليب الأدبية المناسبة لنصوصهم.",G8.2.2.1.1,يُحِّدُد اَلأحداَث الّتي تُطِّوُر اُلحبكَةُ موِّضًحا كيَف يُفِّسُر كُّل َحدٍث اَلأفعاَل الماضيَة والمُستَقبَليَّة للَّشخصيّاِت في الِّروايِة.,,,,,,,,,,,,,,,,,
Grade 8,الوحدة الرابعة,4.1,قِصٌة: وداًعا يا أِحبَّائي,4.1.4,القراءة,قراءة النصوص الادبية / تحليل النص,"أن يحدد المتعلم جوانب معينة في النصوص الأدبية ويفهمها،ويحلل عناصر النص وخيارات المؤلفين في اختيار الكلمت والأساليب الأدبية المناسبة لنصوصهم.",G8.2.2.1.3,يَتَتَبَّع الّسرَد والَوْصف والحواَر في الِقَصص موّضًحا وظائِفها.,,,,,,,,,,,,,,,,,
Grade 8,الوحدة الرابعة,4.1,قِصٌة: وداًعا يا أِحبَّائي,4.1.4,القراءة,قراءة النصوص الادبية / تحليل النص,"أن يحدد المتعلم جوانب معينة في النصوص الأدبية ويفهمها،ويحلل عناصر النص وخيارات المؤلفين في اختيار الكلمت والأساليب الأدبية المناسبة لنصوصهم.",G8.2.2.1.2,يُحِّلل الشخصيا ِت من خلال أَقوالِها وأَفعالِها.,,,,,,,,,,,,,,,,,
Grade 8,الوحدة الرابعة,4.1,قِصٌة: وداًعا يا أِحبَّائي,4.1.4,اللغة (المعجم),اللغة/اكتساب المفردات واستخدامها (المعجم),أن يفسر المفردات الجديدة من خلال سياقاتها المختلفة,G8.6.1.3.1,"يُفِّسُر الَكِلمات مستَخِدًما المُعَجَم الَوَرقَّي أَو الَّرقمي، َويستَخِدُمها في سياقات تُعِّزُز َمعناها.",,,,,,,,,,,,,,,,,
Grade 8,الوحدة الرابعة,4.1,نصَ معلوماتِّي : صناعُة الُّسُفِن الَخَشبيَّة في دْولِةالإماراِت ,4.1.5,القراءة,قراءة النصوص المعلوماتية / معرفة الفكر الرئيسية والتفاصيل,"أن يقرأ المتعلم النص المعلوماتي بعمق وشمولية، ويحدد الفكرة المركزية والفكر الرئيسة، ويستنتج العلاقات ضمن النص الواحد وبين النصوص المختلفة.",G8.3.1.1.1,يُحِّدُد الِفَكَر الَّرئيسَة للنَّص بعَد تحليِلِه المعلوماِت الواردَة مْستشِهًدا بمصادَر  ُمتعِّدَدٍة مَن الأدلَّة.,,,,,,,,,,,,,,,,,
Grade 8,الوحدة الرابعة,4.1,نصَ معلوماتِّي : صناعُة الُّسُفِن الَخَشبيَّة في دْولِةالإماراِت ,4.1.5,اللغة (المعجم),اللغة/اكتساب المفردات واستخدامها (المعجم),أن ينمي المتعلم معجمه اللغوي بالمصطلحات في مجالاتها العلمية والحياتية,G8.6.1.4.2,يفِّسُرُ مْصَطلحاٍت عْلميَّة في مجاِل الُعلوِم الإنسانيَّة.,,,,,,,,,,,,,,,,,
Grade 8,الوحدة الرابعة,4.2,رجاُل اللّؤلُؤ,4.2.1,الاستماع والمحادثة,الاستماع / استيعاب المعرفة وتقديمها,"أن يظهر المتعلم فهما لمواد مسموعة، ويتواصـل مع الآخرين مقدما المعلومات والنتائج المدعومة بالأدلة لإقناع المستمعين واستمالتهم نحو الموضوع مستخدما اللغة العربية الفصيحة.",G8.5.1.2.1,"يَستَوِعب المُتَعِّلُم الماَّدَة المسموعَة (قصًة واِقعيَّة، َخياليَّة، وجهَة نَظٍر، َمقاًلا) ويقِّوُم مصداقيَّة الشخصيّات،  والحَجِج، وتنظيُم الِفْكِر، والأْحداث، والأْسلوب من خلاِل أحكاٍم مدعوَمٍة بأدلَّة.",,,,,,,,,,,,,,,,,
Grade 8,الوحدة الرابعة,4.3,البَحُر أَسراٌر وثَرواٌت,4.3.1,الاستماع والمحادثة,الاستماع / استيعاب المعرفة وتقديمها,"أن يظهر المتعلم فهما لمواد مسموعة، ويتواصـل مع الآخرين مقدما المعلومات والنتائج المدعومة بالأدلة لإقناع المستمعين واستمالتهم نحو الموضوع مستخدما اللغة العربية الفصيحة.",G8.5.1.2.2,"يُقِّدُم المتعِّلُم عْرًضاَ شفويًّا إْقناِعيًّاُ منَّظًما عْن ظاِهَرٍة أْوُ مْشِكَلٍة ، يَعِرُض فيِه  اَلأْسباَب والنَّتائِج ،ُ مْقتِرًحا اُلحلوَل ،ُ مْستخِدًما إِْستراتيجيّاِت الَكلاِم المتَضَّمنَة:َ ضْبَط التَّنغيِم، وَوضوَح الَّصْوِت، وتَوقيَت الَكلاِم، والاتِّصاَل البَصرَّي،ُ معبِّرا عْن وْجَهِة نَظِرِه في الماَّدِة المْعروَضِة.",,,,,,,,,,,,,,,,,
Grade 8,الوحدة الرابعة,4.4,فعُل الأَمِر,4.4.1,اللغة (النحو والصرف),اللغة / بنية اللغة العربية (النحو والصرف),"أن يتعرف المتعلم المفاهيم النحوية والصرفية، ويستخدمها استخداما صحيحا.",G8.6.2.2.10,"يتعَّرف المتَعِّلُم فعَل الأمِر، وحالات بِنائِه.",فعل الأمر,,,,,,,,,,,,,,,,
Grade 8,الوحدة الرابعة,4.5,متى تُخِّطُط لُمْستَقبَلِك؟َ وَكيَف؟,4.5.1,الكتابة,الكتابة / انتاج الأعمال الكتابية ونشرها,"ان ينتج المتعلم نصوصا سردية و معلوماتية واقناعية و وصفية ، وأن تظهر كتابته تقيده بالسلامة اللغوية",G8.4.2.4.2,"يكتُب نُصوًصا تَفسيريًّة (وصٌف، شرٌح، مقارنٌة ومقابلٌة،ُ مشكلٌة وحٌّل) ليعرَض وجهَة نَظرِه التي تَناولَها  مقّدًما أَدلَّة مقنعًة وأَمثلًة.",كتابة نص تفسيري من فقرات متعددة ,,,,,,,,,,,,,,,,
Grade 8,الوحدة الرابعة,4.5,متى تُخِّطُط لُمْستَقبَلِك؟َ وَكيَف؟,4.5.1,الكتابة,الكتابة / البحث عن المعلومات,أن يبحث المتعلم عن المعلومات ويطبقها في موضوعات كتابية تستند إلى أغراض محددة تظهر فهمه بالمادة التي يبحث عنها وتتناسب مع غرض الكتابة وطبيعتها.,G8.4.1.1.2,يطبُّق إستراتيجياِت البَحِث عِن الماّدِة.,,,,,,,,,,,,,,,,,
Grade 8,الوحدة الرابعة,4.5,متى تُخِّطُط لُمْستَقبَلِك؟َ وَكيَف؟,4.5.1,الكتابة,الكتابة / انتاج الأعمال الكتابية و نشرها,أن يستخدم المتعلم التكنولوجيا بما فيها الإنترنت وغيرها من المصادر لينتج وينشر عملا كتابيا متفاعلا مع الآخرين,G8.4.2.5.2,يشارُك بكتاباتِه ونِتاجاِت بعِض المَؤلّفَين مَع الآخريَنِ منِ خلاِل المجّلاِت والّصحِف ووسائَلَ رْقميٍة أخرى,,,,,,,,,,,,,,,,,
Grade 8,الوحدة الرابعة,4.5,متى تُخِّطُط لُمْستَقبَلِك؟َ وَكيَف؟,4.5.1,اللغة (البلاغة),اللغة / بنية اللغة العربية (البلاغة),"أن يتعرف المتعلم المفاهيم البلاغية، ويتذوقها ويوظفها في إنتاجه اللغوي",G8.6.5.1.1,"يتعَّرف التّشبيَه المُرسَل والمؤّكَد ويُحّلُلهما، موّضًحا مواطَن الجماِل فيهما، ويُنتِجهما في ُجمٍل من إنْشائِه.","التشبيه المرسل، والتشبيه المؤكد",,,,,,,,,,,,,,,,
Grade 8,الوحدة الخامسة,5.1,النهر المتجمد,5.1.1,القراءة,قراءة النصوص الادبية / معرفة الفكر الرئيسة و التفاصيل,"أن يحدد المتعلم الفكر الرئيسة والتفاصيل المساندة التي تسهم في توضيح الفكرة الرئيسة، أو الرسالة العامة، أو الدروس المقدمة في النصوص الأدبية",G8.2.1.1.1,"يُحِّدُد المَعنى الإجمالي لِلنَّص الأَدبِّي، مَوِّضًحا الِفَكَر الّرئيَسَة والجْزئِيَّة والتّفاصيَل المُسانِدَة فيِه.",,,,,,,,,,,,,,,,,
Grade 8,الوحدة الخامسة,5.1,النهر المتجمد,5.1.1,القراءة,قراءة النصوص الادبية / معرفة الفكر الرئيسة و التفاصيل,"أن يحدد المتعلم الفكر الرئيسة والتفاصيل المساندة التي تسهم في توضيح الفكرة الرئيسة، أو الرسالة العامة، أو الدروس المقدمة في النصوص الأدبية",G8.2.1.1.4,يُحِّلل النُّصوص الأدبِيَّة في سياقاتِها المُختَلَفِة.,,,,,,,,,,,,,,,,,
Grade 8,الوحدة الخامسة,5.1,النهر المتجمد,5.1.1,القراءة,قراءة النصوص الادبية / معرفة الفكر الرئيسة و التفاصيل,"أن يحدد المتعلم الفكر الرئيسة والتفاصيل المساندة التي تسهم في توضيح الفكرة الرئيسة، أو الرسالة العامة، أو الدروس المقدمة في النصوص الأدبية",G8.2.1.1.2,يُفِّسُرَ كِلماِت النَّص اَلأَدِّبيُ مْستَنبِطا الّدلالاِت التَّعبيريَّة فيِه.,,,,,,,,,,,,,,,,,
Grade 8,الوحدة الخامسة,5.1,النهر المتجمد,5.1.1,اللغة (المعجم),اللغة/اكتساب المفردات واستخدامها (المعجم),أن يفسر المفردات الجديدة من خلال سياقاتها المختلفة,G8.6.1.3.1,"يُفِّسُر الَكِلماِتُ مْستَخِدًما المُعَجَم الَوَرقَّيَ والَّرْقِمَّي ،َ ويَستَخِدُمها في سياقاٍت تُعِّزُزَ معناها.",,,,,,,,,,,,,,,,,
Grade 8,الوحدة الخامسة,5.1,النهر المتجمد,5.1.1,القراءة,قراءة النصوص الادبية / تكامل المعرفة مع الفكر,"أن يقرأ المتعلم نصوصا شعرية وأعمالاً نثرية متنوعة ويقمها ويحللها، ويــدمــج الفكر المقدمة فيها؛ لبناء معرفة وفهم جديدين عن الفكرة المحورية، والرسائل المتضمنة في الأعمال الأدبية.",G8.2.3.1.3,يَحَفظ عددا من أَبياَت النَّص الِّشعرِّي.,,,,,,,,,,,,,,,,,
Grade 8,الوحدة الخامسة,5.2,غولة النهر,5.2.1,القراءة,قراءة النصوص الادبية / تحليل النص,"أن يحدد المتعلم جوانب معينة في النصوص الأدبية ويفهمها،ويحلل عناصر النص وخيارات المؤلفين في اختيار الكلمت والأساليب الأدبية المناسبة لنصوصهم.",G8.2.2.1.2,"يحِّلُل المُتعِّلُم الَّشخصيات ِمْن خلاِل أفكاِرها وأفعالِها وأقوالِها، وِمْن خلاِل أَقواِل الَّشخصيات الأخرى   عْنها، ُمستخِدًماَ الَوسائِل الَّرقميَّة، ُمستِدلا على ما يَعرضُه بِأدلَّة ِمَن النَّص",,,,,,,,,,,,,,,,,
Grade 8,الوحدة الخامسة,5.2,غولة النهر,5.2.1,القراءة,قراءة النصوص الادبية / تكامل المعرفة مع الفكر,"أن يقرأ المتعلم نصوصا شعرية وأعمالاً نثرية متنوعة ويقمها ويحللها، ويــدمــج الفكر المقدمة فيها؛ لبناء معرفة وفهم جديدين عن الفكرة المحورية، والرسائل المتضمنة في الأعمال الأدبية.",G8.2.3.1.2,يتعرف المتعلم الأسطورة وسماتها الفنية,,,,,,,,,,,,,,,,,
Grade 8,الوحدة الخامسة,5.2,غولة النهر,5.2.1,اللغة (المعجم),اللغة/اكتساب المفردات واستخدامها (المعجم),أن يفسر المفردات الجديدة من خلال سياقاتها المختلفة,G8.6.1.3.1,"يُفِّسُر المتعّلُم الكلمات ُمستعينًا بالمعجِم الورقِّي والَّرقمِّي، ويستخدُمها في سياقات تعِّزُز مْعناها.",,,,,,,,,,,,,,,,,
Grade 8,الوحدة الخامسة,5.2,غولة النهر,5.2.1,القراءة,قراءة النصوص الادبية / تحليل النص,"أن يحدد المتعلم جوانب معينة في النصوص الأدبية ويفهمها،ويحلل عناصر النص وخيارات المؤلفين في اختيار الكلمت والأساليب الأدبية المناسبة لنصوصهم.",G8.2.2.1.3,يتعرف المتعلم تقنيات السرد والوصف والحوار في الكتابة القصصية,,,,,,,,,,,,,,,,,
Grade 8,الوحدة الخامسة,5.3,حدادو جبل (بولوفا) - (فنلندا),5.3.1,القراءة,قراءة النصوص الادبية / تحليل النص,"أن يحدد المتعلم جوانب معينة في النصوص الأدبية ويفهمها،ويحلل عناصر النص وخيارات المؤلفين في اختيار الكلمت والأساليب الأدبية المناسبة لنصوصهم.",G8.2.2.1.2,"يحِّلُل المُتعِّلُم الَّشخصيات ِمْن خلاِل أفكاِرها وأفعالِها وأقوالِها، وِمْن خلاِل أَقواِل الَّشخصيات الأخرى   عْنها، ُمستخِدًماَ الَوسائِل الَّرقميَّة، ُمستِدلا على ما يَعرضُه بِأدلَّة ِمَن النَّص",,,,,,,,,,,,,,,,,
Grade 8,الوحدة الخامسة,5.3,حدادو جبل (بولوفا) - (فنلندا),5.3.1,القراءة,قراءة النصوص الادبية / تكامل المعرفة مع الفكر,"أن يقرأ المتعلم نصوصا شعرية وأعمالاً نثرية متنوعة ويقمها ويحللها، ويــدمــج الفكر المقدمة فيها؛ لبناء معرفة وفهم جديدين عن الفكرة المحورية، والرسائل المتضمنة في الأعمال الأدبية.",G8.2.3.1.2,يتعرف المتعلم الأسطورة وسماتها الفنية,,,,,,,,,,,,,,,,,
Grade 8,الوحدة الخامسة,5.3,حدادو جبل (بولوفا) - (فنلندا),5.3.1,اللغة (المعجم),اللغة/اكتساب المفردات واستخدامها (المعجم),أن يفسر المفردات الجديدة من خلال سياقاتها المختلفة,G8.6.1.3.1,"يُفِّسُر المتعّلُم الكلمات ُمستعينًا بالمعجِم الورقِّي والَّرقمِّي، ويستخدُمها في سياقات تعِّزُز مْعناها.",,,,,,,,,,,,,,,,,
Grade 8,الوحدة الخامسة,5.4,جمهورية الهند,5.4.1,القراءة,قراءة النصوص المعلوماتية / معرفة الفكر الرئيسية والتفاصيل,"أن يقرأ المتعلم النص المعلوماتي بعمق وشمولية، ويحدد الفكرة المركزية والفكر الرئيسة، ويستنتج العلاقات ضمن النص الواحد وبين النصوص المختلفة.",G8.3.1.1.1,"يُحّدُد المتعلم الِفَكَر الّرئيَسَة للنّص بْعَد تَحليِله المعلوماِت الصريحه والضمنيه مستَشِهًدا بمصاِدَرُ متَعِّددٍة مَن اَلأِدلَّة التي تدعم تحليله مثل (إحصاءات وأرقام، تجارب، مواقف)",,,,,,,,,,,,,,,,,
Grade 8,الوحدة الخامسة,5.4,جمهورية الهند,5.4.1,القراءة,قراءة النصوص المعلوماتية / معرفة الفكر الرئيسية والتفاصيل,"أن يقرأ المتعلم النص المعلوماتي بعمق وشمولية، ويحدد الفكرة المركزية والفكر الرئيسة، ويستنتج العلاقات ضمن النص الواحد وبين النصوص المختلفة.",G8.3.1.1.3,"يصُف بالتّْفصيِل كْيَف عَرَض المؤلُف فكرتيِن رئيَستيِن أوأكثَر في النّص ، مستدًّلا بأمثَلة تُوِّضُحَ وصَفُه ، محّدًدا العلاقاِت بيَن الِفَكِر الّتي وصَفها",,,,,,,,,,,,,,,,,
Grade 8,الوحدة الخامسة,5.5,الأساطير,5.5.1,القراءة,قراءة النصوص المعلوماتية / معرفة الفكر الرئيسية والتفاصيل,"أن يقرأ المتعلم النص المعلوماتي بعمق وشمولية، ويحدد الفكرة المركزية والفكر الرئيسة، ويستنتج العلاقات ضمن النص الواحد وبين النصوص المختلفة.",G8.3.1.1.1,يُحِّدُد الِفَكَر الَّرئيسَة لِلنَّص بعَد تَحليِلِه المَعلوماِت الواِرَدَةُ مْستَشِهًدا بِمصاِدَرُ متَعِّدَدٍةِ مَن اَلأِدلَّة.,,,,,,,,,,,,,,,,,
Grade 8,الوحدة الخامسة,5.5,الأساطير,5.5.1,اللغة (المعجم),اللغة/اكتساب المفردات واستخدامها (المعجم),أن ينمي المتعلم معجمه اللغوي بالمصطلحات في مجالاتها العلمية والحياتية,G8.6.1.4.2,يُفِّسُرُ مْصَطَلحاٍت عْلِميَّة فيَ مجاِل الُعلوِم اِلإنسانِيَّة.,,,,,,,,,,,,,,,,,
Grade 8,الوحدة الخامسة,5.6,العنقاء أو الفينيق,5.6.1,الاستماع والمحادثة,الاستماع/ استيعاب المعرفة وتقديمها,"أن يظهر المتعلم فهما لمواد مسموعة، ويتواصـل مع الآخرين مقدما المعلومات والنتائج المدعومة بالأدلة لإقناع المستمعين واستمالتهم نحو الموضوع مستخدما اللغة العربية الفصيحة.",G8.5.1.2.1,"يَستَوِعب المُتَعِّلُم الماَّدَة المسموعَة (قصًة واِقعيَّة، َخياليَّة، وجهَة نَظٍر، َمقاًلا) ويقِّوُم مصداقيَّة الشخصيّات،  والحَجِج، وتنظيُم الِفْكِر، والأْحداث، والأْسلوب من خلاِل أحكاٍم مدعوَمٍة بأدلَّة.",,,,,,,,,,,,,,,,,
Grade 8,الوحدة الخامسة,5.7,تلخيص أسطورة,5.7.1,الاستماع والمحادثة,االمحادثة/ استيعاب المعرفة وتقديمها,"أن يستخدم المتعلم الوسائط الرقمية في العروض البصرية للتعبير عن المعلومات، ويفهم المــادة المعروضة من خلال هذه الوسائط.",G8.5.1.5.1,يقدم المتعلم تلخيصا شفويا للكتاب أو مقال يحدد فيه الغاية ووجهات النظر المقدمة بأشكال شفوية أو مرئية باستخدام الوسائط المتعددة,,,,,,,,,,,,,,,,,
Grade 8,الوحدة الخامسة,5.8,التركيب الإضافي,5.8.1,اللغة (النحو والصرف),اللغة/ بنية اللغة العربية (النحو والصرف),"أن يتعرف المتعلم المفاهيم النحوية والصرفية، ويستخدمها استخداما صحيحا.",G8.6.2.2.5,يتعرف المتعلم التركيب الإضافي ويعربه إعرابا صحيحا ويوظفه في كتابته,المضاف إليه,,,,,,,,,,,,,,,,
Grade 8,الوحدة الخامسة,5.9,التعصب الأعمى للأفكار والأشياء,5.9.1,الكتابة,الكتابة / انتاج الأعمال الكتابية و نشرها,"ان ينتج المتعلم نصوصا سردية و معلوماتية واقناعية و وصفية ، وأن تظهر كتابته تقيده بالسلامة اللغوية",G8.4.2.4.2,"يكتب نصوصا تفسيرية (وصف ، شرح مقارنة ومقابلة ، مشكلة وحل) ليعرض وجهة نظره التي تناولها مقدما أدلة مقنعة وأمثلة",كتابة نص تفسيري من فقرات متعددة ,,,,,,,,,,,,,,,,
Grade 8,الوحدة الخامسة,5.9,التعصب الأعمى للأفكار والأشياء,5.9.1,الكتابة,الكتابة / البحث عن المعلومات,أن يبحث المتعلم عن المعلومات ويطبقها في موضوعات كتابية تستند إلى أغراض محددة تظهر فهمه بالمادة التي يبحث عنها وتتناسب مع غرض الكتابة وطبيعتها.,G8.4.1.1.2,يطبق استراتيجيات البحث عن المادة,,,,,,,,,,,,,,,,,
Grade 8,الوحدة الخامسة,5.9,التعصب الأعمى للأفكار والأشياء,5.9.1,اللغة (البلاغة),اللغة / بنية اللغة العربية (البلاغة),"أن يتعرف المتعلم المفاهيم البلاغية، ويتذوقها ويوظفها في إنتاجه اللغوي",G9.6.5.1.4,يتعرف الاستعارة ويحللها وينتجها في جمل من إنشائه,الاستعارة,,,,,,,,,,,,,,,,
Grade 8,الوحدة السادسة,6.1,الإمارات نبض روحي وقلبي,6.1.1,القراءة,قراءة النصوص الادبية / معرفة الفكر الرئيسة و التفاصيل,"أن يحدد المتعلم الفكر الرئيسة والتفاصيل المساندة التي تسهم في توضيح الفكرة الرئيسة، أو الرسالة العامة، أو الدروس المقدمة في النصوص الأدبية",G8.2.1.1.1,يحلل المتعلم النص الشعري تحليلا فكريا ونقديا وبلاغيا موضحا فكره الرئيسة والفرعية,,,,,,,,,,,,,,,,,
Grade 8,الوحدة السادسة,6.1,الإمارات نبض روحي وقلبي,6.1.1,القراءة,قراءة النصوص الادبية / تكامل المعرفة مع الفكر,"أن يقرأ المتعلم نصوصا شعرية وأعمالاً نثرية متنوعة ويقمها ويحللها، ويــدمــج الفكر المقدمة فيها؛ لبناء معرفة وفهم جديدين عن الفكرة المحورية، والرسائل المتضمنة في الأعمال الأدبية.",G8.2.3.1.3,يحفظ عشرة آبيات من القصيدة,,,,,,,,,,,,,,,,,
Grade 8,الوحدة السادسة,6.2,الحوض المسحور,6.2.1,القراءة,قراءة النصوص الادبية / تحليل النص,"أن يحدد المتعلم جوانب معينة في النصوص الأدبية ويفهمها،ويحلل عناصر النص وخيارات المؤلفين في اختيار الكلمت والأساليب الأدبية المناسبة لنصوصهم.",G8.2.2.1.1,يُحِّدُد اَلأحداَث الّتي تُطِّوُر اُلحبكَةُ موِّضًحا كيَف يُفِّسُر كُّل َحدٍث اَلأفعاَل الماضيَة والمُستَقبَليَّة للَّشخصيّاِت في الِّروايِة.,,,,,,,,,,,,,,,,,
Grade 8,الوحدة السادسة,6.2,الحوض المسحور,6.2.1,القراءة,قراءة النصوص الادبية / تحليل النص,"أن يحدد المتعلم جوانب معينة في النصوص الأدبية ويفهمها،ويحلل عناصر النص وخيارات المؤلفين في اختيار الكلمت والأساليب الأدبية المناسبة لنصوصهم.",G8.2.2.1.3,يَتَتَبَّع الّسرَد والَوْصف والحواَر في الِقَصص موّضًحا وظائِفها.,,,,,,,,,,,,,,,,,
Grade 8,الوحدة السادسة,6.2,الحوض المسحور,6.2.1,القراءة,قراءة النصوص الادبية / تحليل النص,"أن يحدد المتعلم جوانب معينة في النصوص الأدبية ويفهمها،ويحلل عناصر النص وخيارات المؤلفين في اختيار الكلمت والأساليب الأدبية المناسبة لنصوصهم.",G8.2.2.1.2,يُحِّلل الشخصيا ِت من خلال أَقوالِها وأَفعالِها.,,,,,,,,,,,,,,,,,
Grade 8,الوحدة السادسة,6.2,الحوض المسحور,6.2.1,القراءة,قراءة النصوص الادبية / معرفة الفكر الرئيسة و التفاصيل,"أن يحدد المتعلم الفكر الرئيسة والتفاصيل المساندة التي تسهم في توضيح الفكرة الرئيسة، أو الرسالة العامة، أو الدروس المقدمة في النصوص الأدبية",G8.2.2.1.1,يتعرف مفهوم الحكاية الشعبية ويحللها.,,,,,,,,,,,,,,,,,
Grade 8,الوحدة السادسة,6.2,الحوض المسحور,6.2.1,اللغة (المعجم),اللغة/اكتساب المفردات واستخدامها (المعجم),أن يفسر المفردات الجديدة من خلال سياقاتها المختلفة,G8.6.1.3.1,"يُفِّسُر الَكِلمات مستَخِدًما المُعَجَم الَوَرقَّي أَو الَّرقمي، َويستَخِدُمها في سياقات تُعِّزُز َمعناها.",,,,,,,,,,,,,,,,,
Grade 8,الوحدة السادسة,6.3,الميزان والذهب,6.3.1,القراءة,قراءة النصوص الادبية / معرفة الفكر الرئيسة و التفاصيل,"أن يحدد المتعلم الفكر الرئيسة والتفاصيل المساندة التي تسهم في توضيح الفكرة الرئيسة، أو الرسالة العامة، أو الدروس المقدمة في النصوص الأدبية",G8.2.2.1.1,يتعرف مفهوم الحكاية الشعبية ويحللها.,,,,,,,,,,,,,,,,,
Grade 8,الوحدة السادسة,6.3,الميزان والذهب,6.3.1,القراءة,قراءة النصوص الادبية / تحليل النص,"أن يحدد المتعلم جوانب معينة في النصوص الأدبية ويفهمها،ويحلل عناصر النص وخيارات المؤلفين في اختيار الكلمت والأساليب الأدبية المناسبة لنصوصهم.",G8.2.2.1.3,يتبع السرد والوصف والحوار في القصص موضحا وظائفها,,,,,,,,,,,,,,,,,
Grade 8,الوحدة السادسة,6.3,الميزان والذهب,6.3.1,القراءة,قراءة النصوص الادبية / تحليل النص,"أن يحدد المتعلم جوانب معينة في النصوص الأدبية ويفهمها،ويحلل عناصر النص وخيارات المؤلفين في اختيار الكلمت والأساليب الأدبية المناسبة لنصوصهم.",G8.2.2.1.2,يحلل الشخصيات من خلال أقوالها وأفعالها,,,,,,,,,,,,,,,,,
Grade 8,الوحدة السادسة,6.3,الميزان والذهب,6.3.1,اللغة (المعجم),اللغة / اكتساب المفردات واستخدامها (المعجم),أن يفسر المفردات الجديدة من خلال سياقاتها المختلفة,G8.6.1.3.1,يفسر الكلمات مستخدما المعجم الورقي او الرقمي ويستخدمها في سياقات تعزز معناها,,,,,,,,,,,,,,,,,
Grade 8,الوحدة السادسة,6.4,معدن الذهب,6.4.1,القراءة,قراءة النصوص المعلوماتية / معرفة الفكر الرئيسية والتفاصيل,"أن يقرأ المتعلم النص المعلوماتي بعمق وشمولية، ويحدد الفكرة المركزية والفكر الرئيسة، ويستنتج العلاقات ضمن النص الواحد وبين النصوص المختلفة.",G8.3.1.1.1,يحدد الفكرة الرئيسة للنص بعد تحليله المعلومات الواردة مستشهدا بمصادر متعددة من الأدلة,,,,,,,,,,,,,,,,,
Grade 8,الوحدة السادسة,6.4,معدن الذهب,6.4.1,القراءة,قراءة النصوص المعلوماتية / معرفة الفكر الرئيسية والتفاصيل,"أن يقرأ المتعلم النص المعلوماتي بعمق وشمولية، ويحدد الفكرة المركزية والفكر الرئيسة، ويستنتج العلاقات ضمن النص الواحد وبين النصوص المختلفة.",G8.3.1.1.3,يصف بالتفصيل كيف عرض المؤلف فكرتين رئيستين أو أكثر في النص مستدلا بأمثلة توضح وصفه محددا العلافاتا بين الفكر التي وصفها,,,,,,,,,,,,,,,,,
Grade 8,الوحدة السادسة,6.4,معدن الذهب,6.4.1,اللغة (المعجم),اللغة / اكتساب المفردات واستخدامها (المعجم),أن ينمي المتعلم معجمه اللغوي بالمصطلحات في مجالاتها العلمية والحياتية,G8.6.1.4.1,يفسر مصطلحات علمية في مجال العلوم التطبيقية,,,,,,,,,,,,,,,,,
Grade 8,الوحدة السادسة,6.5,السندباد البحري,6.5.1,القراءة,قراءة النصوص المعلوماتية / معرفة الفكر الرئيسية والتفاصيل,"أن يقرأ المتعلم النص المعلوماتي بعمق وشمولية، ويحدد الفكرة المركزية والفكر الرئيسة، ويستنتج العلاقات ضمن النص الواحد وبين النصوص المختلفة.",G8.3.1.1.1,"يُحّدُد المتعلم الِفَكَر الّرئيَسَة للنّص بْعَد تَحليِله المعلوماِت الصريحه والضمنيه مستَشِهًدا بمصاِدَرُ متَعِّددٍة مَن اَلأِدلَّة التي تدعم تحليله مثل (إحصاءات وأرقام، تجارب، مواقف)",,,,,,,,,,,,,,,,,
Grade 8,الوحدة السادسة,6.5,السندباد البحري,6.5.1,القراءة,قراءة النصوص المعلوماتية / معرفة الفكر الرئيسية والتفاصيل,"أن يقرأ المتعلم النص المعلوماتي بعمق وشمولية، ويحدد الفكرة المركزية والفكر الرئيسة، ويستنتج العلاقات ضمن النص الواحد وبين النصوص المختلفة.",G8.3.1.1.3,"يصُف بالتّْفصيِل كْيَف عَرَض المؤلُف فكرتيِن رئيَستيِن أوأكثَر في النّص ، مستدًّلا بأمثَلة تُوِّضُحَ وصَفُه ، محّدًدا العلاقاِت بيَن الِفَكِر الّتي وصَفها",,,,,,,,,,,,,,,,,
Grade 8,الوحدة السادسة,6.5,السندباد البحري,6.5.1,اللغة (المعجم),اللغة / المفردات واستخدامها (المعجم),أن ينمي المتعلم معجمه اللغوي بالمصطلحات في مجالاتها العلمية والحياتية,G8.6.1.4.2,يُفِّسُرُ مْصَطَلحاٍت عْلِميَّة فيَ مجاِل الُعلوِم اِلإنسانِيَّة.,,,,,,,,,,,,,,,,,
Grade 8,الوحدة السادسة,6.6,الحكواتي,6.6.1,الاستماع والمحادثة,الاستماع / استيعاب المعرفة وتقديمها,"أن يظهر المتعلم فهما لمواد مسموعة، ويتواصـل مع الآخرين مقدما المعلومات والنتائج المدعومة بالأدلة لإقناع المستمعين واستمالتهم نحو الموضوع مستخدما اللغة العربية الفصيحة.",G8.5.1.2.1,"يستوعب المتعلم المادة المسموعة (قصة واقعية، خيالية ، وجهة نظر ، مقالا) ويقوم مصداقية الشخصيات والحجج وتنظيم الفكر والأحداث والأسلوب من خلال أحكام مدعومة بأدلة مقنعة",,,,,,,,,,,,,,,,,
Grade 8,الوحدة السادسة,6.7,الحكايات الشعبية,6.7.1,الاستماع والمحادثة,المحادثة / استيعاب المعرفة وتقديمها,"أن يستخدم المتعلم الوسائط الرقمية في العروض البصرية للتعبير عن المعلومات، ويفهم المــادة المعروضة من خلال هذه الوسائط.",G8.5.1.5.1,يقدم المتعلم تلخيصا شفويا لكتاب أو مقال يحدد فيه الغاية ووجهات النظر المقدمة بأشكال شفوية أو مرئية باستخدام الوسائط المتعددة,,,,,,,,,,,,,,,,,
Grade 8,الوحدة السادسة,6.8,ضمائر الجر المتصلة,6.8.1,اللغة (النحو والصرف),اللغة/ بنية اللغة العربية (النحو والصرف),"أن يتعرف المتعلم المفاهيم النحوية والصرفية، ويستخدمها استخداما صحيحا.",G8.6.2.2.11,يتعرف المتعلم ضمائر الجر المتصلة,ضمائر الجر المتصلة,"ضمائر الجرَ المتصلة بالأسماء
ضمائر الجرَ المتصلة بأحرف الجرّ","ضمائر الجرَ المتصلة بالأسماء
ضمائر الجرَ المتصلة بأحرف الجرّ",,,,,,,,,,,,,,
Grade 8,الوحدة السادسة,6.9,المنافسة غير الشريفة,6.9.1,الكتابة,الكتابة / انتاج الأعمال الكتابية و نشرها,"ان ينتج المتعلم نصوصا سردية و معلوماتية واقناعية و وصفية ، وأن تظهر كتابته تقيده بالسلامة اللغوية",G8.4.2.4.2,"يكتب نصوصا تفسيرية (وصف ، شرح مقارنة ومقابلة ، مشكلة وحل) ليعرض وجهة نظره التي تناولها مقدما أدلة مقنعة وأمثلة",كتابة نص تفسيري من فقرات متعددة ,,,,,,,,,,,,,,,,
Grade 8,الوحدة السادسة,6.9,المنافسة غير الشريفة,6.9.1,الكتابة,الكتابة / البحث عن المعلومات,أن يبحث المتعلم عن المعلومات ويطبقها في موضوعات كتابية تستند إلى أغراض محددة تظهر فهمه بالمادة التي يبحث عنها وتتناسب مع غرض الكتابة وطبيعتها.,G8.4.1.1.2,يطبق استراتيجيات البحث عن المادة,,,,,,,,,,,,,,,,,
Grade 8,الوحدة السادسة,6.9,المنافسة غير الشريفة,6.9.1,اللغة (البلاغة),اللغة / بنية اللغة العربية (البلاغة),"أن يتعرف المتعلم المفاهيم البلاغية، ويتذوقها ويوظفها في إنتاجه اللغوي",G9.6.5.1.4,يتعرف الاستعارة ويحللها وينتجها في جمل من إنشائه,الاستعارة,,,,,,,,,,,,,,,,
Grade 9,الباب الأول,1.1,الُقرآُن الكريُم,1.1.1,القراءة,الُقرآُن الكريُم والحديُث الّشريُف,,1.1.1.1,الُقرآُن الكريُم,,,,,,,,,,,,,,,,,
Grade 9,الباب الأول,1.1,أحاديُث شريفٌة,1.1.2,القراءة,الُقرآُن الكريُم والحديُث الّشريُف,,1.1.2.1,أحاديُث شريفٌة,,,,,,,,,,,,,,,,,
Grade 9,الباب الثاني,2.1,الِّشعُر الجاهلُّي,2.1.1,القراءة,النّصوُص الأدبّيُة,,2.1.1.1,غذوتك مولودا - أمية بن أبي الصلت,,,,,,,,,,,,,,,,,
Grade 9,الباب الثاني,2.1,الِّشعُر الجاهلُّي,2.1.1,القراءة,النّصوُص الأدبّيُة,,2.1.1.2,وصية أب - عبدة بن الطبيب,,,,,,,,,,,,,,,,,
Grade 9,الباب الثاني,2.1,الِّشعُر في عصِر صدِر الإسلاِم والَعصِر الأموِّي,2.1.2,القراءة,النّصوُص الأدبّيُة,,2.1.2.1,قال المقنع الكندي,,,,,,,,,,,,,,,,,
Grade 9,الباب الثاني,2.1,الِّشعُر في عصِر صدِر الإسلاِم والَعصِر الأموِّي,2.1.2,القراءة,النّصوُص الأدبّيُة,,2.1.2.2,قال الصلتان العبدي,,,,,,,,,,,,,,,,,
Grade 9,الباب الثاني,2.1,الِّشعُر في عصِر صدِر الإسلاِم والَعصِر الأموِّي,2.1.2,القراءة,النّصوُص الأدبّيُة,,2.1.2.3,قال يزيد بن الحكم الثقفي يعظ ابنه بدرا,,,,,,,,,,,,,,,,,
Grade 9,الباب الثاني,2.1,الشعر في العصر العباسي,2.1.3,القراءة,النّصوُص الأدبّيُة,,2.1.3.1,قال أبو الطيب المتنبي,,,,,,,,,,,,,,,,,
Grade 9,الباب الثاني,2.1,الشعر في العصر العباسي,2.1.3,القراءة,النّصوُص الأدبّيُة,,2.1.3.2,قال أبو فراس الحمداني,,,,,,,,,,,,,,,,,
Grade 9,الباب الثاني,2.1,الّشعُر العربُّي الحديِث ,2.1.4,القراءة,النّصوُص الأدبّيُة,,2.1.4.1,لن أبكي للشاعرة فدوى طوقان,,,,,,,,,,,,,,,,,
Grade 9,الباب الثاني,2.1,الّشعُر العربُّي الحديِث ,2.1.4,القراءة,النّصوُص الأدبّيُة,,2.1.4.2,خواطر الغروب - للشاعر إبراهيم ناجي,,,,,,,,,,,,,,,,,
Grade 9,الباب الثاني,2.1,الّشعُر العربُّي الحديِث ,2.1.4,القراءة,النّصوُص الأدبّيُة,,2.1.4.3,قال محمود سامي البارودي,,,,,,,,,,,,,,,,,
Grade 9,الباب الثاني,2.1,الحركة الشعِرية في دولة الإمارات العربية المتحدة,2.1.5,القراءة,النّصوُص الأدبّيُة,,2.1.5.1,ذكرى جدتي - جمال بن حويرب,,,,,,,,,,,,,,,,,
Grade 9,الباب الثاني,2.1,الحركة الشعِرية في دولة الإمارات العربية المتحدة,2.1.5,القراءة,النّصوُص الأدبّيُة,,2.1.5.2,قال كريم معتوق,,,,,,,,,,,,,,,,,
Grade 9,الباب الثالث,3.1,القصة القصيرة,3.1.1,القراءة,القصة القصيرة,,3.1.1.1,الدرس الأخير (ألفونسو دوديه),,,,,,,,,,,,,,,,,
Grade 9,الباب الثالث,3.1,القصة القصيرة,3.1.1,القراءة,القصة القصيرة,,3.1.1.2,المناورة - محمد مستجاب,,,,,,,,,,,,,,,,,
Grade 9,الباب الثالث,3.1,القصة القصيرة,3.1.1,القراءة,القصة القصيرة,,3.1.1.3,مفتش المدارس - (م. آثار طاهر),,,,,,,,,,,,,,,,,
Grade 9,الباب الثالث,3.1,القصة القصيرة,3.1.1,القراءة,القصة القصيرة,,3.1.1.4,العباءة ٠ عائشة خلف الكعبي,,,,,,,,,,,,,,,,,
Grade 9,الباب الثالث,3.1,القصة القصيرة,3.1.1,القراءة,القصة القصيرة,,3.1.1.5,قصة العم خشبة - مريم الساعدي,,,,,,,,,,,,,,,,,
Grade 9,الباب الثالث,3.1,القصة القصيرة,3.1.1,القراءة,القصة القصيرة,,3.1.1.6,الحصالة - د. أحمد زياد محبك,,,,,,,,,,,,,,,,,
Grade 9,الباب الثالث,3.1,القصة القصيرة,3.1.1,القراءة,القصة القصيرة,,3.1.1.7,جدار - شريف الجهني,,,,,,,,,,,,,,,,,
Grade 9,الباب الثالث,3.1,القصة القصيرة,3.1.1,القراءة,القصة القصيرة,,3.1.1.8,"النائبات .. حين تؤاخي - للكاتب الأمريكي : (أو. هنري / O, Henry)",,,,,,,,,,,,,,,,,
Grade 9,الباب الثالث,3.1,القصة القصيرة,3.1.1,القراءة,القصة القصيرة,,3.1.1.9,يوم من الترقب - للكاتب الأمريكي : (إرنست همنجواي),,,,,,,,,,,,,,,,,
Grade 9,الباب الرابع,4.1,الّسيرُة الأدبّيُة,4.1.1,القراءة,أدُب الّسيِر والّرحلات,,4.1.1.1,تعلمت من أوقات الفراغ - عباس محمود العقاد,,,,,,,,,,,,,,,,,
Grade 9,الباب الرابع,4.1,الّسيرُة الأدبّيُة,4.1.1,القراءة,أدُب الّسيِر والّرحلات,,4.1.1.2,رحلة ابن بطوطة إلى الصين,,,,,,,,,,,,,,,,,
Grade 9,الباب الرابع,4.1,الّسيرُة الأدبّيُة,4.1.1,القراءة,أدُب الّسيِر والّرحلات,,4.1.1.3,تجاربي مع الحقيقة (المهاتما غاندي),,,,,,,,,,,,,,,,,
Grade 9,الباب الرابع,4.1,الّسيرُة الأدبّيُة,4.1.1,القراءة,أدُب الّسيِر والّرحلات,,4.1.1.4,رحلة إلى شمال إفريقيا - القنطرة - أندرية جيد),,,,,,,,,,,,,,,,,
Grade 9,الباب الخامس,5.1,المقالات,5.1.1,القراءة,نصوص الرأي,,5.1.1.1,إشارات يرسلها الشهداء - الدكتورة فاطمة الصايغ,,,,,,,,,,,,,,,,,
Grade 9,الباب الخامس,5.1,المقالات,5.1.1,القراءة,نصوص الرأي,,5.1.1.2,2016 التعليم ثم التعليم - د. خالد الخاجة,,,,,,,,,,,,,,,,,
Grade 9,الباب الخامس,5.1,المقالات,5.1.1,القراءة,نصوص الرأي,,5.1.1.3,في حياة طفلة - جميلة البشري,,,,,,,,,,,,,,,,,
Grade 9,الباب الخامس,5.1,المقالات,5.1.1,القراءة,نصوص الرأي,,5.1.1.4,اترك بصمة إنجازك - شيخة المسكري,,,,,,,,,,,,,,,,,
Grade 9,الباب الخامس,5.1,الأعمدة الصحفية,5.1.2,القراءة,نصوص الرأي,,5.1.2.1,العرب تسببوا في غياب شمسهم! - فاطمة المزروعي,,,,,,,,,,,,,,,,,
Grade 9,الباب الخامس,5.1,الأعمدة الصحفية,5.1.2,القراءة,نصوص الرأي,,5.1.2.2,السعادة لا تضل طريقها - ناصر الظاهري,,,,,,,,,,,,,,,,,
Grade 9,الباب الخامس,5.1,الأعمدة الصحفية,5.1.2,القراءة,نصوص الرأي,,5.1.2.3,رسالة سامية - مريم مسعود الشحي,,,,,,,,,,,,,,,,,
Grade 9,الباب السادس,6.1,النصوص المعلوماتية,6.1.1,القراءة,النصوص المعلوماتية,,6.1.1.1,رؤية مستقبلية للقطاع السياحي - جريدة الاتحاد,,,,,,,,,,,,,,,,,
Grade 9,الباب السادس,6.1,النصوص المعلوماتية,6.1.1,القراءة,النصوص المعلوماتية,,6.1.1.2,قطار المستقبل من أبو ظبي إلى لندن - د. إبراهيم الدرمكي,,,,,,,,,,,,,,,,,
Grade 9,الباب السادس,6.1,النصوص المعلوماتية,6.1.1,القراءة,النصوص المعلوماتية,,6.1.1.3,مملكة الفطريات,,,,,,,,,,,,,,,,,
Grade 9,الباب السادس,6.1,النصوص المعلوماتية,6.1.1,القراءة,النصوص المعلوماتية,,6.1.1.4,تنمية التفكير - محمد محمود العلي,,,,,,,,,,,,,,,,,
Grade 9,الباب السادس,6.1,النصوص المعلوماتية,6.1.1,القراءة,النصوص المعلوماتية,,6.1.1.5,تطوير الذات - محمد بن علي شيبان العامري,,,,,,,,,,,,,,,,,
Grade 9,الفصل الاول,1.1,لا تغضب,1.1.1,القراءة,قراءة النصوص الادبية / معرفة الفكر الرئيسة و التفاصيل,"أن يحدد المتعلم الفكر الرئيسة والتفاصيل المساندة التي تسهم في توضيح الفكرة الرئيسة، أو الرسالة العامة، أو الدروس المقدمة في النصوص الأدبية",G9.2.1.1.3,يحفظ المتعلم الحديث الشريف ويحلل معانيه ضمن سياقاته ملتفتا إلى خصائص الوصية في البلاغة النبوية,,,,,,,,,,,,,,,,,
Grade 9,الفصل الاول,1.1,غذوتك مولودا - أمية بن أبي الصلت,1.1.2,القراءة,قراءة النصوص الادبية / معرفة الفكر الرئيسة و التفاصيل,"أن يحدد المتعلم الفكر الرئيسة والتفاصيل المساندة التي تسهم في توضيح الفكرة الرئيسة، أو الرسالة العامة، أو الدروس المقدمة في النصوص الأدبية",G9.2.1.1.2,يبين المتعلم المعنى الاجمالي للنص الشعري موضحا الفكر الرئية والجزئية فيه مفسرا مفرداته من خلال السياق والقرائن باستخدام مصادر ورقية ورقمية,,,,,,,,,,,,,,,,,
Grade 9,الفصل الاول,1.1,غذوتك مولودا - أمية بن أبي الصلت,1.1.2,القراءة,قراءة النصوص الادبية / تكامل المعرفة مع الفكر,"أن يقرأ المتعلم نصوصا شعرية وأعمالاً نثرية متنوعة ويقمها ويحللها، ويــدمــج الفكر المقدمة فيها؛ لبناء معرفة وفهم جديدين عن الفكرة المحورية، والرسائل المتضمنة في الأعمال الأدبية.",G9.2.3.1.5,يحفظ ابيات النص الشعري,,,,,,,,,,,,,,,,,
Grade 9,الفصل الاول,1.1,في مكارم الأخلاق - المقنع الكندي,1.1.3,القراءة,قراءة النصوص الادبية / معرفة الفكر الرئيسة و التفاصيل,"أن يحدد المتعلم الفكر الرئيسة والتفاصيل المساندة التي تسهم في توضيح الفكرة الرئيسة، أو الرسالة العامة، أو الدروس المقدمة في النصوص الأدبية",G9.2.1.1.3,يحلل المتعلم النص في سياقه التاريخي والاجتماعي,,,,,,,,,,,,,,,,,
Grade 9,الفصل الاول,1.1,في مكارم الأخلاق - المقنع الكندي,1.1.3,القراءة,قراءة النصوص الادبية / تكامل المعرفة مع الفكر,"أن يقرأ المتعلم نصوصا شعرية وأعمالاً نثرية متنوعة ويقمها ويحللها، ويــدمــج الفكر المقدمة فيها؛ لبناء معرفة وفهم جديدين عن الفكرة المحورية، والرسائل المتضمنة في الأعمال الأدبية.",G9.2.3.1.5,يحفظ عشرة آبيات من النص الشعري,,,,,,,,,,,,,,,,,
Grade 9,الفصل الاول,1.1,الدرس الأخير - ألفونسو دوديه,1.1.4,القراءة,قراءة النصوص الادبية / تحليل النص,"أن يحدد المتعلم جوانب معينة في النصوص الأدبية ويفهمها،ويحلل عناصر النص وخيارات المؤلفين في اختيار الكلمت والأساليب الأدبية المناسبة لنصوصهم.",G9.2.2.1.3,يتعرف المتعلم مفهوم (توقعات الحبكة) ويميز صفات الشخصية في القصة,,,,,,,,,,,,,,,,,
Grade 9,الفصل الاول,1.1,الدرس الأخير - ألفونسو دوديه,1.1.4,اللغة (المعجم),اللغة / اكتساب المفردات واستخدامها (المعجم),أن يفسر المفردات الجديدة من خلال سياقاتها المختلفة,G9.6.1.1.1,يستخدم المعجم لتفسير الكلمات وايجاد معانيها,,,,,,,,,,,,,,,,,
Grade 9,الفصل الاول,1.1,المناورة - محمد مستجاب,1.1.5,القراءة,قراءة النصوص الادبية / تكامل المعرفة مع الفكر,"أن يقرأ المتعلم نصوصا شعرية وأعمالاً نثرية متنوعة ويقمها ويحللها، ويــدمــج الفكر المقدمة فيها؛ لبناء معرفة وفهم جديدين عن الفكرة المحورية، والرسائل المتضمنة في الأعمال الأدبية.",G9.2.3.1.3,"يتعرف المتعلم ""المفارقة"" في النص القصصي",,,,,,,,,,,,,,,,,
Grade 9,الفصل الاول,1.1,مفتش المدارس - م. آثار طاهر,1.1.6,القراءة,قراءة النصوص الادبية / تكامل المعرفة مع الفكر,"أن يقرأ المتعلم نصوصا شعرية وأعمالاً نثرية متنوعة ويقمها ويحللها، ويــدمــج الفكر المقدمة فيها؛ لبناء معرفة وفهم جديدين عن الفكرة المحورية، والرسائل المتضمنة في الأعمال الأدبية.",G9.2.3.1.1,يحدد المتعلم الفكرة في النص القصصي,,,,,,,,,,,,,,,,,
Grade 9,الفصل الاول,1.1,تعلمت من أوقات الفراغ - عباس محمود العقاد,1.1.7,القراءة,قراءة النصوص الادبية / معرفة الفكر الرئيسة و التفاصيل,"أن يحدد المتعلم الفكر الرئيسة والتفاصيل المساندة التي تسهم في توضيح الفكرة الرئيسة، أو الرسالة العامة، أو الدروس المقدمة في النصوص الأدبية",G9.2.1.1.1,يحلل المتعلم تطور الفكرة الرئيسة أو وجهة النظر في النصوص من خلال تفاصيل محددة,,,,,,,,,,,,,,,,,
Grade 9,الفصل الاول,1.1,تعلمت من أوقات الفراغ - عباس محمود العقاد,1.1.7,القراءة,قراءة النصوص الادبية / تحليل النص,"أن يحدد المتعلم جوانب معينة في النصوص الأدبية ويفهمها،ويحلل عناصر النص وخيارات المؤلفين في اختيار الكلمت والأساليب الأدبية المناسبة لنصوصهم.",G9.2.2.1.4,"يحلل المتعلم النص او جزءا من النص الذي يعبر فيه المؤلف عن موقفه أو تعليقه على قضيه اجتماعيه آو موضوع أخر ، مقيما مدى تكمن المؤلف من تحقيق غايته",,,,,,,,,,,,,,,,,
Grade 9,الفصل الاول,1.1,إشارات يرسلها الشهداء - د. فاطمة الصايغ,1.1.8,القراءة,قراءة النصوص الادبية / تحليل النص,"أن يحدد المتعلم جوانب معينة في النصوص الأدبية ويفهمها،ويحلل عناصر النص وخيارات المؤلفين في اختيار الكلمت والأساليب الأدبية المناسبة لنصوصهم.",G9.2.2.1.4,"يحلل المتعلم النص او جزءا من النص الذي يعبر فيه المؤلف عن موقفه أو تعليقه على قضية اجتماعية او موضوع اخر ، مقيما مدى تمكن المؤلف من تحقيق غايته",,,,,,,,,,,,,,,,,
Grade 9,الفصل الاول,1.1,العرب تسببوا في غياب شمسهم! - فاطمة االمزروعي,1.1.9,القراءة,قراءة النصوص الادبية / معرفة الفكر الرئيسة و التفاصيل,"أن يحدد المتعلم الفكر الرئيسة والتفاصيل المساندة التي تسهم في توضيح الفكرة الرئيسة، أو الرسالة العامة، أو الدروس المقدمة في النصوص الأدبية",G9.2.1.1.1,يحلل المتعلم تطور الفكرة الرئيسة أو وجهة النظر في النصوص من خلال تفاصيل محددة,,,,,,,,,,,,,,,,,
Grade 9,الفصل الاول,1.1,رؤية مستقبلية للقطاع السياحي,1.1.10,القراءة,قراءة النصوص المعلوماتية / معرفة الفكر الرئيسية والتفاصيل,"أن يقرأ المتعلم النص المعلوماتي بعمق وشمولية، ويحدد الفكرة المركزية والفكر الرئيسة، ويستنتج العلاقات ضمن النص الواحد وبين النصوص المختلفة.",G9.3.1.1.1,"يحدد المتعلم الفكر الرئيسة للنص ، مقيما دقة الأدلة وصحتها ، وأسلوب الجمل وفاعليته في النص",,,,,,,,,,,,,,,,,
Grade 9,الفصل الاول,1.2,رؤية مستقبلية للقطاع السياحي,1.1.10,القراءة,قراءة النصوص المعلوماتية / تحليل النص,"أن يحدد المتعلم جوانب معينة في النصوص الأدبية ويفهمها،ويحلل عناصر النص وخيارات المؤلفين في اختيار الكلمت والأساليب الأدبية المناسبة لنصوصهم.",G9.3.2.1.1,يقيم المتعلم مدى كفاية الأساليب ودقتها,,,,,,,,,,,,,,,,,
Grade 9,الفصل الاول,1.2,لماذا بعض الأشخاص أكثر نجاحا من أشخاص آخرين,1.2.1,الاستماع والمحادثة,الاستماع والمحادثة / استيعاب المعرفة وتقديمها,"أن يظهر المتعلم فهما لمواد مسموعة، ويتواصـل مع الآخرين مقدما المعلومات والنتائج المدعومة بالأدلة لإقناع المستمعين واستمالتهم نحو الموضوع مستخدما اللغة العربية الفصيحة.",G9.5.1.2.1,"يحدد أفكار النص المسموع ، ويحللها",,,,,,,,,,,,,,,,,
Grade 9,الفصل الاول,1.2,تجارب عظيمة لدول أنتجت نهضتها,1.2.2,الاستماع والمحادثة,الاستماع والمحادثة / استيعاب المعرفة وتقديمها,"أن يظهر المتعلم فهما لمواد مسموعة، ويتواصـل مع الآخرين مقدما المعلومات والنتائج المدعومة بالأدلة لإقناع المستمعين واستمالتهم نحو الموضوع مستخدما اللغة العربية الفصيحة.",G9.5.1.2.1,"يحدد أفكار النص المسموع ، ويحللها",,,,,,,,,,,,,,,,,
Grade 9,الفصل الاول,1.2,توماس إديسون الرجل الذي أضاء العالم بمصباحه,1.2.3,الاستماع والمحادثة,الاستماع والمحادثة / استيعاب المعرفة وتقديمها,"أن يظهر المتعلم فهما لمواد مسموعة، ويتواصـل مع الآخرين مقدما المعلومات والنتائج المدعومة بالأدلة لإقناع المستمعين واستمالتهم نحو الموضوع مستخدما اللغة العربية الفصيحة.",G9.5.1.2.1,"يحدد أفكار النص المسموع ، ويحللها",,,,,,,,,,,,,,,,,
Grade 9,الفصل الاول,1.3,التدريس للتأكد,1.3.1,الاستماع والمحادثة,الاستماع والمحادثة / استيعاب المعرفة وتقديمها,"أن يستخدم المتعلم الوسائط الرقمية في العروض البصرية للتعبير عن المعلومات، ويفهم المــادة المعروضة من خلال هذه الوسائط.",G9.5.1.3.2,يشارك بفعالية في ندوة طلابية حول مهنة التدريس,,,,,,,,,,,,,,,,,
Grade 9,الفصل الاول,1.3,التدريس للتأكد,1.3.1,الاستماع والمحادثة,الاستماع والمحادثة / استيعاب المعرفة وتقديمها,"أن يشارك المتعلم في النقاشات مع معلميه وزملائه، مكيفا كلامه وفق لمجموعة متنوعة مــن السـياقات والمهام  التواصلية، مظهرا إجادته للغة العربية الفصيحة.",G9.5.1.2.2,يعرض آراءه ويطرح أسئلته بثقة,,,,,,,,,,,,,,,,,
Grade 9,الفصل الاول,1.3,عالم من علماء العرب,1.3.2,الاستماع والمحادثة,الاستماع والمحادثة / استيعاب المعرفة وتقديمها,"أن يشارك المتعلم في النقاشات مع معلميه وزملائه، مكيفا كلامه وفق لمجموعة متنوعة مــن السـياقات والمهام  التواصلية، مظهرا إجادته للغة العربية الفصيحة.",G9.5.1.2.2,يقدم المتعلم عرضا تقديميا مطولا حول الموضوع بطرائق مصممة لإقناع الجمهور مؤكدا رأيه وداعما له بالدليل مثل : (علاقات السبب والنتيجة والإستراتيجيات الأخرى),,,,,,,,,,,,,,,,,
Grade 9,الفصل الاول,1.3,عالم من علماء العرب,1.3.2,الاستماع والمحادثة,الاستماع والمحادثة / استيعاب المعرفة وتقديمها,"أن يستخدم المتعلم الوسائط الرقمية في العروض البصرية للتعبير عن المعلومات، ويفهم المــادة المعروضة من خلال هذه الوسائط.",G9.5.1.3.1,ينظم المتعلم مادة الحديث بإختيار إستراتيجيات مناسبة لعرض مقدمة وخاتمة باقتباسات متنوعة وأمثلة موظفا وسائل بصرية ووسائط إلكترونية ليعزز عرضه التقديمي,,,,,,,,,,,,,,,,,
Grade 9,الفصل الاول,1.4,الغضب,1.4.1,الكتابة,الكتابة / إنتاج الأعمال الكتابية ونشرها,"ان ينتج المتعلم نصوصا سردية و معلوماتية واقناعية و وصفية ، وأن تظهر كتابته تقيده بالسلامة اللغوية",G9.4.2.4.1,"يكتب المتعلم نصا سرديا مكونا من حدث مركزي واصفا المشاهد والحركات والمشاعد بتفاصيل حسية دقيقة ، موظفا الحوار (إن أمكن) والاستعارات والتشبيهات",كتابة نص سردي,,,,,,,,,,,,,,,,
Grade 9,الفصل الاول,1.4,الغضب,1.4.1,الكتابة,الكتابة / البحث عن المعلومات,أن يبحث المتعلم عن المعلومات ويطبقها في موضوعات كتابية تستند إلى أغراض محددة تظهر فهمه بالمادة التي يبحث عنها وتتناسب مع غرض الكتابة وطبيعتها.,G9.4.1.1.3,يبحث المتعلم بفاعلية عن المعلومات المتصلة بموضوع بحثه من مصادر مطبوعة ورقمية متعددة من الملحوظات والمقابات ومن خبراته ويجيب عن أسئلة البحث مبتعدا عن المنقولات النصية,,,,,,,,,,,,,,,,,
Grade 9,الفصل الاول,1.4,الغضب,1.4.1,الكتابة,الكتابة / البحث عن المعلومات,أن يبحث المتعلم عن المعلومات ويطبقها في موضوعات كتابية تستند إلى أغراض محددة تظهر فهمه بالمادة التي يبحث عنها وتتناسب مع غرض الكتابة وطبيعتها.,G9.4.1.1.1,يقوم المتعلم مستقلا أو بالتعاون مع الآخرين بوضع خطة لكتابة النصوص وفق موضوعاتها وأغراض كتابتها,,,,,,,,,,,,,,,,,
Grade 9,الفصل الاول,1.4,الغضب,1.4.1,الكتابة,الكتابة / البحث عن المعلومات,أن يبحث المتعلم عن المعلومات ويطبقها في موضوعات كتابية تستند إلى أغراض محددة تظهر فهمه بالمادة التي يبحث عنها وتتناسب مع غرض الكتابة وطبيعتها.,G9.4.1.1.2,يطبق المتعلم إستراتيجيات البحث عن المادة المرجعية معلقا على النتائج,,,,,,,,,,,,,,,,,
Grade 9,الفصل الاول,1.4,الغضب,1.4.1,الكتابة,الكتابة / إنتاج الأعمال الكتابية ونشرها,"ان يكتب المتعلم نصوصا تعبر عن فكرة مركزية، تظهر مقدرة على التركيز والتنظيم و تدل على وعي كامل بالمتلقين ، مطورا مهاراته الكتابية من خلال مهارات الكتابة، (ما قبل الكتابة، المسودة، المراجعة) لتحرير النص",G9.4.2.3.3,يراجع مسودات متعددة مما يكتب ويعيد تحريرها للتأكد من منطقية العرض وتماسك التنظيم والوضوح واضعا في اعتباره جمهورو المتلقين والغرض,,,,,,,,,,,,,,,,,
Grade 9,الفصل الاول,1.4,الغضب,1.4.1,الكتابة,الكتابة / إنتاج الأعمال الكتابية ونشرها,"ان يكتب المتعلم نصوصا تعبر عن فكرة مركزية، تظهر مقدرة على التركيز والتنظيم و تدل على وعي كامل بالمتلقين ، مطورا مهاراته الكتابية من خلال مهارات الكتابة، (ما قبل الكتابة، المسودة، المراجعة) لتحرير النص",G9.4.2.3.1,يعبر عن أسلوبه الخاص في التناول والطرح من خلال الإحاطة بالموضوع وتقديم افتراضات متينة متماسكة,,,,,,,,,,,,,,,,,
Grade 9,الفصل الاول,1.4,الغضب,1.4.1,الكتابة,الكتابة / البحث عن المعلومات,أن يبحث المتعلم عن المعلومات ويطبقها في موضوعات كتابية تستند إلى أغراض محددة تظهر فهمه بالمادة التي يبحث عنها وتتناسب مع غرض الكتابة وطبيعتها.,G9.4.1.1.4,يعرض المتعلم النتائج طباعة وبوسائط متعددة موثقا المصادر والمراجع,,,,,,,,,,,,,,,,,
Grade 9,الفصل الاول,1.4,كتابة يوميات علي لسان شخصية قصصية,1.4.2,الكتابة,الكتابة / إنتاج الأعمال الكتابية ونشرها,"ان ينتج المتعلم نصوصا سردية و معلوماتية واقناعية و وصفية ، وأن تظهر كتابته تقيده بالسلامة اللغوية",G9.4.2.4.3,ينتج المتعلم نصوصا سردية ومعلوماتية وإقناعية ووصفية وتظهر كتابته تقيده بالسلامة اللغوية,كتابة نص سردي (يوميات),,,,,,,,,,,,,,,,
Grade 9,الفصل الاول,1.4,سيرة ذاتية,1.4.3,الكتابة,الكتابة / إنتاج الأعمال الكتابية ونشرها,"ان ينتج المتعلم نصوصا سردية و معلوماتية واقناعية و وصفية ، وأن تظهر كتابته تقيده بالسلامة اللغوية",G9.4.2.4.5,يكتب سيرة ذاتية واصفا تفاصيل متماسكة ومنتقاة,كتابة سيرة ذاتية,,,,,,,,,,,,,,,,
Grade 9,الفصل الاول,1.4,سيرة ذاتية,1.4.3,الكتابة,الكتابة / إنتاج الأعمال الكتابية ونشرها,"ان ينتج المتعلم نصوصا سردية و معلوماتية واقناعية و وصفية ، وأن تظهر كتابته تقيده بالسلامة اللغوية",G9.4.2.4.4,يطبق استراتيجيات السرد والوصف المناسبة,,,,,,,,,,,,,,,,,
Grade 9,الفصل الاول,1.5,الميزان الصرفي,1.5.1,اللغة (النحو والصرف),اللغة /بنية اللغة العربية (النحو والصرف),"أن يتعرف المتعلم المفاهيم النحوية والصرفية، ويستخدمها استخداما صحيحا.",G9.6.2.2.1,يتعرف المتعلم الميزان الصرفي ويستخدمه في وزن الكلمات الصحيحة والمعتلة,الميزان الصرفي,,,,,,,,,,,,,,,,
Grade 9,الفصل الاول,1.5,اسم الفاعل,1.5.2,اللغة (النحو والصرف),اللغة /بنية اللغة العربية (النحو والصرف),"أن يتعرف المتعلم المفاهيم النحوية والصرفية، ويستخدمها استخداما صحيحا.",G9.6.2.2.2,يشتق المتعلم اسم الفاعل من الفعل الثلاثي وغير الثلاثي ويعربه ويوظفه في مواقف حياتية,اسم الفاعل,,,,,,,,,,,,,,,,
Grade 9,الفصل الاول,1.5,اسم المفعول,1.5.3,اللغة (النحو والصرف),اللغة /بنية اللغة العربية (النحو والصرف),"أن يتعرف المتعلم المفاهيم النحوية والصرفية، ويستخدمها استخداما صحيحا.",G9.6.2.2.3,يشتق المتعلم اسم المفعول من الفعل الثلاثي وغير الثلاثي ويوظفه في مواقف حياتية,اسم المفعول,,,,,,,,,,,,,,,,
Grade 9,الفصل الاول,1.6,التشبية البليغ,1.6.1,اللغة (البلاغة),اللغة / بنية اللغة العربية (البلاغة),"أن يتعرف المتعلم المفاهيم البلاغية، ويتذوقها ويوظفها في إنتاجه اللغوي",G9.6.5.1.1,يتعرف المتعلم التشبيه البليغ ويحلله موضحا موطن الجمال وينتج جملا تتضمن تشبيهات بليغة,التشبية البليغ,,,,,,,,,,,,,,,,
Grade 9,الفصل الثاني,2.1,الوصية في القرآن الكريم,2.1.1,القراءة,قراءة النصوص الادبية / تكامل المعرفة مع الفكر,"أن يقرأ المتعلم نصوصا شعرية وأعمالاً نثرية متنوعة ويقمها ويحللها، ويــدمــج الفكر المقدمة فيها؛ لبناء معرفة وفهم جديدين عن الفكرة المحورية، والرسائل المتضمنة في الأعمال الأدبية.",G9.2.3.1.5,يحفظ المتعلم الآيات الكريمة وويحلل معانيها ضمن سياقاتها ملتفتا إلى خصائص النص القرآني فيها,,,,,,,,,,,,,,,,,
Grade 9,الفصل الثاني,2.1,الناس والزمان - آبو الطيب المتنبي,2.1.2,القراءة,قراءة النصوص الادبية / تحليل النص,"أن يحدد المتعلم جوانب معينة في النصوص الأدبية ويفهمها،ويحلل عناصر النص وخيارات المؤلفين في اختيار الكلمت والأساليب الأدبية المناسبة لنصوصهم.",G9.2.2.1.1,يحلل المتعلم النص الشعري تحليلا فكريا . موضحا دور الخيال والمحسنات في إيجاد التآثير في المتلقي محددا عناصر الموسيقا فيه,,,,,,,,,,,,,,,,,
Grade 9,الفصل الثاني,2.1,الناس والزمان - آبو الطيب المتنبي,2.1.2,القراءة,قراءة النصوص الادبية / تكامل المعرفة مع الفكر,"أن يقرأ المتعلم نصوصا شعرية وأعمالاً نثرية متنوعة ويقمها ويحللها، ويــدمــج الفكر المقدمة فيها؛ لبناء معرفة وفهم جديدين عن الفكرة المحورية، والرسائل المتضمنة في الأعمال الأدبية.",G9.2.3.1.5,يحفظ ابيات النص الشعري,,,,,,,,,,,,,,,,,
Grade 9,الفصل الثاني,2.1,لن أبكي - فدوى طوقان,2.1.3,القراءة,قراءة النصوص الادبية / معرفة الفكر الرئيسة و التفاصيل,"أن يحدد المتعلم الفكر الرئيسة والتفاصيل المساندة التي تسهم في توضيح الفكرة الرئيسة، أو الرسالة العامة، أو الدروس المقدمة في النصوص الأدبية",G9.2.1.1.2,يبين المتعلم المعنى الإجمالي للنص الشعري موضحا الفكر الرئيسة والجزئية فيه مفسرا مفرداته من خلال السياق والقرائن باستخدام مصادر ورقية ورقمية مستنتجا الدلالات التعبيرية الايحائية,,,,,,,,,,,,,,,,,
Grade 9,الفصل الثاني,2.1,لن أبكي - فدوى طوقان,2.1.3,القراءة,قراءة النصوص الادبية / تكامل المعرفة مع الفكر,"أن يقرأ المتعلم نصوصا شعرية وأعمالاً نثرية متنوعة ويقمها ويحللها، ويــدمــج الفكر المقدمة فيها؛ لبناء معرفة وفهم جديدين عن الفكرة المحورية، والرسائل المتضمنة في الأعمال الأدبية.",G9.2.3.1.5,يحفظ المقطع (أ) من النص الشعري,,,,,,,,,,,,,,,,,
Grade 9,الفصل الثاني,2.1,العباءة - عائشة الكعبي,2.1.4,القراءة,قراءة النصوص الادبية / معرفة الفكر الرئيسة و التفاصيل,"أن يحدد المتعلم الفكر الرئيسة والتفاصيل المساندة التي تسهم في توضيح الفكرة الرئيسة، أو الرسالة العامة، أو الدروس المقدمة في النصوص الأدبية",G9.2.1.1.1,يحلل المتعلم تطور الفكرة الرئيسة أو وجهة النظر من خلال تفاصيل محددة,,,,,,,,,,,,,,,,,
Grade 9,الفصل الثاني,2.1,رحلة ابن بطوطة الى الصين,2.1.5,القراءة,قراءة النصوص الادبية / معرفة الفكر الرئيسة و التفاصيل,"أن يحدد المتعلم الفكر الرئيسة والتفاصيل المساندة التي تسهم في توضيح الفكرة الرئيسة، أو الرسالة العامة، أو الدروس المقدمة في النصوص الأدبية",G9.2.1.1.2,"يحدد المتعلم الفكر الرئيسة للنص مستشهدا بمصادر متعددة من الأدلة التي تدعم تحليله (تجارب ، ومواقف ، وأدلة منطقية)",,,,,,,,,,,,,,,,,
Grade 9,الفصل الثاني,2.1,التعليم - د. خالد الخاجة,2.1.6,القراءة,قراءة النصوص الادبية / تحليل النص,"أن يحدد المتعلم جوانب معينة في النصوص الأدبية ويفهمها،ويحلل عناصر النص وخيارات المؤلفين في اختيار الكلمت والأساليب الأدبية المناسبة لنصوصهم.",G9.2.2.1.4,يحلل المتعلم النص أو جزءا من النص الذي يعبر فيه المؤلف عن موقفه أو تعليقه على قضيه اجتماعيه أو موضوع آخر مقيما مدى تمكن المؤلف من تحقيق غايته,,,,,,,,,,,,,,,,,
Grade 9,الفصل الثاني,2.1,السعادة لاتضل طريقها - ناصر الظاهري,2.1.7,القراءة,قراءة النصوص الادبية / تحليل النص,"أن يحدد المتعلم جوانب معينة في النصوص الأدبية ويفهمها،ويحلل عناصر النص وخيارات المؤلفين في اختيار الكلمت والأساليب الأدبية المناسبة لنصوصهم.",G9.2.2.1.4,"يحلل المتعلم النص أو جزءا من النص الذي يعبر فيه المؤلف عن موقفه أو تعليقه على قضيه اجتماعيه أو موضوع آخر مقيما إلى أي مدى تمكن المؤلف من تحقيق غايته ، موظفا مهارة التفكير الناقد من خلال تحليله",,,,,,,,,,,,,,,,,
Grade 9,الفصل الثاني,2.1,رسالة سامية - مريم مسعود الشحي,2.1.8,القراءة,قراءة النصوص الادبية / تحليل النص,"أن يحدد المتعلم جوانب معينة في النصوص الأدبية ويفهمها،ويحلل عناصر النص وخيارات المؤلفين في اختيار الكلمت والأساليب الأدبية المناسبة لنصوصهم.",G9.2.2.1.4,"يحلل المتعلم النص أو جزءا من النص الذي يعبر فيه المؤلف عن موقفه أو تعليقه على قضيه اجتماعيه أو موضوع آخر مقيما إلى أي مدى تمكن المؤلف من تحقيق غايته ، موظفا مهارة التفكير الناقد من خلال تحليله",,,,,,,,,,,,,,,,,
Grade 9,الفصل الثاني,2.1,قطار المستقبل من أبو ظبي إلى لندن - د. إبراهيم الدرمكي,2.1.9,القراءة,قراءة النصوص المعلوماتية / معرفة الفكر الرئيسية والتفاصيل,"أن يقرأ المتعلم النص المعلوماتي بعمق وشمولية، ويحدد الفكرة المركزية والفكر الرئيسة، ويستنتج العلاقات ضمن النص الواحد وبين النصوص المختلفة.",G9.3.1.1.1,يحدد المتعلم الفكر الرئيسة للنص مقيما دقة الأدلة وصحتها وأسلوب الجمل وفاعليته في النص,,,,,,,,,,,,,,,,,
Grade 9,الفصل الثاني,2.1,قطار المستقبل من أبو ظبي إلى لندن - د. إبراهيم الدرمكي,2.1.9,القراءة,قراءة النصوص المعلوماتية / تحليل النص,"أن يحدد المتعلم جوانب معينة في النصوص الأدبية ويفهمها،ويحلل عناصر النص وخيارات المؤلفين في اختيار الكلمت والأساليب الأدبية المناسبة لنصوصهم.",G9.3.2.1.1,يقيم المتعلم مدى كفاية الأساليب ودقتها,,,,,,,,,,,,,,,,,
Grade 9,الفصل الثاني,2.2,هل ترى الحيوانات العالم كما نراه نحن؟,2.2.1,الاستماع والمحادثة,الاستماع والمحادثة / استيعاب المعرفة وتقديمها,"أن يظهر المتعلم فهما لمواد مسموعة، ويتواصـل مع الآخرين مقدما المعلومات والنتائج المدعومة بالأدلة لإقناع المستمعين واستمالتهم نحو الموضوع مستخدما اللغة العربية الفصيحة.",G9.5.1.2.1,"يحلل المادة المسموعة محددا الفكر ، والنقاط الرئيسة",,,,,,,,,,,,,,,,,
Grade 9,الفصل الثاني,2.2,"ل (كاريزما) أقوى ، وشخصية أكثر تأثيرا",2.2.2,الاستماع والمحادثة,الاستماع والمحادثة / استيعاب المعرفة وتقديمها,"أن يظهر المتعلم فهما لمواد مسموعة، ويتواصـل مع الآخرين مقدما المعلومات والنتائج المدعومة بالأدلة لإقناع المستمعين واستمالتهم نحو الموضوع مستخدما اللغة العربية الفصيحة.",G9.5.1.2.1,يحلل المادة المسموعة محددا الفكر والنقاط الرئيسة,,,,,,,,,,,,,,,,,
Grade 9,الفصل الثاني,2.2,كيف تخطط لمستقبلك,2.2.3,الاستماع والمحادثة,الاستماع والمحادثة / استيعاب المعرفة وتقديمها,"أن يظهر المتعلم فهما لمواد مسموعة، ويتواصـل مع الآخرين مقدما المعلومات والنتائج المدعومة بالأدلة لإقناع المستمعين واستمالتهم نحو الموضوع مستخدما اللغة العربية الفصيحة.",G9.5.1.2.1,يحلل المادة المسموعة محددا الفكر والنقاط الرئيسة,,,,,,,,,,,,,,,,,
Grade 9,الفصل الثاني,2.3,بر الوالدين,2.3.1,الاستماع والمحادثة,الاستماع والمحادثة / استيعاب المعرفة وتقديمها,"أن يشارك المتعلم في النقاشات مع معلميه وزملائه، مكيفا كلامه وفق لمجموعة متنوعة مــن السـياقات والمهام  التواصلية، مظهرا إجادته للغة العربية الفصيحة.",G9.5.1.2.2,"يقدم المتعلم عرضا تقديميا مطولا حول موضوع (ظاهرة / مشكلة ...) بطرائق مصممة لإقناع الجمهور ، مؤكدا رأيه وداعما له بالديل ، مثل : (علاقات السبب والنتيجة ، والاستراتيجيات الآخرى)",,,,,,,,,,,,,,,,,
Grade 9,الفصل الثاني,2.3,بر الوالدين,2.3.1,الاستماع والمحادثة,الاستماع والمحادثة / استيعاب المعرفة وتقديمها,"أن يستخدم المتعلم الوسائط الرقمية في العروض البصرية للتعبير عن المعلومات، ويفهم المــادة المعروضة من خلال هذه الوسائط.",G9.5.1.3.1,ينظم المتعلم مادة الحديث باختتيار إستراتيجيات مناسبة لعرض مقدمة وخاتمة لظاهرة اجتماعية باقتباسات متنوعة وأمثلة موظفا وسائل بصرية ووسائط الكترونية ليعزز عرضه التقديمي,,,,,,,,,,,,,,,,,
Grade 9,الفصل الثاني,2.3,مرض السكري,2.3.2,الاستماع والمحادثة,الاستماع والمحادثة / استيعاب المعرفة وتقديمها,"أن يشارك المتعلم في النقاشات مع معلميه وزملائه، مكيفا كلامه وفق لمجموعة متنوعة مــن السـياقات والمهام  التواصلية، مظهرا إجادته للغة العربية الفصيحة.",G9.5.1.2.2,"يقدم عرضا تقديميا إقناعيا حول مشكلة ما ، مدعوما بالأدلة",,,,,,,,,,,,,,,,,
Grade 9,الفصل الثاني,2.3,مرض السكري,2.3.2,الاستماع والمحادثة,الاستماع والمحادثة / استيعاب المعرفة وتقديمها,"أن يستخدم المتعلم الوسائط الرقمية في العروض البصرية للتعبير عن المعلومات، ويفهم المــادة المعروضة من خلال هذه الوسائط.",G9.5.1.3.1,ينظم المتعلم مادة الحديث باختيار إستراتيجيات مناسبة لعرض مقدمة وخاتمة لظاهرة اجتماعية باقتباسات متنوعة وأمثلة موظفا وسائل بصرية ووسائط الكترونية ليعزز عرضه التقديمي,,,,,,,,,,,,,,,,,
Grade 9,الفصل الثاني,2.3,التمريض : المهنة الإنسانية الأولى,2.3.3,الاستماع والمحادثة,الاستماع والمحادثة / استيعاب المعرفة وتقديمها,"أن يشارك المتعلم في النقاشات مع معلميه وزملائه، مكيفا كلامه وفق لمجموعة متنوعة مــن السـياقات والمهام  التواصلية، مظهرا إجادته للغة العربية الفصيحة.",G9.5.1.2.2,"يقدم المتعلم عرضا تقديميا مطولا حول موضوع (ظاهرة / مشكلة ...) بطرائق مصممة لإقناع الجمهور ، مؤكدا رأيه وداعما له بالديل ، مثل : (علاقات السبب والنتيجة ، والاستراتيجيات الآخرى)",,,,,,,,,,,,,,,,,
Grade 9,الفصل الثاني,2.3,التمريض : المهنة الإنسانية الأولى,2.3.3,الاستماع والمحادثة,الاستماع والمحادثة / استيعاب المعرفة وتقديمها,"أن يستخدم المتعلم الوسائط الرقمية في العروض البصرية للتعبير عن المعلومات، ويفهم المــادة المعروضة من خلال هذه الوسائط.",G9.5.1.3.1,ينظم المتعلم مادة الحديث باختتيار إستراتيجيات مناسبة لعرض مقدمة وخاتمة لظاهرة اجتماعية باقتباسات متنوعة وأمثلة موظفا وسائل بصرية ووسائط الكترونية ليعزز عرضه التقديمي,,,,,,,,,,,,,,,,,
Grade 9,الفصل الثاني,2.4,الشخصية القيادية الناجحة,2.4.1,الكتابة,الكتابة / إنتاج الأعمال الكتابية ونشرها,"ان ينتج المتعلم نصوصا سردية و معلوماتية واقناعية و وصفية ، وأن تظهر كتابته تقيده بالسلامة اللغوية",G9.4.2.4.2,يكتب المتعلم نصا وصفيا استجابة لنص أدبي قرأه,كتابة استجابة أدبية,,,,,,,,,,,,,,,,
Grade 9,الفصل الثاني,2.4,ما السعادة ؟,2.4.2,الكتابة,الكتابة / إنتاج الأعمال الكتابية ونشرها,"ان ينتج المتعلم نصوصا سردية و معلوماتية واقناعية و وصفية ، وأن تظهر كتابته تقيده بالسلامة اللغوية",G9.4.2.4.2,يكتب المتعلم استجابات شخصية للنصوص التي يقرؤها,كتابة استجابة أدبية,,,,,,,,,,,,,,,,
Grade 9,الفصل الثاني,2.5,الأفعال التي تنصب مفعولين أصلهما مبتدأ وخبر,2.5.1,اللغة (النحو والصرف),اللغة /بنية اللغة العربية (النحو والصرف),"أن يتعرف المتعلم المفاهيم النحوية والصرفية، ويستخدمها استخداما صحيحا.",G9.6.2.2.7,"يتعرف المتعلم الأفعال التي تنصب مفعولين أصلهما مبتدأ وخبر ، ويعرب جملها ، ويوظفها في مواقف حياتية",الأفعال التي تنصب مفعولين أصلهما مبتدأ وخبر,,,,,,,,,,,,,,,,
Grade 9,الفصل الثاني,2.5,الأفعال التي تنصب مفعولين ليس أصلهما مبتدأ وخبر,2.5.2,اللغة (النحو والصرف),اللغة /بنية اللغة العربية (النحو والصرف),"أن يتعرف المتعلم المفاهيم النحوية والصرفية، ويستخدمها استخداما صحيحا.",G9.6.2.2.8,"يتعرف المتعلم الأفعال التي تنصب مفعولين ليس أصلهما مبتدأ وخبر ، ويعرب جملها ، ويوظفها في مواقف حياتية",الأفعال التي تنصب مفعولين ليس أصلهما مبتدأ وخبر,,,,,,,,,,,,,,,,
Grade 9,الفصل الثاني,2.5,التوكيد,2.5.3,اللغة (النحو والصرف),اللغة /بنية اللغة العربية (النحو والصرف),"أن يتعرف المتعلم المفاهيم النحوية والصرفية، ويستخدمها استخداما صحيحا.",G9.6.2.2.4,يتعرف المتعلم نوعي التوكيد ويعربهما ويوظفهما في مواقف حياتية,التوكيد,,,,,,,,,,,,,,,,
Grade 9,الفصل الثاني,2.6,الاستعارة,2.6.1,اللغة (البلاغة),اللغة / بنية اللغة العربية (البلاغة),"أن يتعرف المتعلم المفاهيم البلاغية، ويتذوقها ويوظفها في إنتاجه اللغوي",G9.6.5.1.2,يتعرف المتعلم الاستعارة ويميزها عن التشبيه بأنواعه وينتج جملا تتضمنها,الاستعارة,,,,,,,,,,,,,,,,
Grade 9,الفصل الثالث,3.1,ذكرى جدتي - جمال بن حويرب,3.1.1,القراءة,قراءة النصوص الادبية / معرفة الفكر الرئيسة و التفاصيل,"أن يحدد المتعلم الفكر الرئيسة والتفاصيل المساندة التي تسهم في توضيح الفكرة الرئيسة، أو الرسالة العامة، أو الدروس المقدمة في النصوص الأدبية",G9.2.1.1.2,"يبين المتعلم المعنى الإجمالي للنص الشعري ، موضحا الفكر الرئيسة والجزئية فيه ، مفسرا مفرداته من خلال السياق والقرائن باستخدام مصادر ورقية ورقمية",,,,,,,,,,,,,,,,,
Grade 9,الفصل الثالث,3.1,ذكرى جدتي - جمال بن حويرب,3.1.1,القراءة,قراءة النصوص الادبية / تكامل المعرفة مع الفكر,"أن يقرأ المتعلم نصوصا شعرية وأعمالاً نثرية متنوعة ويقمها ويحللها، ويــدمــج الفكر المقدمة فيها؛ لبناء معرفة وفهم جديدين عن الفكرة المحورية، والرسائل المتضمنة في الأعمال الأدبية.",G9.2.3.1.5,يحفظ أبيات النص الشعري,,,,,,,,,,,,,,,,,
Grade 9,الفصل الثالث,3.1,خواطر الغروب - إبراهيم ناجي,3.1.2,القراءة,قراءة النصوص الادبية / معرفة الفكر الرئيسة و التفاصيل,"أن يحدد المتعلم الفكر الرئيسة والتفاصيل المساندة التي تسهم في توضيح الفكرة الرئيسة، أو الرسالة العامة، أو الدروس المقدمة في النصوص الأدبية",G9.2.1.1.2,"يبين المتعلم المعنى الإجمالي للنص الشعري ، موضحا الفكر الرئيسة والجزئية فيه ، مفسرا مفرداته باستخدام مصادر ورقية ورقمية مستنتجا الدلالات التعبيرية الايحائية",,,,,,,,,,,,,,,,,
Grade 9,الفصل الثالث,3.1,خواطر الغروب - إبراهيم ناجي,3.1.2,القراءة,قراءة النصوص الادبية / تكامل المعرفة مع الفكر,"أن يقرأ المتعلم نصوصا شعرية وأعمالاً نثرية متنوعة ويقمها ويحللها، ويــدمــج الفكر المقدمة فيها؛ لبناء معرفة وفهم جديدين عن الفكرة المحورية، والرسائل المتضمنة في الأعمال الأدبية.",G9.2.3.1.5,يحفظ القصيدة الشعرية,,,,,,,,,,,,,,,,,
Grade 9,الفصل الثالث,3.1,قصة العم خشبة - مريم الساعدي,3.1.3,القراءة,قراءة النصوص الادبية / معرفة الفكر الرئيسة و التفاصيل,"أن يحدد المتعلم الفكر الرئيسة والتفاصيل المساندة التي تسهم في توضيح الفكرة الرئيسة، أو الرسالة العامة، أو الدروس المقدمة في النصوص الأدبية",G9.2.1.1.1,يحلل المتعلم تطور الفكرة الرئيسة أو وجهة النظر في النص وكيف نتجت وتشكلت وتطورت من خلال تفاصيل محددة,,,,,,,,,,,,,,,,,
Grade 9,الفصل الثالث,3.1,قصة العم خشبة - مريم الساعدي,3.1.3,القراءة,قراءة النصوص الادبية / تحليل النص,"أن يحدد المتعلم جوانب معينة في النصوص الأدبية ويفهمها،ويحلل عناصر النص وخيارات المؤلفين في اختيار الكلمت والأساليب الأدبية المناسبة لنصوصهم.",G9.2.2.1.1,يبين تأثير الألفاظ في إظهار العاطفة وتوضيح المشاعر,,,,,,,,,,,,,,,,,
Grade 9,الفصل الثالث,3.1,الحصالة - د. أحمد زياد محبك,3.1.4,القراءة,قراءة النصوص الادبية / معرفة الفكر الرئيسة و التفاصيل,"أن يحدد المتعلم الفكر الرئيسة والتفاصيل المساندة التي تسهم في توضيح الفكرة الرئيسة، أو الرسالة العامة، أو الدروس المقدمة في النصوص الأدبية",G9.2.1.1.1,يحلل المتعلم تطور الفكرة الرئيسة أو وجهة النظر من خلال تفاصيل محددة,,,,,,,,,,,,,,,,,
Grade 9,الفصل الثالث,3.1,الحصالة - د. أحمد زياد محبك,3.1.4,اللغة (المعجم),اللغة / اكتساب المفردات واستخدامها (المعجم),أن يفسر المفردات الجديدة من خلال سياقاتها المختلفة,G9.6.1.1.2,يفسر المتعلم الأسماء والأفعال مستعينا بمفرداتها وأضدادها,,,,,,,,,,,,,,,,,
Grade 9,الفصل الثالث,3.1,في حياة طفلة - جميلة البشري,3.1.5,القراءة,قراءة النصوص الادبية / تكامل المعرفة مع الفكر,"أن يقرأ المتعلم نصوصا شعرية وأعمالاً نثرية متنوعة ويقمها ويحللها، ويــدمــج الفكر المقدمة فيها؛ لبناء معرفة وفهم جديدين عن الفكرة المحورية، والرسائل المتضمنة في الأعمال الأدبية.",G9.2.3.1.2,"يتعرف أفكار النص ، رابطا خبراته الشخصية بالخبرات الجديدة ويستنتج دلالات وصف زمن الحدث",,,,,,,,,,,,,,,,,
Grade 9,الفصل الثالث,3.1,في حياة طفلة - جميلة البشري,3.1.5,القراءة,قراءة النصوص الادبية / تكامل المعرفة مع الفكر,"أن يقرأ المتعلم نصوصا شعرية وأعمالاً نثرية متنوعة ويقمها ويحللها، ويــدمــج الفكر المقدمة فيها؛ لبناء معرفة وفهم جديدين عن الفكرة المحورية، والرسائل المتضمنة في الأعمال الأدبية.",G9.2.3.1.4,يحلل أفكار النص محددا كيف تفاعلت وبنيت علي بعضها ويبرزها موظفا الأدلة الإقناعية,,,,,,,,,,,,,,,,,
Grade 9,الفصل الثالث,3.1,اترك بصمة إنجازك - شيخة المسكري,3.1.6,القراءة,قراءة النصوص الادبية / تكامل المعرفة مع الفكر,"أن يقرأ المتعلم نصوصا شعرية وأعمالاً نثرية متنوعة ويقمها ويحللها، ويــدمــج الفكر المقدمة فيها؛ لبناء معرفة وفهم جديدين عن الفكرة المحورية، والرسائل المتضمنة في الأعمال الأدبية.",G9.2.3.1.2,"يتعرف أفكار النص ، رابطا خبراته الشخصية بالخبرات الجديدة ويستنتج دلالات وصف زمن الحدث",,,,,,,,,,,,,,,,,
Grade 9,الفصل الثالث,3.1,اترك بصمة إنجازك - شيخة المسكري,3.1.6,القراءة,قراءة النصوص الادبية / تكامل المعرفة مع الفكر,"أن يقرأ المتعلم نصوصا شعرية وأعمالاً نثرية متنوعة ويقمها ويحللها، ويــدمــج الفكر المقدمة فيها؛ لبناء معرفة وفهم جديدين عن الفكرة المحورية، والرسائل المتضمنة في الأعمال الأدبية.",G9.2.3.1.4,يحلل أفكار النص محددا كيف تفاعلت وبنيت علي بعضها ويبرزها موظفا الأدلة الإقناعية,,,,,,,,,,,,,,,,,
Grade 9,الفصل الثالث,3.1,مملكة الفطريات,3.1.7,القراءة,قراءة النصوص المعلوماتية / معرفة الفكر الرئيسية والتفاصيل,"أن يقرأ المتعلم النص المعلوماتي بعمق وشمولية، ويحدد الفكرة المركزية والفكر الرئيسة، ويستنتج العلاقات ضمن النص الواحد وبين النصوص المختلفة.",G9.3.1.1.1,يحدد المتعلم الفكر الرئيسة للنص مقيما دقة الأدلة وصحتها وأسلوب الجمل وفاعليته في النص ومدى كفاية الأساليب ودقتها,,,,,,,,,,,,,,,,,
Grade 9,الفصل الثالث,3.2,كيف أخدم وطني,3.2.1,الاستماع والمحادثة,الاستماع والمحادثة / استيعاب المعرفة وتقديمها,"أن يظهر المتعلم فهما لمواد مسموعة، ويتواصـل مع الآخرين مقدما المعلومات والنتائج المدعومة بالأدلة لإقناع المستمعين واستمالتهم نحو الموضوع مستخدما اللغة العربية الفصيحة.",G9.5.1.2.1,يحدد أفكار النص المسموع ويحللها,,,,,,,,,,,,,,,,,
Grade 9,الفصل الثالث,3.3,المحميات الطبيعية في دولة الإمارات العربية المتحدة,3.3.1,الاستماع والمحادثة,الاستماع والمحادثة / استيعاب المعرفة وتقديمها,"أن يشارك المتعلم في النقاشات مع معلميه وزملائه، مكيفا كلامه وفق لمجموعة متنوعة مــن السـياقات والمهام  التواصلية، مظهرا إجادته للغة العربية الفصيحة.",G9.5.1.2.2,يقدم المتعلم عرضا تقديميا معلوماتيا حول أحد المنجزات البيئية في دولة الإمارات العربية المتحدة,,,,,,,,,,,,,,,,,
Grade 9,الفصل الثالث,3.3,المحميات الطبيعية في دولة الإمارات العربية المتحدة,3.3.1,الاستماع والمحادثة,الاستماع والمحادثة / استيعاب المعرفة وتقديمها,"أن يستخدم المتعلم الوسائط الرقمية في العروض البصرية للتعبير عن المعلومات، ويفهم المــادة المعروضة من خلال هذه الوسائط.",G9.5.1.3.1,ينظم مادة العرض موظفا التقنيات والوسائط المناسبة,,,,,,,,,,,,,,,,,
Grade 9,الفصل الثالث,3.3,المحميات الطبيعية في دولة الإمارات العربية المتحدة,3.3.1,الاستماع والمحادثة,الاستماع والمحادثة / استيعاب المعرفة وتقديمها,"أن يستخدم المتعلم الوسائط الرقمية في العروض البصرية للتعبير عن المعلومات، ويفهم المــادة المعروضة من خلال هذه الوسائط.",G9.5.1.3.1,يعرض متبعا قواعد تقديم العروض,,,,,,,,,,,,,,,,,
Grade 9,الفصل الثالث,3.4,القراءة مفتاح الكون,3.4.1,الكتابة,الكتابة / إنتاج الأعمال الكتابية ونشرها,"ان ينتج المتعلم نصوصا سردية و معلوماتية واقناعية و وصفية ، وأن تظهر كتابته تقيده بالسلامة اللغوية",G9.4.2.4.3,ينتج المتعلم نصوصا سردية ومعلوماتية وإقناعية ووصفية وتظهر كتابته تقيده بالسلامة اللغوية,كتابة مقال,,,,,,,,,,,,,,,,
Grade 9,الفصل الثالث,3.4,القراءة مفتاح الكون,3.4.1,الكتابة,الكتابة / إنتاج الأعمال الكتابية ونشرها,"ان يكتب المتعلم نصوصا تعبر عن فكرة مركزية، تظهر مقدرة على التركيز والتنظيم و تدل على وعي كامل بالمتلقين ، مطورا مهاراته الكتابية من خلال مهارات الكتابة، (ما قبل الكتابة، المسودة، المراجعة) لتحرير النص",G9.4.2.3.3,يراجع مسودات متعددة مما يكتب ويعيد تحريرها للتأكد من منطقية العرض وتماسك التنظيم والوضوح واضعا في اعتباره جمهور المتلقين والغرض,,,,,,,,,,,,,,,,,
Grade 9,الفصل الثالث,3.5,الممنوع من الصرف,3.5.1,اللغة (النحو والصرف),اللغة /بنية اللغة العربية (النحو والصرف),"أن يتعرف المتعلم المفاهيم النحوية والصرفية، ويستخدمها استخداما صحيحا.",G9.6.2.2.5,يتعرف المتعلم الممنوع من الصرف ويعربه ويوظفه في مواقف حياتية,الممنوع من الصرف,,,,,,,,,,,,,,,,
Grade 9,الفصل الثالث,3.5,العدد تذكيره وتأنيثه,3.5.2,اللغة (النحو والصرف),اللغة /بنية اللغة العربية (النحو والصرف),"أن يتعرف المتعلم المفاهيم النحوية والصرفية، ويستخدمها استخداما صحيحا.",G9.6.2.2.6,يتعرف المتعلم أحكام مطابقة العدد للمعدود في التذكير والتأنيث,العدد تذكيره وتأنيثه,,,,,,,,,,,,,,,,
Grade 10,الباب الأول,1.1,الُقرآُن الكريُم,1.1.1,القراءة,الُقرآُن الكريُم والحديُث الّشريُف,,1.1.1.1,الُقرآُن الكريُم,,,,,,,,,,,,,,,,,
Grade 10,الباب الأول,1.1,أحاديُث شريفٌة,1.1.2,القراءة,الُقرآُن الكريُم والحديُث الّشريُف,,1.1.2.1,أحاديُث شريفٌة,,,,,,,,,,,,,,,,,
Grade 10,الباب الثاني,2.1,الِّشعُر الجاهلُّي,2.1.1,القراءة,النّصوُص الأدبّيُة,,2.1.1.1,إذا المرء لم يدنس السموأل بن عادياء,,,,,,,,,,,,,,,,,
Grade 10,الباب الثاني,2.1,الِّشعُر الجاهلُّي,2.1.1,القراءة,النّصوُص الأدبّيُة,,2.1.1.2,قال طرفة بن العبد ,,,,,,,,,,,,,,,,,
Grade 10,الباب الثاني,2.1,الِّشعُر في عصِر صدِر الإسلاِم والَعصِر الأموِّي,2.1.2,القراءة,النّصوُص الأدبّيُة,,2.1.2.1,باَن الَخليُط جريُرْ بُنعطَّيَ,,,,,,,,,,,,,,,,,
Grade 10,الباب الثاني,2.1,الِّشعُر في عصِر صدِر الإسلاِم والَعصِر الأموِّي,2.1.2,القراءة,النّصوُص الأدبّيُة,,2.1.2.2,قالت الخنساُءِ ترثي أخاها صخًرا,,,,,,,,,,,,,,,,,
Grade 10,الباب الثاني,2.1,الشعر في العصر العباسي,2.1.3,القراءة,النّصوُص الأدبّيُة,,2.1.3.1,حلل الَّربيِع ابُن وكيٍع الّتنيسِّي,,,,,,,,,,,,,,,,,
Grade 10,الباب الثاني,2.1,الشعر في العصر العباسي,2.1.3,القراءة,النّصوُص الأدبّيُة,,2.1.3.2,قال البحتري يصف الربيع,,,,,,,,,,,,,,,,,
Grade 10,الباب الثاني,2.1,الّشعُر العربُّي الحديِث ,2.1.4,القراءة,النّصوُص الأدبّيُة,,2.1.4.1,أنا من بدل بالصحب الكتابا أحمد شوقي,,,,,,,,,,,,,,,,,
Grade 10,الباب الثاني,2.1,الّشعُر العربُّي الحديِث ,2.1.4,القراءة,النّصوُص الأدبّيُة,,2.1.4.2,لا تطرق الباب -الشاعر عبد الرزاق الواحد,,,,,,,,,,,,,,,,,
Grade 10,الباب الثاني,2.1,الّشعُر العربُّي الحديِث ,2.1.4,القراءة,النّصوُص الأدبّيُة,,2.1.4.3,سْفُر أّيوب بدر شاكر السّياب,,,,,,,,,,,,,,,,,
Grade 10,الباب الثاني,2.1,الحركة الشعِرية في دولة الإمارات العربية المتحدة,2.1.5,القراءة,النّصوُص الأدبّيُة,,2.1.5.1,شيخ العرب - محمد خليفة حاضر المهيري,,,,,,,,,,,,,,,,,
Grade 10,الباب الثاني,2.1,الحركة الشعِرية في دولة الإمارات العربية المتحدة,2.1.5,القراءة,النّصوُص الأدبّيُة,,2.1.5.2,وطُن العْطِرِ - علي الشّعالي,,,,,,,,,,,,,,,,,
Grade 10,الباب الثاني,2.1,الحركة الشعِرية في دولة الإمارات العربية المتحدة,2.1.5,القراءة,النّصوُص الأدبّيُة,,2.1.5.3,إمارات الوفاء ناصر البكر الزعابي,,,,,,,,,,,,,,,,,
Grade 10,الباب الثاني,2.1,الحركة الشعِرية في دولة الإمارات العربية المتحدة,2.1.5,القراءة,النّصوُص الأدبّيُة,,2.1.5.4, َخواطِر دوحة الدكتور شهاب غانم,,,,,,,,,,,,,,,,,
Grade 10,الباب الثاني,2.1,الحركة الشعِرية في دولة الإمارات العربية المتحدة,2.1.5,القراءة,النّصوُص الأدبّيُة,,2.1.5.5,هنا في الخليج - صالحة عبيد غابش,,,,,,,,,,,,,,,,,
Grade 10,الباب الثاني,2.1,الحركة الشعِرية في دولة الإمارات العربية المتحدة,2.1.5,القراءة,النّصوُص الأدبّيُة,,2.1.5.6,إمارات الابتكار والسلام نايف عبدالله الهريس,,,,,,,,,,,,,,,,,
Grade 10,الباب الثاني,2.1,شعر عالمي,2.1.6,القراءة,النّصوُص الأدبّيُة,,2.1.6.1,مختارات عالمية من الشعر,,,,,,,,,,,,,,,,,
Grade 10,الباب الثالث,3.1,القصة القصيرة,3.1.1,القراءة,القصة القصيرة,,3.1.1.1,اِلخبز - (فولفجانج بورشيرت),,,,,,,,,,,,,,,,,
Grade 10,الباب الثالث,3.1,القصة القصيرة,3.1.1,القراءة,القصة القصيرة,,3.1.1.2,مصباُح الَحّماِم - لطيفُة الحاُّج,,,,,,,,,,,,,,,,,
Grade 10,الباب الثالث,3.1,القصة القصيرة,3.1.1,القراءة,القصة القصيرة,,3.1.1.3,زعتر وزنجبيل - د. سعاد العريمي,,,,,,,,,,,,,,,,,
Grade 10,الباب الثالث,3.1,القصة القصيرة,3.1.1,القراءة,القصة القصيرة,,3.1.1.4,الَكْرتونـَةِ - نايف النَّواْيَسة,,,,,,,,,,,,,,,,,
Grade 10,الباب الثالث,3.1,القصة القصيرة,3.1.1,القراءة,القصة القصيرة,,3.1.1.5,الّشاِعُر النَّمُر - تاكاشيما تون,,,,,,,,,,,,,,,,,
Grade 10,الباب الثالث,3.1,القصة القصيرة,3.1.1,القراءة,القصة القصيرة,,3.1.1.6,الشقاء - (أنطون تشيخوف),,,,,,,,,,,,,,,,,
Grade 10,الباب الثالث,3.1,القصة القصيرة,3.1.1,القراءة,القصة القصيرة,,3.1.1.7,العابرونٍ فوق شظاياهم - عبد العزيز الفارسي,,,,,,,,,,,,,,,,,
Grade 10,الباب الثالث,3.1,القصة القصيرة,3.1.1,القراءة,القصة القصيرة,,3.1.1.8,بقعة زيت - مريم الساعدي,,,,,,,,,,,,,,,,,
Grade 10,الباب الرابع,4.1,الّسيرُة الأدبّيُة,4.1.1,القراءة,أدُب الّسيِر والّرحلات,,4.1.1.1,اسمها تجربة - (أرسكين كالدويل),,,,,,,,,,,,,,,,,
Grade 10,الباب الرابع,4.1,الّسيرُة الأدبّيُة,4.1.1,القراءة,أدُب الّسيِر والّرحلات,,4.1.1.2,الأّياُم - طه حسين,,,,,,,,,,,,,,,,,
Grade 10,الباب الرابع,4.1,الّسيرُة الأدبّيُة,4.1.1,القراءة,أدُب الّسيِر والّرحلات,,4.1.1.3,ذكرياٌت مدرسّيٌة - المازني,,,,,,,,,,,,,,,,,
Grade 10,الباب الخامس,5.1,المقالات,5.1.1,القراءة,نصوص الرأي,,5.1.1.1,العتاب صابون القلوب! - ميخائيل نعيمة,,,,,,,,,,,,,,,,,
Grade 10,الباب الخامس,5.1,المقالات,5.1.1,القراءة,نصوص الرأي,,5.1.1.2,الُّدوُل بيَن الابتكاِر أِوالاندثاِر - صاحُب الّسمِّو الّشيُخ محمُد بُن راشد آِل مكتومٍ,,,,,,,,,,,,,,,,,
Grade 10,الباب الخامس,5.1,المقالات,5.1.1,القراءة,نصوص الرأي,,5.1.1.3,(الفيس بوك) والعقل الجمعي - د. موزة أحمد راشد العبار,,,,,,,,,,,,,,,,,
Grade 10,الباب الخامس,5.1,المقالات,5.1.1,القراءة,نصوص الرأي,,5.1.1.4,الطبيعة مدرسة دائمة - رشدي المعلوف,,,,,,,,,,,,,,,,,
Grade 10,الباب الخامس,5.1,المقالات,5.1.1,القراءة,نصوص الرأي,,5.1.1.5,كيف أنقذتني الكتابة - سلطان العميمي,,,,,,,,,,,,,,,,,
Grade 10,الباب الخامس,5.1,الأعمدة الصحفية,5.1.2,القراءة,نصوص الرأي,,5.1.2.1,شْعَرٌةَ يراها العاِلُم - مهرُة بنُت أحمَد,,,,,,,,,,,,,,,,,
Grade 10,الباب الخامس,5.1,الأعمدة الصحفية,5.1.2,القراءة,نصوص الرأي,,5.1.2.2, َمتى تختفي ظاهرة (السيلفي) أحمد الحديدي,,,,,,,,,,,,,,,,,
Grade 10,الباب الخامس,5.1,الأعمدة الصحفية,5.1.2,القراءة,نصوص الرأي,,5.1.2.3,اعترافات في عام القراءة عبد الله الشويخ,,,,,,,,,,,,,,,,,
Grade 10,الباب الخامس,5.1,الأعمدة الصحفية,5.1.2,القراءة,نصوص الرأي,,5.1.2.4,كاتب وراء كاتب وراء كاتب - خالد السويدي,,,,,,,,,,,,,,,,,
Grade 10,الباب السادس,6.1,النصوص المعلوماتية,6.1.1,القراءة,النصوص المعلوماتية,,6.1.1.1,الّتسّوُق الإلكترونُّي الأمُل والّطموُح,,,,,,,,,,,,,,,,,
Grade 10,الباب السادس,6.1,النصوص المعلوماتية,6.1.1,القراءة,النصوص المعلوماتية,,6.1.1.2,الأّمل والطموح,,,,,,,,,,,,,,,,,
Grade 10,الباب السادس,6.1,النصوص المعلوماتية,6.1.1,القراءة,النصوص المعلوماتية,,6.1.1.3,كيفية تقدير الذات عائشة نوفل,,,,,,,,,,,,,,,,,
Grade 10,الباب السادس,6.1,النصوص المعلوماتية,6.1.1,القراءة,النصوص المعلوماتية,,6.1.1.4,تاريخ الأعداد,,,,,,,,,,,,,,,,,
Grade 10,الباب السادس,6.1,النصوص المعلوماتية,6.1.1,القراءة,النصوص المعلوماتية,,6.1.1.5,القطاعات السبعة الأكثر استفادة من الذكاء الاصطناعي,,,,,,,,,,,,,,,,,
Grade 10,الوحدة الأولى,1.1,حسن الخلق,1.1.1,القراءة,قراءة النصوص المعلوماتية / معرفة الفكر الرئيسية والتفاصيل,"أن يقرأ المتعلم النص المعلوماتي بعمق وشمولية، ويحدد الفكرة المركزية والفكر الرئيسة، ويستنتج العلاقات ضمن النص الواحد وبين النصوص المختلفة.",G10.3.1.1.1,يحفظ الحديث النبوي الشريف,,,,,,,,,,,,,,,,,
Grade 10,الوحدة الأولى,1.1,حسن الخلق,1.1.1,القراءة,قراءة: نصوص أدبية / تحليل النص,"أن يحدد المتعلم جوانب معينة في النصوص الأدبية ويفهمها،ويحلل عناصر النص وخيارات المؤلفين في اختيار الكلمت والأساليب الأدبية المناسبة لنصوصهم.",G10.2.2.1.10,يحدد الفكرة المحورية للحديث,,,,,,,,,,,,,,,,,
Grade 10,الوحدة الأولى,1.2,شعر: إذا المرء لم يدنس - السموأل بن عادياء,1.2.1,القراءة,قراءة: نصوص أدبية / معرفة الفكر الرئيسية والتفاصيل,"أن يحدد المتعلم الفكر الرئيسة والتفاصيل المساندة التي تسهم في توضيح الفكرة الرئيسة، أو الرسالة العامة، أو الدروس المقدمة في النصوص الأدبية",G10.2.1.1.1,"يبين المتعلم المعني الاجمالي للنص الشعري، موضحا الفكرة الرئيسية و الفكر الجزئية فيه، مفسرا مفرداته من خلال السياق و القرائن، باستخدام مصادر رقمية و ورقية متعددة",,,,,,,,,,,,,,,,,
Grade 10,الوحدة الأولى,1.2,شعر: إذا المرء لم يدنس - السموأل بن عادياء,1.2.1,القراءة,قراءة: نصوص أدبية / معرفة الفكر الرئيسية والتفاصيل,"أن يحدد المتعلم الفكر الرئيسة والتفاصيل المساندة التي تسهم في توضيح الفكرة الرئيسة، أو الرسالة العامة، أو الدروس المقدمة في النصوص الأدبية",G10.2.1.1.2,يحلل المتعلم النص في سياقه التاريخي,,,,,,,,,,,,,,,,,
Grade 10,الوحدة الأولى,1.2,شعر: إذا المرء لم يدنس - السموأل بن عادياء,1.2.1,القراءة,قراءة النصوص المعلوماتية / معرفة الفكر الرئيسية والتفاصيل,"أن يقرأ المتعلم النص المعلوماتي بعمق وشمولية، ويحدد الفكرة المركزية والفكر الرئيسة، ويستنتج العلاقات ضمن النص الواحد وبين النصوص المختلفة.",G10.3.1.1.1,يحفظ المتعلم النص,,,,,,,,,,,,,,,,,
Grade 10,الوحدة الأولى,1.2,شعر: بان الخليط - جرير بن عطية,1.2.2,القراءة,قراءة: نصوص أدبية / تحليل النص,"أن يحدد المتعلم جوانب معينة في النصوص الأدبية ويفهمها،ويحلل عناصر النص وخيارات المؤلفين في اختيار الكلمت والأساليب الأدبية المناسبة لنصوصهم.",G10.2.2.1.1,يحلل النص الشعري تحليلا فكريا و نقديا و بلاغيا,,,,,,,,,,,,,,,,,
Grade 10,الوحدة الأولى,1.2,شعر: بان الخليط - جرير بن عطية,1.2.2,القراءة,قراءة: نصوص أدبية / تحليل النص,"أن يحدد المتعلم جوانب معينة في النصوص الأدبية ويفهمها،ويحلل عناصر النص وخيارات المؤلفين في اختيار الكلمت والأساليب الأدبية المناسبة لنصوصهم.",G10.2.2.1.1,يوضح الفكرة الرئيسية والفكر الفرعية,,,,,,,,,,,,,,,,,
Grade 10,الوحدة الأولى,1.2,شعر: بان الخليط - جرير بن عطية,1.2.2,القراءة,قراءة: نصوص أدبية / تحليل النص,"أن يحدد المتعلم جوانب معينة في النصوص الأدبية ويفهمها،ويحلل عناصر النص وخيارات المؤلفين في اختيار الكلمت والأساليب الأدبية المناسبة لنصوصهم.",G10.2.2.1.7,"يبين دور التنوع في الأساليب، و دور الإيقاع في التعبير عن عاطفة الشاعر",,,,,,,,,,,,,,,,,
Grade 10,الوحدة الأولى,1.2,شعر: بان الخليط - جرير بن عطية,1.2.2,القراءة,قراءة النصوص المعلوماتية / معرفة الفكر الرئيسية والتفاصيل,"أن يقرأ المتعلم النص المعلوماتي بعمق وشمولية، ويحدد الفكرة المركزية والفكر الرئيسة، ويستنتج العلاقات ضمن النص الواحد وبين النصوص المختلفة.",G10.3.1.1.1,يحفظ بعض أبيات القصيدة,,,,,,,,,,,,,,,,,
Grade 10,الوحدة الأولى,1.2,قصة قصيرة: الخبز - فولفجانج بورشيرت,1.2.3,القراءة,قراءة: نصوص أدبية / تحليل النص,"أن يحدد المتعلم جوانب معينة في النصوص الأدبية ويفهمها،ويحلل عناصر النص وخيارات المؤلفين في اختيار الكلمت والأساليب الأدبية المناسبة لنصوصهم.",G10.2.2.1.11,يحدد المتعلم فكرة النص,,,,,,,,,,,,,,,,,
Grade 10,الوحدة الأولى,1.2,قصة قصيرة: الخبز - فولفجانج بورشيرت,1.2.3,القراءة,قراءة: نصوص أدبية / تحليل النص,"أن يحدد المتعلم جوانب معينة في النصوص الأدبية ويفهمها،ويحلل عناصر النص وخيارات المؤلفين في اختيار الكلمت والأساليب الأدبية المناسبة لنصوصهم.",G10.2.2.1.11,يبين تأثير الالفاظ في بيان العاطفة و توضيح المشاعر,,,,,,,,,,,,,,,,,
Grade 10,الوحدة الأولى,1.2,قصة قصيرة: مصباح الحمام - لطيفة الحاج,1.2.4,القراءة,قراءة: نصوص أدبية / تكامل المعرفة مع الفكر,"أن يقرأ المتعلم نصوصا شعرية وأعمالاً نثرية متنوعة ويقمها ويحللها، ويــدمــج الفكر المقدمة فيها؛ لبناء معرفة وفهم جديدين عن الفكرة المحورية، والرسائل المتضمنة في الأعمال الأدبية.",G10.2.3.1.1,"يحلل المتعلم القصة إلى عناصرها، مبينا كيف رتب المؤلف احداثها، مثل (استخدام الحبكات المتوازية، والتلاعب في الزمن، و زيادة سرعة الأحداث، والذكريات التي يفكر فيها شخوص النص، واشارات لما يمكن أن يحدث في المستقبل) مقيما تأثير هذه الخيارات في احداث التوتر و المفاجأة",,,,,,,,,,,,,,,,,
Grade 10,الوحدة الأولى,1.2,سيرة ذاتية: اسمها التجربة - أرسكين كالدويل,1.2.5,القراءة,قراءة: نصوص أدبية / تحليل النص,"أن يحدد المتعلم جوانب معينة في النصوص الأدبية ويفهمها،ويحلل عناصر النص وخيارات المؤلفين في اختيار الكلمت والأساليب الأدبية المناسبة لنصوصهم.",G10.2.2.1.9,يحدد خصائص السير الذاتية,,,,,,,,,,,,,,,,,
Grade 10,الوحدة الأولى,1.2,سيرة ذاتية: اسمها التجربة - أرسكين كالدويل,1.2.5,اللغة (المعجم),اللغة / اكتساب المفردات واستخدامها (المعجم),أن يفسر المفردات الجديدة من خلال سياقاتها المختلفة,G10.6.1.1.2,يطور مفرداته بالبجث عن معاني الكلمات في المعجم,,,,,,,,,,,,,,,,,
Grade 10,الوحدة الأولى,1.2,سيرة ذاتية: اسمها التجربة - أرسكين كالدويل,1.2.5,القراءة,قراءة: نصوص أدبية / تحليل النص,"أن يحدد المتعلم جوانب معينة في النصوص الأدبية ويفهمها،ويحلل عناصر النص وخيارات المؤلفين في اختيار الكلمت والأساليب الأدبية المناسبة لنصوصهم.",G10.2.2.1.9,يحلل احداث السيرة الذاتية,,,,,,,,,,,,,,,,,
Grade 10,الوحدة الأولى,1.2,سيرة ذاتية: اسمها التجربة - أرسكين كالدويل,1.2.5,القراءة,قراءة: نصوص أدبية / تحليل النص,"أن يحدد المتعلم جوانب معينة في النصوص الأدبية ويفهمها،ويحلل عناصر النص وخيارات المؤلفين في اختيار الكلمت والأساليب الأدبية المناسبة لنصوصهم.",G10.2.2.1.9,يربط خبراته الشخصية بالخبرات التر أظهرتها السيرة,,,,,,,,,,,,,,,,,
Grade 10,الوحدة الأولى,1.3,مقال: العتاب صابون القلوب - ميخائيل نعمة,1.3.1,القراءة,قراءة النصوص المعلوماتية / معرفة الفكر الرئيسية والتفاصيل,"أن يقرأ المتعلم النص المعلوماتي بعمق وشمولية، ويحدد الفكرة المركزية والفكر الرئيسة، ويستنتج العلاقات ضمن النص الواحد وبين النصوص المختلفة.",G10.3.1.1.3,يحلل المتعلم فكر النص محددا كيف تفاعلت و بنيت على بعضها بعضا,,,,,,,,,,,,,,,,,
Grade 10,الوحدة الأولى,1.3,مقال: العتاب صابون القلوب - ميخائيل نعمة,1.3.1,القراءة,قراءة النصوص المعلوماتية / تحليل النص,"أن يحدد المتعلم جوانب معينة في النصوص الأدبية ويفهمها،ويحلل عناصر النص وخيارات المؤلفين في اختيار الكلمت والأساليب الأدبية المناسبة لنصوصهم.",G10.3.2.1.3,"يقيم المتعلم أسلوب الكاتب في عرض جمله، و فاعليتها في الشرح والاقناع و تقديم الحجج",,,,,,,,,,,,,,,,,
Grade 10,الوحدة الأولى,1.3,مقال: العتاب صابون القلوب - ميخائيل نعمة,1.3.1,القراءة,قراءة النصوص المعلوماتية / تكامل المعرفة مع النهارات,"أن يتبين وظيفة النص من خلال الوسائط المختلفة، وينقد ما جاء فيه من معارف وآراء، ويبني خبرات جديدة ليوظفها في نتاجات متنوعة",G10.3.3.1.1,يقيم المتعلم مدى كفاية الأساليب و دقتها و مناسبة استخدام الكاتب لها من وجهة نظره,,,,,,,,,,,,,,,,,
Grade 10,الوحدة الأولى,1.3,عمود صحفي: شعرة يراها العالم - مهرة بنت أحمد,1.3.2,القراءة,قراءة: نصوص أدبية / تحليل النص,"أن يحدد المتعلم جوانب معينة في النصوص الأدبية ويفهمها،ويحلل عناصر النص وخيارات المؤلفين في اختيار الكلمت والأساليب الأدبية المناسبة لنصوصهم.",G10.2.2.1.12,يحدد الظاهرة التي يناقشها المقال,,,,,,,,,,,,,,,,,
Grade 10,الوحدة الأولى,1.3,عمود صحفي: شعرة يراها العالم - مهرة بنت أحمد,1.3.2,القراءة,قراءة: نصوص أدبية / تحليل النص,"أن يحدد المتعلم جوانب معينة في النصوص الأدبية ويفهمها،ويحلل عناصر النص وخيارات المؤلفين في اختيار الكلمت والأساليب الأدبية المناسبة لنصوصهم.",G10.2.2.1.12,يعلل وجهة نظر الكاتب,,,,,,,,,,,,,,,,,
Grade 10,الوحدة الأولى,1.3,عمود صحفي: شعرة يراها العالم - مهرة بنت أحمد,1.3.2,القراءة,قراءة: نصوص أدبية / تحليل النص,"أن يحدد المتعلم جوانب معينة في النصوص الأدبية ويفهمها،ويحلل عناصر النص وخيارات المؤلفين في اختيار الكلمت والأساليب الأدبية المناسبة لنصوصهم.",G10.2.2.1.12,يميز القيم المتضمنة في المقال,,,,,,,,,,,,,,,,,
Grade 10,الوحدة الأولى,1.3,عمود صحفي: متى تختفي ظاهرة السيلفي - أحمد الحديدي,1.3.3,اللغة (المعجم),اللغة / اكتساب المفردات واستخدامها (المعجم),أن ينمي المتعلم معجمه اللغوي بالمصطلحات في مجالاتها العلمية والحياتية,G10.6.1.1.4,يفسر بعض المصطلحات العلمية,,,,,,,,,,,,,,,,,
Grade 10,الوحدة الأولى,1.3,عمود صحفي: متى تختفي ظاهرة السيلفي - أحمد الحديدي,1.3.3,القراءة,قراءة: نصوص أدبية / تحليل النص,"أن يحدد المتعلم جوانب معينة في النصوص الأدبية ويفهمها،ويحلل عناصر النص وخيارات المؤلفين في اختيار الكلمت والأساليب الأدبية المناسبة لنصوصهم.",G10.2.2.1.5,يحلل فكرة المقال,,,,,,,,,,,,,,,,,
Grade 10,الوحدة الأولى,1.3,عمود صحفي: متى تختفي ظاهرة السيلفي - أحمد الحديدي,1.3.3,القراءة,قراءة: نصوص أدبية / تحليل النص,"أن يحدد المتعلم جوانب معينة في النصوص الأدبية ويفهمها،ويحلل عناصر النص وخيارات المؤلفين في اختيار الكلمت والأساليب الأدبية المناسبة لنصوصهم.",G10.2.2.1.9,يربط خبراته الخاصة بأفكار المقال,,,,,,,,,,,,,,,,,
Grade 10,الوحدة الأولى,1.4,التسوق الالكتروني,1.4.1,القراءة,قراءة النصوص المعلوماتية / معرفة الفكر الرئيسية والتفاصيل,"أن يقرأ المتعلم النص المعلوماتي بعمق وشمولية، ويحدد الفكرة المركزية والفكر الرئيسة، ويستنتج العلاقات ضمن النص الواحد وبين النصوص المختلفة.",G10.3.1.1.2,"يحدد المتعلم الفكر الرئيسية من خلال تحليل المعلومات الصريحة و الضمنية، مستشهدا بمصادر متعددة من الأدلة التي تدعم تحليله، محددا نوعها مثل: احصاءات، و أرقام، وأدلة منطقية، و تجارب، و مواقف،..",,,,,,,,,,,,,,,,,
Grade 10,الوحدة الأولى,1.4,التسوق الالكتروني,1.4.1,القراءة,قراءة النصوص المعلوماتية / معرفة الفكر الرئيسية والتفاصيل,"أن يقرأ المتعلم النص المعلوماتي بعمق وشمولية، ويحدد الفكرة المركزية والفكر الرئيسة، ويستنتج العلاقات ضمن النص الواحد وبين النصوص المختلفة.",G10.3.1.1.3,"يحلل فكر النص، محددا كيف تفاعلت، و بنيت على بعضها",,,,,,,,,,,,,,,,,
Grade 10,الوحدة الأولى,1.4,الأمل و الطموح,1.4.2,القراءة,قراءة: نصوص معلوماتية  / تحليل النص,"أن يحدد المتعلم جوانب معينة في النصوص الأدبية ويفهمها،ويحلل عناصر النص وخيارات المؤلفين في اختيار الكلمت والأساليب الأدبية المناسبة لنصوصهم.",G10.3.2.1.2,يحلل أفكار النص,,,,,,,,,,,,,,,,,
Grade 10,الوحدة الأولى,1.4,الأمل و الطموح,1.4.2,القراءة,قراءة: نصوص معلوماتية  / تحليل النص,"أن يحدد المتعلم جوانب معينة في النصوص الأدبية ويفهمها،ويحلل عناصر النص وخيارات المؤلفين في اختيار الكلمت والأساليب الأدبية المناسبة لنصوصهم.",G10.3.2.1.2,يرز القيم و المعاني التي يظهرها النص,,,,,,,,,,,,,,,,,
Grade 10,الوحدة الأولى,1.4,الأمل و الطموح,1.4.2,القراءة,قراءة النصوص المعلوماتية / تكامل المعرفة مع المهارات,"أن يتبين وظيفة النص من خلال الوسائط المختلفة، وينقد ما جاء فيه من معارف وآراء، ويبني خبرات جديدة ليوظفها في نتاجات متنوعة",G10.3.3.1.3,"يقيم الأدلة من حيث صلتها بالموضوع، و صحتها و كفايتها",,,,,,,,,,,,,,,,,
Grade 10,الوحدة الأولى,1.5,ست صفات,1.5.1,الاستماع والمحادثة,الاستماع والمحادثة / استيعاب المعرفة وتقديمها,"أن يظهر المتعلم فهما لمواد مسموعة، ويتواصـل مع الآخرين مقدما المعلومات والنتائج المدعومة بالأدلة لإقناع المستمعين واستمالتهم نحو الموضوع مستخدما اللغة العربية الفصيحة.",G10.5.1.1.1,يحلل المادة المسموعة محددا الفكر والنقاط الرئيسية و طبيعة الحجج المقدمة فيه,,,,,,,,,,,,,,,,,
Grade 10,الوحدة الأولى,1.5,ست صفات,1.5.1,الاستماع والمحادثة,الاستماع والمحادثة / استيعاب المعرفة وتقديمها,"أن يشارك المتعلم في النقاشات مع معلميه وزملائه، مكيفا كلامه وفق لمجموعة متنوعة مــن السـياقات والمهام  التواصلية، مظهرا إجادته للغة العربية الفصيحة.",G10.5.1.2.1,يناقش ما ورد في النص من أفكار و يبين موقفه منها,,,,,,,,,,,,,,,,,
Grade 10,الوحدة الأولى,1.5,عشر خطوات,1.5.2,الاستماع والمحادثة,الاستماع والمحادثة / استيعاب المعرفة وتقديمها,"أن يظهر المتعلم فهما لمواد مسموعة، ويتواصـل مع الآخرين مقدما المعلومات والنتائج المدعومة بالأدلة لإقناع المستمعين واستمالتهم نحو الموضوع مستخدما اللغة العربية الفصيحة.",G10.5.1.1.1,"يحلل المادة المسموعة (نص أدبي) محددا الفكر، والنقاط الرئيسية، و طبيعة الحجج المقدمة فيه",,,,,,,,,,,,,,,,,
Grade 10,الوحدة الأولى,1.5,عشر خطوات,1.5.2,الاستماع والمحادثة,الاستماع والمحادثة / استيعاب المعرفة وتقديمها,"أن يشارك المتعلم في النقاشات مع معلميه وزملائه، مكيفا كلامه وفق لمجموعة متنوعة مــن السـياقات والمهام  التواصلية، مظهرا إجادته للغة العربية الفصيحة.",G10.5.1.2.1,يناقش ما ورد في النص من أفكار و يبين موقفه منها,,,,,,,,,,,,,,,,,
Grade 10,الوحدة الأولى,1.6,قصة مثل,1.6.1,الاستماع والمحادثة,الاستماع والمحادثة / استيعاب المعرفة وتقديمها,"أن يشارك المتعلم في النقاشات مع معلميه وزملائه، مكيفا كلامه وفق لمجموعة متنوعة مــن السـياقات والمهام  التواصلية، مظهرا إجادته للغة العربية الفصيحة.",G10.5.1.2.2,"يقدم عرضا تقديميا معلوماتيا، مظهرا إحاطة تامة في الموضوع المطروق بالإجابة عن أسئلة المستمعين مستخدما اللغة العربية الفصيحة و لغة الجسد المناسبة",,,,,,,,,,,,,,,,,
Grade 10,الوحدة الأولى,1.6,القراءة المثمرة,1.6.2,الاستماع والمحادثة,الاستماع والمحادثة / استيعاب المعرفة وتقديمها,"أن يشارك المتعلم في النقاشات مع معلميه وزملائه، مكيفا كلامه وفق لمجموعة متنوعة مــن السـياقات والمهام  التواصلية، مظهرا إجادته للغة العربية الفصيحة.",G10.5.1.2.3,"يقدم عرضا تقديميا اقناعيا، مؤكدا على رأيه و داعما له بالأدلة، وعلاقات السبب والنتيجة، والاستراتيجيات الأخرى، و يرد على الأسئلة الناتجة عن عرضه بترابط منطقي و احترام، مستخدما اللغة العربية الفصيحة",,,,,,,,,,,,,,,,,
Grade 10,الوحدة الأولى,1.7,استجابة على القصة,1.7.1,الكتابة,الكتابة / انتاج الاعمال الكتابية ونشرها,"ان ينتج المتعلم نصوصا سردية و معلوماتية واقناعية و وصفية ، وأن تظهر كتابته تقيده بالسلامة اللغوية",G10.4.2.2.3,يسجل استجابته لنص أدبي قرأه,كتابة استجابة أدبية,,,,,,,,,,,,,,,,
Grade 10,الوحدة الأولى,1.7,كتابة سيرة أدبية,1.7.2,الكتابة,الكتابة / انتاج الاعمال الكتابية ونشرها,"ان ينتج المتعلم نصوصا سردية و معلوماتية واقناعية و وصفية ، وأن تظهر كتابته تقيده بالسلامة اللغوية",G10.4.2.2.2,"يكتب سيرا ذاتية أو غيرية مترابطة الأحداث، واصفا المشاهد والأحداث والحركات، موظفا الحوار و الوصف و السرد",كتابة سيرة أدبية,,,,,,,,,,,,,,,,
Grade 10,الوحدة الأولى,1.8,صيغ المبالغة,1.8.1,اللغة (النحو والصرف),اللغة / بنية اللغة العربية (النحو والصرف),"أن يتعرف المتعلم المفاهيم النحوية والصرفية، ويستخدمها استخداما صحيحا.",G10.6.2.1.2,"يتعرف صيغ مبالغة اسم الفاعل، و يوظفها في مواقف حياتية",صيغ المبالغة,,,,,,,,,,,,,,,,
Grade 10,الوحدة الأولى,1.8,الصفة المشبهة,1.8.2,اللغة (النحو والصرف),اللغة / بنية اللغة العربية (النحو والصرف),"أن يتعرف المتعلم المفاهيم النحوية والصرفية، ويستخدمها استخداما صحيحا.",G10.6.2.1.3,"يتعرف الصفة المشبهة ، و يشتقها، و يعربها في نصوص، منتبها إلى وظائفها النحوية المختلفة، يوظفها في مواقف حياتية",الصفة المشبهة,,,,,,,,,,,,,,,,
Grade 10,الوحدة الأولى,1.9,الاستعارة,1.9.1,اللغة (البلاغة),اللغة / بنية اللغة العربية (البلاغة),"أن يتعرف المتعلم المفاهيم البلاغية، ويتذوقها ويوظفها في إنتاجه اللغوي",G10.6.3.1.2,يظهر المتعلم فهما جيدا لمفهوم الاستعارة بوصفه شكلا من أشكال التعبير البياني,,,,,,,,,,,,,,,,,
Grade 10,الوحدة الأولى,1.9,الاستعارة,1.9.1,اللغة (البلاغة),اللغة / بنية اللغة العربية (البلاغة),"أن يتعرف المتعلم المفاهيم البلاغية، ويتذوقها ويوظفها في إنتاجه اللغوي",G10.6.3.1.2,يتعرف نوعي الاستعارة بحسب الطرف المحذوف فيها,الاستعارة ,,,,,,,,,,,,,,,,
Grade 10,الوحدة الأولى,1.9,الاستعارة,1.9.1,اللغة (البلاغة),اللغة / بنية اللغة العربية (البلاغة),"أن يتعرف المتعلم المفاهيم البلاغية، ويتذوقها ويوظفها في إنتاجه اللغوي",G10.6.3.1.2,ينتج جملا تتضمن استعارات مختلفة,,,,,,,,,,,,,,,,,
Grade 10,الوحدة الثانية,2.1,سورة القلم,2.1.1,القراءة,قراءة النصوص المعلوماتية / معرفة الفكر الرئيسية والتفاصيل,"أن يقرأ المتعلم النص المعلوماتي بعمق وشمولية، ويحدد الفكرة المركزية والفكر الرئيسة، ويستنتج العلاقات ضمن النص الواحد وبين النصوص المختلفة.",G10.3.1.1.1,يحفظ الطالب الايات,,,,,,,,,,,,,,,,,
Grade 10,الوحدة الثانية,2.1,سورة القلم,2.1.1,القراءة,قراءة: نصوص أدبية / معرفة الفكر الرئيسية والتفاصيل,"أن يحدد المتعلم الفكر الرئيسة والتفاصيل المساندة التي تسهم في توضيح الفكرة الرئيسة، أو الرسالة العامة، أو الدروس المقدمة في النصوص الأدبية",G10.2.1.1.2,يحلل معانيها ضمن سياقاتها ملتفتا الى خصائص النص القراني فيها,,,,,,,,,,,,,,,,,
Grade 10,الوحدة الثانية,2.2,شعر: حلل الربيع - ابن وكيع التنيسي,2.2.1,القراءة,قراءة: نصوص أدبية / تحليل النص,"أن يحدد المتعلم جوانب معينة في النصوص الأدبية ويفهمها،ويحلل عناصر النص وخيارات المؤلفين في اختيار الكلمت والأساليب الأدبية المناسبة لنصوصهم.",G10.2.2.1.1,يحلل النص الشعري تحليلا فكريا و نقديا و بلاغيا,,,,,,,,,,,,,,,,,
Grade 10,الوحدة الثانية,2.2,شعر: حلل الربيع - ابن وكيع التنيسي,2.2.1,القراءة,قراءة: نصوص أدبية / معرفة الفكر الرئيسية والتفاصيل,"أن يحدد المتعلم الفكر الرئيسة والتفاصيل المساندة التي تسهم في توضيح الفكرة الرئيسة، أو الرسالة العامة، أو الدروس المقدمة في النصوص الأدبية",G10.2.1.1.1,يوضح الفكرة الرئيسية والفكر الفرعية,,,,,,,,,,,,,,,,,
Grade 10,الوحدة الثانية,2.2,شعر: حلل الربيع - ابن وكيع التنيسي,2.2.1,اللغة (البلاغة),اللغة / بنية اللغة العربية (البلاغة),"أن يتعرف المتعلم المفاهيم البلاغية، ويتذوقها ويوظفها في إنتاجه اللغوي",G10.6.3.1.2,يبين دور الصور الفنية (التشبيه والاستعارة) و دور المحسنات البديعية (الطباق) في ابراز جمال المعنى,وظيفة الصور الفنية (التشبيه والاستعارة) والمحسنات البديعية (الطباق).,,,,,,,,,,,,,,,,
Grade 10,الوحدة الثانية,2.2,شعر: حلل الربيع - ابن وكيع التنيسي,2.2.1,القراءة,قراءة النصوص المعلوماتية / معرفة الفكر الرئيسية والتفاصيل,"أن يقرأ المتعلم النص المعلوماتي بعمق وشمولية، ويحدد الفكرة المركزية والفكر الرئيسة، ويستنتج العلاقات ضمن النص الواحد وبين النصوص المختلفة.",G10.3.1.1.1,يحفظ عشر أبيات من القصيدة,,,,,,,,,,,,,,,,,
Grade 10,الوحدة الثانية,2.2,شعر: أنا من بدل بالصحب الكتابا - أحمد شوقي,2.2.2,القراءة,قراءة: نصوص أدبية / تحليل النص,"أن يحدد المتعلم جوانب معينة في النصوص الأدبية ويفهمها،ويحلل عناصر النص وخيارات المؤلفين في اختيار الكلمت والأساليب الأدبية المناسبة لنصوصهم.",G10.2.2.1.1,يحلل النص الشعري تحليلا فكريا و نقديا و بلاغيا,,,,,,,,,,,,,,,,,
Grade 10,الوحدة الثانية,2.2,شعر: أنا من بدل بالصحب الكتابا - أحمد شوقي,2.2.2,القراءة,قراءة: نصوص أدبية / معرفة الفكر الرئيسية والتفاصيل,"أن يحدد المتعلم الفكر الرئيسة والتفاصيل المساندة التي تسهم في توضيح الفكرة الرئيسة، أو الرسالة العامة، أو الدروس المقدمة في النصوص الأدبية",G10.2.1.1.1,يوضح الفكرة الرئيسية والفكر الفرعية,,,,,,,,,,,,,,,,,
Grade 10,الوحدة الثانية,2.2,شعر: أنا من بدل بالصحب الكتابا - أحمد شوقي,2.2.2,القراءة,قراءة النصوص المعلوماتية / معرفة الفكر الرئيسية والتفاصيل,"أن يقرأ المتعلم النص المعلوماتي بعمق وشمولية، ويحدد الفكرة المركزية والفكر الرئيسة، ويستنتج العلاقات ضمن النص الواحد وبين النصوص المختلفة.",G10.3.1.1.1,يحفظ أبيات القصيدة,,,,,,,,,,,,,,,,,
Grade 10,الوحدة الثانية,2.2,قصة قصيرة: زعتر و زنجبيل - د. سعاد زايد العريمي,2.2.3,القراءة,قراءة: نصوص أدبية / تحليل النص,"أن يحدد المتعلم جوانب معينة في النصوص الأدبية ويفهمها،ويحلل عناصر النص وخيارات المؤلفين في اختيار الكلمت والأساليب الأدبية المناسبة لنصوصهم.",G10.2.2.1.2,يحلل المتعلم علاقة الزمان والمكان بفكرة القصة القصيرة وتأثيرهما في تطوير (الحبكة) فيها,,,,,,,,,,,,,,,,,
Grade 10,الوحدة الثانية,2.2,قصة قصيرة: زعتر و زنجبيل - د. سعاد زايد العريمي,2.2.3,القراءة,قراءة: نصوص أدبية / تحليل النص,"أن يحدد المتعلم جوانب معينة في النصوص الأدبية ويفهمها،ويحلل عناصر النص وخيارات المؤلفين في اختيار الكلمت والأساليب الأدبية المناسبة لنصوصهم.",G10.2.2.1.3,يحلل تطور الكاتب للزمن من خلال تقنية (الاسترجاع),,,,,,,,,,,,,,,,,
Grade 10,الوحدة الثانية,2.2,قصة قصيرة: الكرتونة - نايف النوايسة,2.2.4,القراءة,قراءة: نصوص أدبية / معرفة الفكر الرئيسية والتفاصيل,"أن يحدد المتعلم جوانب معينة في النصوص الأدبية ويفهمها،ويحلل عناصر النص وخيارات المؤلفين في اختيار الكلمت والأساليب الأدبية المناسبة لنصوصهم.",G10.2.1.1.3,يحلل تطور الفكرة الرئيسية أو وجهة النظر في النص و كيف نتجت و تشكلت و تطورت من خلال تفاصيل محددة,,,,,,,,,,,,,,,,,
Grade 10,الوحدة الثانية,2.2,قصة قصيرة: الشاعر النمر - تاكا شيما تون,2.2.5,القراءة,قراءة: نصوص أدبية / تحليل النص,"أن يحدد المتعلم جوانب معينة في النصوص الأدبية ويفهمها،ويحلل عناصر النص وخيارات المؤلفين في اختيار الكلمت والأساليب الأدبية المناسبة لنصوصهم.",G10.6.1.2.2,يتعرف مفهوم الرمز ووظيفته في القصة,,,,,,,,,,,,,,,,,
Grade 10,الوحدة الثانية,2.2,قصة قصيرة: الشاعر النمر - تاكا شيما تون,2.2.5,القراءة,قراءة: نصوص أدبية / تكامل المعرفة مع الفكر,"أن يقرأ المتعلم نصوصا شعرية وأعمالاً نثرية متنوعة ويقمها ويحللها، ويــدمــج الفكر المقدمة فيها؛ لبناء معرفة وفهم جديدين عن الفكرة المحورية، والرسائل المتضمنة في الأعمال الأدبية.",G10.2.3.1.1,يحلل أحداث القصة,,,,,,,,,,,,,,,,,
Grade 10,الوحدة الثانية,2.2,قصة قصيرة: الشاعر النمر - تاكا شيما تون,2.2.5,الكتابة,الكتابة / البحث عن المعلومات,أن يبحث المتعلم عن المعلومات ويطبقها في موضوعات كتابية تستند إلى أغراض محددة تظهر فهمه بالمادة التي يبحث عنها وتتناسب مع غرض الكتابة وطبيعتها.,G10.4.1.1.2,يطور معجمه اللغوي بالبحث عن المترادفات والأضداد,,,,,,,,,,,,,,,,,
Grade 10,الوحدة الثانية,2.2,سيرة ذاتية: الأيام - طه حسين,2.2.6,القراءة,قراءة النصوص الأدبية / تحليل النص,"أن يحدد المتعلم جوانب معينة في النصوص الأدبية ويفهمها،ويحلل عناصر النص وخيارات المؤلفين في اختيار الكلمت والأساليب الأدبية المناسبة لنصوصهم.",G10.2.2.1.9,يحدد خصائص السير الذاتية,,,,,,,,,,,,,,,,,
Grade 10,الوحدة الثانية,2.2,سيرة ذاتية: الأيام - طه حسين,2.2.6,الكتابة,الكتابة / البحث عن المعلومات,أن يبحث المتعلم عن المعلومات ويطبقها في موضوعات كتابية تستند إلى أغراض محددة تظهر فهمه بالمادة التي يبحث عنها وتتناسب مع غرض الكتابة وطبيعتها.,G10.4.1.1.2,يطور مفرداته بالبحث عن معاني الكلمات في المعجم,,,,,,,,,,,,,,,,,
Grade 10,الوحدة الثانية,2.2,سيرة ذاتية: الأيام - طه حسين,2.2.6,القراءة,قراءة: نصوص أدبية / تحليل النص,"أن يحدد المتعلم جوانب معينة في النصوص الأدبية ويفهمها،ويحلل عناصر النص وخيارات المؤلفين في اختيار الكلمت والأساليب الأدبية المناسبة لنصوصهم.",G10.2.2.1.9,يحلل أحداث السيرة الذاتية,,,,,,,,,,,,,,,,,
Grade 10,الوحدة الثانية,2.2,سيرة ذاتية: الأيام - طه حسين,2.2.6,القراءة,قراءة: نصوص أدبية / تحليل النص,"أن يحدد المتعلم جوانب معينة في النصوص الأدبية ويفهمها،ويحلل عناصر النص وخيارات المؤلفين في اختيار الكلمت والأساليب الأدبية المناسبة لنصوصهم.",G10.2.2.1.9,يربط بين أحداث السيرة الذاتية,,,,,,,,,,,,,,,,,
Grade 10,الوحدة الثانية,2.3,مقال: الدول بين الابتكار أو الاندثار - صاحب السمو الشيخ محمد بن راشد ال مكتوم,2.3.1,القراءة,قراءة: نصوص أدبية / معرفة الفكر الرئيسية والتفاصيل,"أن يحدد المتعلم الفكر الرئيسة والتفاصيل المساندة التي تسهم في توضيح الفكرة الرئيسة، أو الرسالة العامة، أو الدروس المقدمة في النصوص الأدبية",G10.2.1.1.3,يحلل أفكار النص,,,,,,,,,,,,,,,,,
Grade 10,الوحدة الثانية,2.3,مقال: الدول بين الابتكار أو الاندثار - صاحب السمو الشيخ محمد بن راشد ال مكتوم,2.3.1,القراءة,قراءة: نصوص أدبية / معرفة الفكر الرئيسية والتفاصيل,"أن يحدد المتعلم الفكر الرئيسة والتفاصيل المساندة التي تسهم في توضيح الفكرة الرئيسة، أو الرسالة العامة، أو الدروس المقدمة في النصوص الأدبية",G10.2.1.1.3,"يحلل وجهة النظر في النص، و كيفية تشكلها من خلال تفاصيل محددة",,,,,,,,,,,,,,,,,
Grade 10,الوحدة الثانية,2.3,عمود صحفي: الفيس بوك و العقل الجمعي - د. موزة أحمد راشد العبار,2.3.2,القراءة,قراءة: نصوص أدبية / معرفة الفكر الرئيسية والتفاصيل,"أن يحدد المتعلم الفكر الرئيسة والتفاصيل المساندة التي تسهم في توضيح الفكرة الرئيسة، أو الرسالة العامة، أو الدروس المقدمة في النصوص الأدبية",G10.2.1.1.3,يحلل المتعلم تطور الفكرة الرئيسية أو وجهة النظر في النص من خلال تفاصيل محددة,,,,,,,,,,,,,,,,,
Grade 10,الوحدة الثانية,2.3,عمود صحفي: الفيس بوك و العقل الجمعي - د. موزة أحمد راشد العبار,2.3.2,القراءة,قراءة: نصوص أدبية / تحليل النص,"أن يحدد المتعلم جوانب معينة في النصوص الأدبية ويفهمها،ويحلل عناصر النص وخيارات المؤلفين في اختيار الكلمت والأساليب الأدبية المناسبة لنصوصهم.",G10.2.2.1.4,"يحلل المتعلم النص أو جزءا من النص الذي يعبر فيه المؤلف عن موقفه أو تعليقه على قضية اجتماعية أو موضوع آخر، مقيما مدى تمكن المؤلف من تحقيق غايته",,,,,,,,,,,,,,,,,
Grade 10,الوحدة الثانية,2.3,عمود صحفي: اعترافات في عام القراءة - عبدالله الشويخ,2.3.3,الكتابة,الكتابة / البحث عن المعلومات,أن يبحث المتعلم عن المعلومات ويطبقها في موضوعات كتابية تستند إلى أغراض محددة تظهر فهمه بالمادة التي يبحث عنها وتتناسب مع غرض الكتابة وطبيعتها.,G10.4.1.1.1,يحلل المتعلم فكرة المقال,,,,,,,,,,,,,,,,,
Grade 10,الوحدة الثانية,2.3,عمود صحفي: اعترافات في عام القراءة - عبدالله الشويخ,2.3.3,الكتابة,الكتابة / البحث عن المعلومات,أن يبحث المتعلم عن المعلومات ويطبقها في موضوعات كتابية تستند إلى أغراض محددة تظهر فهمه بالمادة التي يبحث عنها وتتناسب مع غرض الكتابة وطبيعتها.,G10.4.1.1.1,يربط المتعلم خبراته الخاصة بأفكار المقال,,,,,,,,,,,,,,,,,
Grade 10,الوحدة الثانية,2.4,كيفية تقدير الذات - عائشة نوفل,2.4.1,القراءة,قراءة: نصوص معلوماتية / تحليل النص,"أن يحلل المتعلم عناصر النص واختيار الكاتب للكلمات، ويقيم الطرائق التي تساهم فيها تراكيب الجمل في بناء النص، وأساليب عرض وجهة النظر، أو طريقة كتابة النص وطباعته.",G10.3.2.1.3,"يقيم المتعلم أسلوب الكاتب في عرض جمله، و فاعليتها في الشرح والاقناع و تقديم الحجج",,,,,,,,,,,,,,,,,
Grade 10,الوحدة الثانية,2.4,كيفية تقدير الذات - عائشة نوفل,2.4.1,القراءة,قراءة: نصوص معلوماتية / تحليل النص,"أن يحلل المتعلم عناصر النص واختيار الكاتب للكلمات، ويقيم الطرائق التي تساهم فيها تراكيب الجمل في بناء النص، وأساليب عرض وجهة النظر، أو طريقة كتابة النص وطباعته.",G10.3.2.1.1,يقرأ عن موضوع ما من مصادر مختلفة ثم يعيد كتابة الفكر العامة بلغته منشئا نصا جديدا و مبديا رأيه في مصادره,,,,,,,,,,,,,,,,,
Grade 10,الوحدة الثانية,2.5,كيف تكون مبدعا؟,2.5.1,الاستماع والمحادثة,الاستماع والمحادثة / استيعاب المعرفة وتقديمها,"أن يظهر المتعلم فهما لمواد مسموعة، ويتواصـل مع الآخرين مقدما المعلومات والنتائج المدعومة بالأدلة لإقناع المستمعين واستمالتهم نحو الموضوع مستخدما اللغة العربية الفصيحة.",G10.5.1.1.1,يحلل المادة المسموعة محددا الفكر والنقاط الرئيسية و طبيعة الحجج المقدمة فيه,,,,,,,,,,,,,,,,,
Grade 10,الوحدة الثانية,2.5,كيف تكون مبدعا؟,2.5.1,الاستماع والمحادثة,الاستماع والمحادثة / استيعاب المعرفة وتقديمها,"أن يشارك المتعلم في النقاشات مع معلميه وزملائه، مكيفا كلامه وفق لمجموعة متنوعة مــن السـياقات والمهام  التواصلية، مظهرا إجادته للغة العربية الفصيحة.",G10.5.1.2.1,يناقش ما ورد في النص من أفكار و يبين موقفه منها,,,,,,,,,,,,,,,,,
Grade 10,الوحدة الثانية,2.5,لا تنتم الا لنفسك,2.5.2,الاستماع والمحادثة,الاستماع والمحادثة / استيعاب المعرفة وتقديمها,"أن يظهر المتعلم فهما لمواد مسموعة، ويتواصـل مع الآخرين مقدما المعلومات والنتائج المدعومة بالأدلة لإقناع المستمعين واستمالتهم نحو الموضوع مستخدما اللغة العربية الفصيحة.",G10.5.1.1.1,يحلل المادة المسموعة محددا الفكر والنقاط الرئيسية و طبيعة الحجج المقدمة فيه,,,,,,,,,,,,,,,,,
Grade 10,الوحدة الثانية,2.5,لا تنتم الا لنفسك,2.5.2,الاستماع والمحادثة,الاستماع والمحادثة / استيعاب المعرفة وتقديمها,"أن يشارك المتعلم في النقاشات مع معلميه وزملائه، مكيفا كلامه وفق لمجموعة متنوعة مــن السـياقات والمهام  التواصلية، مظهرا إجادته للغة العربية الفصيحة.",G10.5.1.2.1,يناقش ما ورد في النص من أفكار و يبين موقفه منها,,,,,,,,,,,,,,,,,
Grade 10,الوحدة الثانية,2.6,قصيدة ابن وكيع التنيسي,2.6.1,الاستماع والمحادثة,الاستماع والمحادثة / استيعاب المعرفة وتقديمها,"أن يستخدم المتعلم الوسائط الرقمية في العروض البصرية للتعبير عن المعلومات، ويفهم المــادة المعروضة من خلال هذه الوسائط.",G10.5.1.3.2,يقدم عرضا شفويا معلوماتيا مستخدما وسائل مرئية داعمة و مستثمرا التقنيات الحديثة,,,,,,,,,,,,,,,,,
Grade 10,الوحدة الثانية,2.6,قصيدة ابن وكيع التنيسي,2.6.1,الاستماع والمحادثة,الاستماع والمحادثة / استيعاب المعرفة وتقديمها,"أن يستخدم المتعلم الوسائط الرقمية في العروض البصرية للتعبير عن المعلومات، ويفهم المــادة المعروضة من خلال هذه الوسائط.",G10.5.1.3.2,ينظم عرضه تنظيما جيدا,,,,,,,,,,,,,,,,,
Grade 10,الوحدة الثانية,2.6,قصيدة ابن وكيع التنيسي,2.6.1,الاستماع والمحادثة,الاستماع والمحادثة / استيعاب المعرفة وتقديمها,"أن يشارك المتعلم في النقاشات مع معلميه وزملائه، مكيفا كلامه وفق لمجموعة متنوعة مــن السـياقات والمهام  التواصلية، مظهرا إجادته للغة العربية الفصيحة.",G10.5.1.3.2,يلتزم الوقت المحدد له,,,,,,,,,,,,,,,,,
Grade 10,الوحدة الثانية,2.6,"بعد 10 سنوات، من انا؟",2.6.2,الاستماع والمحادثة,الاستماع والمحادثة / استيعاب المعرفة وتقديمها,"أن يشارك المتعلم في النقاشات مع معلميه وزملائه، مكيفا كلامه وفق لمجموعة متنوعة مــن السـياقات والمهام  التواصلية، مظهرا إجادته للغة العربية الفصيحة.",G10.5.1.2.2,"يقدم عرضا تقديميا ذاتيا، يعبر فيه عن نفسه، بطلاقة و ثقة",,,,,,,,,,,,,,,,,
Grade 10,الوحدة الثانية,2.6,"بعد 10 سنوات، من انا؟",2.6.2,الاستماع والمحادثة,الاستماع والمحادثة / استيعاب المعرفة وتقديمها,"أن يشارك المتعلم في النقاشات مع معلميه وزملائه، مكيفا كلامه وفق لمجموعة متنوعة مــن السـياقات والمهام  التواصلية، مظهرا إجادته للغة العربية الفصيحة.",G10.5.1.2.2,يرد على الأسئلة الناتجة عن عرضه بترابط منطقي وباحترام مستخدما اللغة العربية الفصيحة,,,,,,,,,,,,,,,,,
Grade 10,الوحدة الثانية,2.6,مناظرة حول وسائل التواصل الاجتماعي,2.6.3,الاستماع والمحادثة,الاستماع والمحادثة / استيعاب المعرفة وتقديمها,"أن يشارك المتعلم في النقاشات مع معلميه وزملائه، مكيفا كلامه وفق لمجموعة متنوعة مــن السـياقات والمهام  التواصلية، مظهرا إجادته للغة العربية الفصيحة.",G10.5.1.2.3,"يقدم عرضا تقديميا إقناعيا، مؤكدا على رأيه، و داعما له بالأدلة، و علاقات السبب والنتيجة، والاسترتيجات الأخرى، و يرد على الأسئلة الناتجة عن عرضه بترابط منطقي، وباحترام، مستخدما اللغة العربية الفصيحة",,,,,,,,,,,,,,,,,
Grade 10,الوحدة الثانية,2.7,لماذا يجب أن أكون مبتكرا؟,2.7.1,الكتابة,الكتابة / انتاج الاعمال الكتابية ونشرها,"ان يكتب المتعلم نصوصا تعبر عن فكرة مركزية، تظهر مقدرة على التركيز والتنظيم و تدل على وعي كامل بالمتلقين ، مطورا مهاراته الكتابية من خلال مهارات الكتابة، (ما قبل الكتابة، المسودة، المراجعة) لتحرير النص",G10.4.2.1.1,"يظهر في كتابته قدرة واضحة على السيطرة على الموضوع، مراعيا السلامة اللغوية",,,,,,,,,,,,,,,,,
Grade 10,الوحدة الثانية,2.7,لماذا يجب أن أكون مبتكرا؟,2.7.1,الكتابة,الكتابة/ البحث لبناء المعرفة وتقديمها,أن يبحث المتعلم عن المعلومات ويطبقها في موضوعات كتابية تستند إلى أغراض محددة تظهر فهمه بالمادة التي يبحث عنها وتتناسب مع غرض الكتابة وطبيعتها.,G10.4.1.1.2,يستخدم أدلة إقناعية لإبراز أفكاره,كتابة نص إقناعي,,,,,,,,,,,,,,,,
Grade 10,الوحدة الثانية,2.7,لماذا يجب أن أكون مبتكرا؟,2.7.1,الكتابة,الكتابة / انتاج الاعمال الكتابية ونشرها,"ان يكتب المتعلم نصوصا تعبر عن فكرة مركزية، تظهر مقدرة على التركيز والتنظيم و تدل على وعي كامل بالمتلقين ، مطورا مهاراته الكتابية من خلال مهارات الكتابة، (ما قبل الكتابة، المسودة، المراجعة) لتحرير النص",G10.4.2.2.4,يتقيد بالأطر التنظيمية في كتابة مقالة,,,,,,,,,,,,,,,,,
Grade 10,الوحدة الثانية,2.7,الصغيران,2.7.2,الكتابة,الكتابة / انتاج الاعمال الكتابية ونشرها,"ان ينتج المتعلم نصوصا سردية و معلوماتية واقناعية و وصفية ، وأن تظهر كتابته تقيده بالسلامة اللغوية",G10.4.2.2.6,يكتب مقالا وصفيا ذاكرا التفاصيل الخارجية للأماكن والأحاسيس والمشاعر الداخلية للشخصيات,كتابة مقال وصفي,,,,,,,,,,,,,,,,
Grade 10,الوحدة الثانية,2.7,الصغيران,2.7.2,الكتابة,الكتابة / انتاج الاعمال الكتابية ونشرها,"ان يكتب المتعلم نصوصا تعبر عن فكرة مركزية، تظهر مقدرة على التركيز والتنظيم و تدل على وعي كامل بالمتلقين ، مطورا مهاراته الكتابية من خلال مهارات الكتابة، (ما قبل الكتابة، المسودة، المراجعة) لتحرير النص",G10.4.2.1.3,"يراجع مسودات متعددة لمل يكتب، و يعيد تحريرها، واضعا في اعتباره الغرض والوضوح و دقة الألفاظ و جمهور المتلقين",,,,,,,,,,,,,,,,,
Grade 10,الوحدة الثانية,2.7,اعترافات حول القراءة والكتاب,2.7.3,الكتابة,الكتابة / انتاج الاعمال الكتابية ونشرها,"ان ينتج المتعلم نصوصا سردية و معلوماتية واقناعية و وصفية ، وأن تظهر كتابته تقيده بالسلامة اللغوية","ان ينتج المتعلم نصوصا سردية و معلوماتية واقناعية و وصفية ، وأن تظهر كتابته تقيده بالسلامة اللغوية","ان ينتج المتعلم نصوصا سردية ومعلوماتية واقناعية ووصفية،وأن تظهر كتابته تقيده بالسلامة اللغوية",,,,,,,,,,,,,,,,,
Grade 10,الوحدة الثانية,2.8,الاستثناء,2.8.1,اللغة (النحو والصرف),اللغة / بنية اللغة العربية (النحو والصرف),"أن يتعرف المتعلم المفاهيم النحوية والصرفية، ويستخدمها استخداما صحيحا.",G10.6.2.1.4,"يتعرف الطالب أسلوب الاستثناء، ويعربه، و يوظفه في مواقفه الحياتية",الاستثناء,,,,,,,,,,,,,,,,
Grade 10,الوحدة الثانية,2.8,أسلوب الاختصاص,2.8.2,اللغة (البلاغة),اللغة / بنية اللغة العربية (البلاغة),"أن يتعرف المتعلم المفاهيم البلاغية، ويتذوقها ويوظفها في إنتاجه اللغوي",G10.6.3.1.1,"يتعرف الطالب أسلوب الاختصاص، ويعربه، و يوظفه في مواقفه الحياتية",أسلوب الاختصاص,,,,,,,,,,,,,,,,
Grade 10,الوحدة الثانية,2.9,الطباق و المقابلة,2.9.1,اللغة (البلاغة),اللغة / بنية اللغة العربية (البلاغة),"أن يتعرف المتعلم المفاهيم البلاغية، ويتذوقها ويوظفها في إنتاجه اللغوي",G10.6.3.1.4,يتعرف مفهوم الطباق و المقابلة,الطباق و المقابلة,,,,,,,,,,,,,,,,
Grade 10,الوحدة الثانية,2.9,الطباق و المقابلة,2.9.1,اللغة (البلاغة),اللغة / بنية اللغة العربية (البلاغة),"أن يتعرف المتعلم المفاهيم البلاغية، ويتذوقها ويوظفها في إنتاجه اللغوي",G10.6.3.1.4,"ينتج جملا تتضمنهما، مميزا بينهما",,,,,,,,,,,,,,,,,
Grade 10,الوحدة الثالثة,3.1,شعر: قصيدة شيخ العرب - محمد خليفة حاضر المهيري,3.1.1,القراءة,قراءة: نصوص أدبية / تحليل النص,"أن يحدد المتعلم جوانب معينة في النصوص الأدبية ويفهمها،ويحلل عناصر النص وخيارات المؤلفين في اختيار الكلمت والأساليب الأدبية المناسبة لنصوصهم.",G10.2.2.1.1,يحلل النص الشعري تحليلا فكريا و نقديا و بلاغيا,,,,,,,,,,,,,,,,,
Grade 10,الوحدة الثالثة,3.1,شعر: قصيدة شيخ العرب - محمد خليفة حاضر المهيري,3.1.1,القراءة,قراءة: نصوص أدبية / تحليل النص,"أن يحدد المتعلم جوانب معينة في النصوص الأدبية ويفهمها،ويحلل عناصر النص وخيارات المؤلفين في اختيار الكلمت والأساليب الأدبية المناسبة لنصوصهم.",G10.2.2.1.1,يوضح الفكرة الرئيسية والفكر الفرعية,,,,,,,,,,,,,,,,,
Grade 10,الوحدة الثالثة,3.1,شعر: قصيدة شيخ العرب - محمد خليفة حاضر المهيري,3.1.1,القراءة,قراءة النصوص المعلوماتية / معرفة الفكر الرئيسية والتفاصيل,"أن يقرأ المتعلم النص المعلوماتي بعمق وشمولية، ويحدد الفكرة المركزية والفكر الرئيسة، ويستنتج العلاقات ضمن النص الواحد وبين النصوص المختلفة.",G10.3.1.1.1,يحفظ عشر أبيات من القصيدة,,,,,,,,,,,,,,,,,
Grade 10,الوحدة الثالثة,3.1,لا تطرق الباب - عبد الرزاق عبد الواحد,3.1.2,القراءة,قراءة: نصوص أدبية / تحليل النص,"أن يحدد المتعلم جوانب معينة في النصوص الأدبية ويفهمها،ويحلل عناصر النص وخيارات المؤلفين في اختيار الكلمت والأساليب الأدبية المناسبة لنصوصهم.",G10.2.2.1.1,يحلل النص الشعري تحليلا فكريا ونقديا وبلاغيا موضحا فكره الرئيسة والفرعية,,,,,,,,,,,,,,,,,
Grade 10,الوحدة الثالثة,3.1,لا تطرق الباب - عبد الرزاق عبد الواحد,3.1.2,القراءة,قراءة النصوص المعلوماتية / معرفة الفكر الرئيسية والتفاصيل,"أن يقرأ المتعلم النص المعلوماتي بعمق وشمولية، ويحدد الفكرة المركزية والفكر الرئيسة، ويستنتج العلاقات ضمن النص الواحد وبين النصوص المختلفة.",G10.3.1.1.1,يحفظ عشرة آبيات من القصيدة,,,,,,,,,,,,,,,,,
Grade 10,الوحدة الثالثة,3.1,الشقاء - إنطون تشيخوف,3.1.3,القراءة,قراءة: نصوص أدبية / تحليل النص,"أن يحدد المتعلم جوانب معينة في النصوص الأدبية ويفهمها،ويحلل عناصر النص وخيارات المؤلفين في اختيار الكلمت والأساليب الأدبية المناسبة لنصوصهم.",G10.2.2.1.11,"يحدد المتعلم فكرة النص القصصي ، مبينا تأثير الأللفاظ في بيان العاطفة ، وتوضيح المشاعر",,,,,,,,,,,,,,,,,
Grade 10,الوحدة الثالثة,3.1,الرجل العجوز عند الجسر - إرنست همنجواي,3.1.4,القراءة,قراءة: نصوص أدبية / تحليل النص,"أن يحدد المتعلم جوانب معينة في النصوص الأدبية ويفهمها،ويحلل عناصر النص وخيارات المؤلفين في اختيار الكلمت والأساليب الأدبية المناسبة لنصوصهم.",G10.2.2.1.2,يحدد المتعلم علاقة الزمان والمكان فكرة القصة القصيرة وتأثيرهما في تطوير الحبكة فيها,,,,,,,,,,,,,,,,,
Grade 10,الوحدة الثالثة,3.1,الرجل العجوز عند الجسر - إرنست همنجواي,3.1.4,القراءة,قراءة: نصوص أدبية / تحليل النص,"أن يحدد المتعلم جوانب معينة في النصوص الأدبية ويفهمها،ويحلل عناصر النص وخيارات المؤلفين في اختيار الكلمت والأساليب الأدبية المناسبة لنصوصهم.",G10.2.2.1.4,يحلل المتعلم نصا ادبيا او جزءا منه ذاكرا الأسباب التي دفعت المؤلف للتعبير عن أفكاره أو تعليقه علي قضية اجتماعية او إنسانية,,,,,,,,,,,,,,,,,
Grade 10,الوحدة الثالثة,3.2,مقال: الطبيعة مدرسة دائمة - رشدي المعلوف,3.2.1,القراءة,قراءة النصوص المعلوماتية / معرفة الفكر الرئيسية والتفاصيل,"أن يقرأ المتعلم النص المعلوماتي بعمق وشمولية، ويحدد الفكرة المركزية والفكر الرئيسة، ويستنتج العلاقات ضمن النص الواحد وبين النصوص المختلفة.",G10.3.1.1.3,يحلل المتعلم فكر النص محددا كيف تفاعلت و بنيت على بعضها بعضا,,,,,,,,,,,,,,,,,
Grade 10,الوحدة الثالثة,3.2,مقال: الطبيعة مدرسة دائمة - رشدي المعلوف,3.2.1,القراءة,قراءة: نصوص معلوماتية / تحليل النص,"أن يحلل المتعلم عناصر النص واختيار الكاتب للكلمات، ويقيم الطرائق التي تساهم فيها تراكيب الجمل في بناء النص، وأساليب عرض وجهة النظر، أو طريقة كتابة النص وطباعته.",G10.3.2.1.3,"يقيم المتعلم أسلوب الكاتب في عرض جمله، و فاعليتها في الشرح والاقناع و تقديم الحجج",,,,,,,,,,,,,,,,,
Grade 10,الوحدة الثالثة,3.2,مقال: الطبيعة مدرسة دائمة - رشدي المعلوف,3.2.1,القراءة,قراءة: نصوص أدبية / تكامل المعرفة مع الفكر,"أن يقرأ المتعلم نصوصا شعرية وأعمالاً نثرية متنوعة ويقمها ويحللها، ويــدمــج الفكر المقدمة فيها؛ لبناء معرفة وفهم جديدين عن الفكرة المحورية، والرسائل المتضمنة في الأعمال الأدبية.",G10.2.3.1.2,يفهم المتعلم مقاصد الكاتب والمعاني المضمنة في جمله و عباراته,,,,,,,,,,,,,,,,,
Grade 10,الوحدة الثالثة,3.2,مقال : كيف أنقذتني الكتابة - سلطان العميمي,3.2.2,القراءة,قراءة: نصوص معلوماتية  / تحليل النص,"أن يحلل المتعلم عناصر النص واختيار الكاتب للكلمات، ويقيم الطرائق التي تساهم فيها تراكيب الجمل في بناء النص، وأساليب عرض وجهة النظر، أو طريقة كتابة النص وطباعته.",G10.3.2.1.2,يتعرف الأفكار التي يعرضها المقال,,,,,,,,,,,,,,,,,
Grade 10,الوحدة الثالثة,3.2,مقال : كيف أنقذتني الكتابة - سلطان العميمي,3.2.2,القراءة,قراءة: نصوص أدبية / تكامل المعرفة مع الفكر,"أن يقرأ المتعلم نصوصا شعرية وأعمالاً نثرية متنوعة ويقمها ويحللها، ويــدمــج الفكر المقدمة فيها؛ لبناء معرفة وفهم جديدين عن الفكرة المحورية، والرسائل المتضمنة في الأعمال الأدبية.",G10.2.3.1.3,يحلل وجهة النظر في النص وكيفية تشكلها من خلال تفاصيل محددة,,,,,,,,,,,,,,,,,
Grade 10,الوحدة الثالثة,3.2,عمود صحفي: كاتب وراء كاتب وراء كاتب - خالد السويدي,3.2.3,القراءة,قراءة: نصوص معلوماتية  / تحليل النص,"أن يحلل المتعلم عناصر النص واختيار الكاتب للكلمات، ويقيم الطرائق التي تساهم فيها تراكيب الجمل في بناء النص، وأساليب عرض وجهة النظر، أو طريقة كتابة النص وطباعته.",G10.3.2.1.2,يحدد الظاهرة التي يناقشها المقال,,,,,,,,,,,,,,,,,
Grade 10,الوحدة الثالثة,3.2,عمود صحفي: كاتب وراء كاتب وراء كاتب - خالد السويدي,3.2.3,القراءة,قراءة: نصوص أدبية / تكامل المعرفة مع الفكر,"أن يقرأ المتعلم نصوصا شعرية وأعمالاً نثرية متنوعة ويقمها ويحللها، ويــدمــج الفكر المقدمة فيها؛ لبناء معرفة وفهم جديدين عن الفكرة المحورية، والرسائل المتضمنة في الأعمال الأدبية.",G10.2.3.1.3,يعلل وجهة نظر الكاتب,,,,,,,,,,,,,,,,,
Grade 10,الوحدة الثالثة,3.3,تاريخ الأعداد,3.3.1,القراءة,قراءة: نصوص معلوماتية  / تحليل النص,"أن يحلل المتعلم عناصر النص واختيار الكاتب للكلمات، ويقيم الطرائق التي تساهم فيها تراكيب الجمل في بناء النص، وأساليب عرض وجهة النظر، أو طريقة كتابة النص وطباعته.",G10.3.2.1.2,يحلل أفكار النص المعلوماتي,,,,,,,,,,,,,,,,,
Grade 10,الوحدة الثالثة,3.3,تاريخ الأعداد,3.3.1,القراءة,قراءة: نصوص معلوماتية  / تحليل النص,"أن يحلل المتعلم عناصر النص واختيار الكاتب للكلمات، ويقيم الطرائق التي تساهم فيها تراكيب الجمل في بناء النص، وأساليب عرض وجهة النظر، أو طريقة كتابة النص وطباعته.",G10.3.2.1.2,يبرز القيم والمعاني التي يظهرها النص,,,,,,,,,,,,,,,,,
Grade 10,الوحدة الثالثة,3.4,هل تعاني من الأرق؟,3.4.1,الاستماع والمحادثة,الاستماع والمحادثة / استيعاب المعرفة وتقديمها,"أن يظهر المتعلم فهما لمواد مسموعة، ويتواصـل مع الآخرين مقدما المعلومات والنتائج المدعومة بالأدلة لإقناع المستمعين واستمالتهم نحو الموضوع مستخدما اللغة العربية الفصيحة.",G10.5.1.1.1,يحلل المادة المسموعة محددا الفكر والنقاط الرئيسية و طبيعة الحجج المقدمة فيه,,,,,,,,,,,,,,,,,
Grade 10,الوحدة الثالثة,3.4,هل تعاني من الأرق؟,3.4.1,الاستماع والمحادثة,الاستماع والمحادثة / استيعاب المعرفة وتقديمها,"أن يشارك المتعلم في النقاشات مع معلميه وزملائه، مكيفا كلامه وفق لمجموعة متنوعة مــن السـياقات والمهام  التواصلية، مظهرا إجادته للغة العربية الفصيحة.",G10.5.1.2.1,يناقش ما ورد في النص من أفكار و يبين موقفه منها,,,,,,,,,,,,,,,,,
Grade 10,الوحدة الثالثة,3.5,عرض عن شاعر أو قاص أو روائي,3.5.1,الاستماع والمحادثة,الاستماع والمحادثة / استيعاب المعرفة وتقديمها,"أن يشارك المتعلم في النقاشات مع معلميه وزملائه، مكيفا كلامه وفق لمجموعة متنوعة مــن السـياقات والمهام  التواصلية، مظهرا إجادته للغة العربية الفصيحة.",G10.5.1.3.1,تختار المجموعة موضوعا أو كاتبا له علاقة بمحور القصة القصيرة و تقدم عرضا جماعيا حوله,,,,,,,,,,,,,,,,,
Grade 10,الوحدة الثالثة,3.5,عرض عن شاعر أو قاص أو روائي,3.5.1,الاستماع والمحادثة,الاستماع والمحادثة / استيعاب المعرفة وتقديمها,"أن يشارك المتعلم في النقاشات مع معلميه وزملائه، مكيفا كلامه وفق لمجموعة متنوعة مــن السـياقات والمهام  التواصلية، مظهرا إجادته للغة العربية الفصيحة.",G10.5.1.2.3,ترد على الأسئلة الناتجة عن عرضه بترابط منطقي و باحترام مستخدمة اللغة العربية الفصيحة,,,,,,,,,,,,,,,,,
Grade 10,الوحدة الثالثة,3.6,لماذا أحب الشيخ زايداً؟,3.6.1,الكتابة,الكتابة / انتاج الاعمال الكتابية ونشرها,"ان يكتب المتعلم نصوصا تعبر عن فكرة مركزية، تظهر مقدرة على التركيز والتنظيم و تدل على وعي كامل بالمتلقين ، مطورا مهاراته الكتابية من خلال مهارات الكتابة، (ما قبل الكتابة، المسودة، المراجعة) لتحرير النص",G10.4.2.1.1,"يظهر في كتابته قدرة واضحة على السيطرة على الموضوع، مراعيا السلامة اللغوية",,,,,,,,,,,,,,,,,
Grade 10,الوحدة الثالثة,3.6,لماذا أحب الشيخ زايداً؟,3.6.1,الكتابة,الكتابة/ البحث لبناء المعرفة وتقديمها,أن يبحث المتعلم عن المعلومات ويطبقها في موضوعات كتابية تستند إلى أغراض محددة تظهر فهمه بالمادة التي يبحث عنها وتتناسب مع غرض الكتابة وطبيعتها.,G10.4.1.1.2,يستخدم أدلة إقناعية لإبراز أفكاره,كتابة نص إقناعي,,,,,,,,,,,,,,,,
Grade 10,الوحدة الثالثة,3.6,لماذا أحب الشيخ زايداً؟,3.6.1,الكتابة,الكتابة / انتاج الاعمال الكتابية ونشرها,أن يبحث المتعلم عن المعلومات ويطبقها في موضوعات كتابية تستند إلى أغراض محددة تظهر فهمه بالمادة التي يبحث عنها وتتناسب مع غرض الكتابة وطبيعتها.,G10.4.2.2.4,يسجل الاقتباسات والمعلومات المتصلة بالموضوع,,,,,,,,,,,,,,,,,
Grade 10,الوحدة الثالثة,3.6,رسالة الى كاتب,3.6.2,الكتابة,الكتابة / انتاج الاعمال الكتابية ونشرها,أن ينتج المتعلم نصوصا سردية ومعلوماتية و اقناعية و وصفية وأن تظهر كتابته تقيده بالسلامة اللغوية,G10.4.2.2.5,يكتب رسائل ووثائق رسمية متقيدا ببنيتها و شروط تنظيمها,كتابة رسالة,,,,,,,,,,,,,,,,
Grade 10,الوحدة الثالثة,3.6,رسالة الى كاتب,3.6.2,الكتابة,الكتابة / انتاج الاعمال الكتابية ونشرها,"ان يكتب المتعلم نصوصا تعبر عن فكرة مركزية، تظهر مقدرة على التركيز والتنظيم و تدل على وعي كامل بالمتلقين ، مطورا مهاراته الكتابية من خلال مهارات الكتابة، (ما قبل الكتابة، المسودة، المراجعة) لتحرير النص",G10.4.2.1.3,"يراجع مسودات ما يكتب، و يعيد تحريرها بعد المراجعة",,,,,,,,,,,,,,,,,
Grade 10,الوحدة الثالثة,3.7,ضمائر الرفع والنصب و الجر,3.7.1,اللغة (النحو والصرف),اللغة/ بنية اللغة العربية (النحو والصرف),"أن يتعرف المتعلم المفاهيم النحوية والصرفية، ويستخدمها استخداما صحيحا.",G6.6.2.2.3,يتعرف المتعلم ضمائر الرفع و النصب و الجر المتصلة و المنفصلة و يعربها و يستخدمها في تواصله الشفهي و الكتابي استخداما صحيحا,ضمائر الرفع والنصب و الجر,"ضمائر النصب المتصلة  
ضمائر الجرّ المتصلة","ضمائر النصب المتصلة  
ضمائر الجرّ المتصلة",,,,,,,,,,,,,,
Grade 10,الوحدة الثالثة,3.8,التقديم و التأخير,3.8.1,اللغة (البلاغة),اللغة / بنية اللغة العربية (البلاغة),"أن يتعرف المتعلم المفاهيم البلاغية، ويتذوقها ويوظفها في إنتاجه اللغوي",G10.6.3.1.3,يحدد الغرض البلاغي للتقديم والتأخير (تعزيز),التقديم و التأخير,,,,,,,,,,,,,,,,
Grade 11 ,الباب الأول,1.1,القرآن الكريم,1.1.1,القراءة,القرآن الكريم و الحديث الشريف,,1.1.1.1,سورة النور,,,,,,,,,,,,,,,,,
Grade 11 ,الباب الأول,1.1,القرآن الكريم,1.1.1,القراءة,القرآن الكريم و الحديث الشريف,,1.1.1.2,سورة إبراهيم,,,,,,,,,,,,,,,,,
Grade 11 ,الباب الأول,1.1, أحاديث شريفة,1.1.2,القراءة,القرآن الكريم و الحديث الشريف,,1.1.2.1,حديث (مثل هذه الأمة مثل أربعة نفر),,,,,,,,,,,,,,,,,
Grade 11 ,الباب الثاني,1.2,الشعر: الشعر الجاهلي,1.2.1,القراءة,النصوص الأدبية,,1.2.1.1,قال المثقب العبدي,,,,,,,,,,,,,,,,,
Grade 11 ,الباب الثاني,1.2,الشعر: الشعر الجاهلي,1.2.1,القراءة,النصوص الأدبية,,1.2.1.2,قال امرؤ القيس,,,,,,,,,,,,,,,,,
Grade 11 ,الباب الثاني,1.2,الشعر: الشعر الجاهلي,1.2.1,القراءة,النصوص الأدبية,,1.2.1.3,قال زهير بن أبي سلمى,,,,,,,,,,,,,,,,,
Grade 11 ,الباب الثاني,1.2,الشعر: الشعر الجاهلي,1.2.1,القراءة,النصوص الأدبية,,1.2.1.4,قال المهلهل يرثي أخاه كليبا,,,,,,,,,,,,,,,,,
Grade 11 ,الباب الثاني,1.2,الشعر: الشعر في عصر صدر الإسلام والعصر الأموي,1.2.1,القراءة,النصوص الأدبية,,1.2.1.5,قال مالك بن الريب التميمي,,,,,,,,,,,,,,,,,
Grade 11 ,الباب الثاني,1.2,الشعر: الشعر في عصر صدر الإسلام والعصر الأموي,1.2.1,القراءة,النصوص الأدبية,,1.2.1.6,قال عبدالله بن الدمينة,,,,,,,,,,,,,,,,,
Grade 11 ,الباب الثاني,1.2,الشعر: الشعر في عصر صدر الإسلام والعصر الأموي,1.2.1,القراءة,النصوص الأدبية,,1.2.1.7,قال كثير عزة,,,,,,,,,,,,,,,,,
Grade 11 ,الباب الثاني,1.2,الشعر: الشعر في العصر العباسي,1.2.1,القراءة,النصوص الأدبية,,1.2.1.8,أراك عصي الدمع- أبو فراس الحمداني,,,,,,,,,,,,,,,,,
Grade 11 ,الباب الثاني,1.2,الشعر: الشعر في العصر العباسي,1.2.1,القراءة,النصوص الأدبية,,1.2.1.9,قال المتنبي,,,,,,,,,,,,,,,,,
Grade 11 ,الباب الثاني,1.2,الشعر: الشعر في العصر العباسي,1.2.1,القراءة,النصوص الأدبية,,1.2.1.10,قال صالح بن عبدالقدوس,,,,,,,,,,,,,,,,,
Grade 11 ,الباب الثاني,1.2,الشعر: الشعر العربي الحديث,1.2.1,القراءة,النصوص الأدبية,,1.2.1.11,الطين - ايليا ابو ماضي,,,,,,,,,,,,,,,,,
Grade 11 ,الباب الثاني,1.2,الشعر: الشعر العربي الحديث,1.2.1,القراءة,النصوص الأدبية,,1.2.1.12,سامحيني هديل - غازي القصيبي,,,,,,,,,,,,,,,,,
Grade 11 ,الباب الثاني,1.2,الشعر: الشعر العربي الحديث,1.2.1,القراءة,النصوص الأدبية,,1.2.1.13,خمس رسائل إلى أمي - نزار قباني,,,,,,,,,,,,,,,,,
Grade 11 ,الباب الثاني,1.2,الشعر: الشعر العربي الحديث,1.2.1,القراءة,النصوص الأدبية,,1.2.1.14,جبل - عمر أبي ريشة,,,,,,,,,,,,,,,,,
Grade 11 ,الباب الثاني,1.2,الشعر: الشعر العربي الحديث,1.2.1,القراءة,النصوص الأدبية,,1.2.1.15,فكر بغيرك - محمود درويش,,,,,,,,,,,,,,,,,
Grade 11 ,الباب الثاني,1.2,الشعر: الحركة الشعرية في دولة الامارات العربية المتحدة,1.2.1,القراءة,النصوص الأدبية,,1.2.1.16,إلى أمتي - صاحب السمو الشيخ محمد بن راشد آل مكتوم - رعاه الله-,,,,,,,,,,,,,,,,,
Grade 11 ,الباب الثاني,1.2,الشعر: الحركة الشعرية في دولة الامارات العربية المتحدة,1.2.1,القراءة,النصوص الأدبية,,1.2.1.17,سيرة وطن - شيخة المطيري,,,,,,,,,,,,,,,,,
Grade 11 ,الباب الثاني,1.2,الشعر: شعر عالمي,1.2.1,القراءة,النصوص الأدبية,,1.2.1.18,مختارات من الشعرالعالمي,,,,,,,,,,,,,,,,,
Grade 11 ,الباب الثالث,1.2,القصة القصيرة ,1.2.2,القراءة,النصوص الأدبية,,1.2.2.1,حادثة - نجيب محفوظ,,,,,,,,,,,,,,,,,
Grade 11 ,الباب الثالث,1.2,القصة القصيرة ,1.2.2,القراءة,النصوص الأدبية,,1.2.2.2,نظارة طبية لسائق باكستاني عجوز - مريم الساعدي,,,,,,,,,,,,,,,,,
Grade 11 ,الباب الثالث,1.2,القصة القصيرة ,1.2.2,القراءة,النصوص الأدبية,,1.2.2.3,حتى آخر رمق - عائشة الزعابي,,,,,,,,,,,,,,,,,
Grade 11 ,الباب الثالث,1.2,القصة القصيرة ,1.2.2,القراءة,النصوص الأدبية,,1.2.2.4,غطاء الفراش - للكاتب الإنجليزي (جورج برنارد شو),,,,,,,,,,,,,,,,,
Grade 11 ,الباب الثالث,1.2,القصة القصيرة ,1.2.2,القراءة,النصوص الأدبية,,1.2.2.5,صور خارج الإطار - ابتسام المعلا,,,,,,,,,,,,,,,,,
Grade 11 ,الباب الثالث,1.2,القصة القصيرة ,1.2.2,القراءة,النصوص الأدبية,,1.2.2.6,الزوار - يوسف إدريس,,,,,,,,,,,,,,,,,
Grade 11 ,الباب الثالث,1.2,القصة القصيرة ,1.2.2,القراءة,النصوص الأدبية,,1.2.2.7,الحرب والجوع - الشيخ عبدالله العلايلي,,,,,,,,,,,,,,,,,
Grade 11 ,الباب الثالث,1.2,القصة القصيرة ,1.2.2,القراءة,النصوص الأدبية,,1.2.2.8,نامي ليستيقظ الدمع و يحكي - عبدالعزيز الفارسي,,,,,,,,,,,,,,,,,
Grade 11 ,الباب الثالث,1.2,القصة القصيرة ,1.2.2,القراءة,النصوص الأدبية,,1.2.2.9,الناسك الحكيم - للكاتب الروسي (ليو تو تولستوي),,,,,,,,,,,,,,,,,
Grade 11 ,الباب الثالث,1.2,القصة القصيرة ,1.2.2,القراءة,النصوص الأدبية,,1.2.2.10,المغفلة - للكاتب الروسي (أنطوان تشيخوف),,,,,,,,,,,,,,,,,
Grade 11 ,الباب الثالث,1.2,القصة القصيرة ,1.2.2,القراءة,النصوص الأدبية,,1.2.2.11,ضيوف في الليل - (توماس هاردي),,,,,,,,,,,,,,,,,
Grade 11 ,الباب الرابع,1.2, أدب السير والرحلات: السيرة الأدبية,1.2.3,القراءة,النصوص الأدبية,,1.2.3.1,"يوم العيد - سرد الذات، سلطان بن محمد القاسمي ",,,,,,,,,,,,,,,,,
Grade 11 ,الباب الرابع,1.2, أدب السير والرحلات: السيرة الأدبية,1.2.3,القراءة,النصوص الأدبية,,1.2.3.2,دارنا الدمشقية - نزار قباني ,,,,,,,,,,,,,,,,,
Grade 11 ,الباب الرابع,1.2, أدب السير والرحلات: السيرة الأدبية,1.2.3,القراءة,النصوص الأدبية,,1.2.3.3,قلم زينب - أمير تاج السر,,,,,,,,,,,,,,,,,
Grade 11 ,الباب الرابع,1.2, أدب السير والرحلات: السيرة الأدبية,1.2.3,القراءة,النصوص الأدبية,,1.2.3.4,ألسنة النار تتكلم - محمد عبيد غباش,,,,,,,,,,,,,,,,,
Grade 11 ,الباب الرابع,1.2, أدب السير والرحلات: السيرة الأدبية,1.2.3,القراءة,النصوص الأدبية,,1.2.3.5,لغات العالم نجوم تتلألأ - (رسول حمزاتوف),,,,,,,,,,,,,,,,,
Grade 11 ,الباب الرابع,1.2, أدب السير والرحلات: السيرة الأدبية,1.2.3,القراءة,النصوص الأدبية,,1.2.3.6,أمي - (مارك توين),,,,,,,,,,,,,,,,,
Grade 11 ,الباب الرابع,1.2, أدب السير والرحلات: السيرة الأدبية,1.2.3,القراءة,النصوص الأدبية,,1.2.3.7,الدراسة في الجامعة - (هيلين كيلر),,,,,,,,,,,,,,,,,
Grade 11 ,الباب الخامس,1.3,المقالات,1.3.1,القراءة,نصوص الرأي,,1.3.1.1,الاستهتار برهان السام - سلامة موسى,,,,,,,,,,,,,,,,,
Grade 11 ,الباب الخامس,1.3,المقالات,1.3.1,القراءة,نصوص الرأي,,1.3.1.2,نريدها عادة لا صرعة - عوض بن حاسوم الدرمكي,,,,,,,,,,,,,,,,,
Grade 11 ,الباب الخامس,1.3,المقالات,1.3.1,القراءة,نصوص الرأي,,1.3.1.3,الحلاق المثقف - ياسر حارب,,,,,,,,,,,,,,,,,
Grade 11 ,الباب الخامس,1.3,المقالات,1.3.1,القراءة,نصوص الرأي,,1.3.1.4,لماذا نثقف أنفسنا؟ - سلامة موسى,,,,,,,,,,,,,,,,,
Grade 11 ,الباب الخامس,1.3,المقالات,1.3.1,القراءة,نصوص الرأي,,1.3.1.5,الاقتدار الإنساني وبناؤه,,,,,,,,,,,,,,,,,
Grade 11 ,الباب الخامس,1.3,المقالات,1.3.1,القراءة,نصوص الرأي,,1.3.1.6,أي الناس أسعد؟ و كيف تحصل على السعادة؟,,,,,,,,,,,,,,,,,
Grade 11 ,الباب الخامس,1.3,المقالات,1.3.1,القراءة,نصوص الرأي,,1.3.1.7,المعنى السياسي في العيد - مصطفى صادق الرافعي,,,,,,,,,,,,,,,,,
Grade 11 ,الباب الخامس,1.3,الأعمدة الصحفية ,1.3.2,القراءة,نصوص الرأي,,1.3.2.1,صديقي الهاتف! - عائشة سلطان,,,,,,,,,,,,,,,,,
Grade 11 ,الباب الخامس,1.3,الأعمدة الصحفية ,1.3.2,القراءة,نصوص الرأي,,1.3.2.2,الشباب سفراء الإمارات - ميساء غدير,,,,,,,,,,,,,,,,,
Grade 11 ,الباب الخامس,1.3,الأعمدة الصحفية ,1.3.2,القراءة,نصوص الرأي,,1.3.2.3,يوجعني نصف الإنسان - صالحة عبيد,,,,,,,,,,,,,,,,,
Grade 11 ,الباب الخامس,1.3,الأعمدة الصحفية ,1.3.2,القراءة,نصوص الرأي,,1.3.2.4,المسؤولية المجتمعية - سامي قرقاش,,,,,,,,,,,,,,,,,
Grade 11 ,الباب الخامس,1.3,الأعمدة الصحفية ,1.3.2,القراءة,نصوص الرأي,,1.3.2.5,قل (لا) واستمتع - شهد العبدولي ,,,,,,,,,,,,,,,,,
Grade 11 ,الباب السادس,1.4,النص المعلوماتي,1.4.1,القراءة,النصوص المعلوماتية,,1.4.1.1,لغات العالم مرايا الناس ,,,,,,,,,,,,,,,,,
Grade 11 ,الباب السادس,1.4,النص المعلوماتي,1.4.1,القراءة,النصوص المعلوماتية,,1.4.1.2,حضن الطبيعة ,,,,,,,,,,,,,,,,,
Grade 11 ,الباب السادس,1.4,النص المعلوماتي,1.4.1,القراءة,النصوص المعلوماتية,,1.4.1.3,كيف نحيا بلا بلاستيك؟,,,,,,,,,,,,,,,,,
Grade 11 ,الباب السادس,1.4,النص المعلوماتي,1.4.1,القراءة,النصوص المعلوماتية,,1.4.1.4,المشي .. آثار ايجابية على الحالة الصحية - الدكتور أكمل عبدالحكيم,,,,,,,,,,,,,,,,,
Grade 11 ,الباب السادس,1.4,النص المعلوماتي,1.4.1,القراءة,النصوص المعلوماتية,,1.4.1.5,أتريدون تحسين مزاجكم؟ البستنة قد تكون الحل الأنسب والأوفر - باميلا كسرواني,,,,,,,,,,,,,,,,,
Grade 11 ,الباب السادس,1.4,النص المعلوماتي,1.4.1,القراءة,النصوص المعلوماتية,,1.4.1.6,الروبوتات .. هل تجعل الحساة أسهل - مدى خالد,,,,,,,,,,,,,,,,,
Grade 11 ,الباب السادس,1.4,النص المعلوماتي,1.4.1,القراءة,النصوص المعلوماتية,,1.4.1.7,صناعة المستقبل - حازم الببلاوي,,,,,,,,,,,,,,,,,
Grade 11,الفصل الأوّل,1.1,آيات من سور النور,1.1.1,القراءة,قراءة النصوص الادبية / تكامل المعرفة مع الفكر,"أن يقرأ المتعلم نصوصا شعرية وأعمالاً نثرية متنوعة ويقمها ويحللها، ويــدمــج الفكر المقدمة فيها؛ لبناء معرفة وفهم جديدين عن الفكرة المحورية، والرسائل المتضمنة في الأعمال الأدبية.",G11.2.3.1.8,يحفظ الطالب الايات الكريمة,,,,,,,,,,,,,,,,,
Grade 11,الفصل الأوّل,1.1,آيات من سور النور,1.1.1,القراءة,قراءة النصوص الادبية / تحليل النص,"أن يحدد المتعلم جوانب معينة في النصوص الأدبية ويفهمها،ويحلل عناصر النص وخيارات المؤلفين في اختيار الكلمت والأساليب الأدبية المناسبة لنصوصهم.",G11.2.2.1.18,يحلل معانيها ضمن سياقاتها ملتفتا الى خصائص النص القراني فيها,,,,,,,,,,,,,,,,,
Grade 11,الفصل الأوّل,1.2,شعر: المثقب العبدي,1.2.1,القراءة,قراءة النصوص الأدبية/ معرفة الفكر الرئيسية والتفاصيل,"أن يحدد المتعلم الفكر الرئيسة والتفاصيل المساندة التي تسهم في توضيح الفكرة الرئيسة، أو الرسالة العامة، أو الدروس المقدمة في النصوص الأدبية",G11.2.1.1.1,يبين المتعلم المعنى الإجمالي للنص الشعري موضحا علاقة الفكر بعضها ببعض,,,,,,,,,,,,,,,,,
Grade 11,الفصل الأوّل,1.2,شعر: المثقب العبدي,1.2.1,القراءة,قراءة النصوص الأدبية/ معرفة الفكر الرئيسية والتفاصيل,"أن يحدد المتعلم الفكر الرئيسة والتفاصيل المساندة التي تسهم في توضيح الفكرة الرئيسة، أو الرسالة العامة، أو الدروس المقدمة في النصوص الأدبية",G11.2.1.1.1,يفسر المفردات من خلال السياق والقرائن,,,,,,,,,,,,,,,,,
Grade 11,الفصل الأوّل,1.2,شعر: المثقب العبدي,1.2.1,القراءة,قراءة النصوص الأدبية/ معرفة الفكر الرئيسية والتفاصيل,"أن يحدد المتعلم الفكر الرئيسة والتفاصيل المساندة التي تسهم في توضيح الفكرة الرئيسة، أو الرسالة العامة، أو الدروس المقدمة في النصوص الأدبية",G11.2.1.1.1,يستنتج الدلالات التعبيرية,,,,,,,,,,,,,,,,,
Grade 11,الفصل الأوّل,1.2,شعر: المثقب العبدي,1.2.1,القراءة,قراءة النصوص الأدبية/ معرفة الفكر الرئيسية والتفاصيل,"أن يحدد المتعلم الفكر الرئيسة والتفاصيل المساندة التي تسهم في توضيح الفكرة الرئيسة، أو الرسالة العامة، أو الدروس المقدمة في النصوص الأدبية",G11.2.1.1.2,يحلل النص في سياقه التاريخي والاجتماعي,,,,,,,,,,,,,,,,,
Grade 11,الفصل الأوّل,1.2,شعر: المثقب العبدي,1.2.1,القراءة,قراءة النصوص الادبية / تحليل النص,"أن يحدد المتعلم جوانب معينة في النصوص الأدبية ويفهمها،ويحلل عناصر النص وخيارات المؤلفين في اختيار الكلمت والأساليب الأدبية المناسبة لنصوصهم.",G11.2.2.1.3,يتتبع الاثر الذي يتركه أسلوب الكاتب و استخدامه للتقنيات البلاغية,,,,,,,,,,,,,,,,,
Grade 11,الفصل الأوّل,1.2,شعر: المثقب العبدي,1.2.1,القراءة,قراءة النصوص الادبية / تكامل المعرفة مع الفكر,"أن يقرأ المتعلم نصوصا شعرية وأعمالاً نثرية متنوعة ويقمها ويحللها، ويــدمــج الفكر المقدمة فيها؛ لبناء معرفة وفهم جديدين عن الفكرة المحورية، والرسائل المتضمنة في الأعمال الأدبية.",G11.2.3.1.8,يحفظ النص,,,,,,,,,,,,,,,,,
Grade 11,الفصل الأوّل,1.2,شعر: مالك بن الريب التميمي,1.2.2,القراءة,قراءة النصوص الادبية / تكامل المعرفة مع الفكر,"أن يقرأ المتعلم نصوصا شعرية وأعمالاً نثرية متنوعة ويقمها ويحللها، ويــدمــج الفكر المقدمة فيها؛ لبناء معرفة وفهم جديدين عن الفكرة المحورية، والرسائل المتضمنة في الأعمال الأدبية.",G11.2.3.1.3,"يبين المتعلم المعنى الإجمالي للنص الشعري ، يحدد العاطفة المسيطرة عليه",,,,,,,,,,,,,,,,,
Grade 11,الفصل الأوّل,1.2,شعر: مالك بن الريب التميمي,1.2.2,القراءة,قراءة النصوص الأدبية/ معرفة الفكر الرئيسية والتفاصيل,"أن يحدد المتعلم الفكر الرئيسة والتفاصيل المساندة التي تسهم في توضيح الفكرة الرئيسة، أو الرسالة العامة، أو الدروس المقدمة في النصوص الأدبية",G11.2.1.1.1,يفسر المفردات من خلال السياق والقرائن,,,,,,,,,,,,,,,,,
Grade 11,الفصل الأوّل,1.2,شعر: مالك بن الريب التميمي,1.2.2,القراءة,قراءة النصوص الأدبية/ معرفة الفكر الرئيسية والتفاصيل,"أن يحدد المتعلم الفكر الرئيسة والتفاصيل المساندة التي تسهم في توضيح الفكرة الرئيسة، أو الرسالة العامة، أو الدروس المقدمة في النصوص الأدبية",G11.2.1.1.1,يستنتج الدلالات التعبيرية,,,,,,,,,,,,,,,,,
Grade 11,الفصل الأوّل,1.2,شعر: مالك بن الريب التميمي,1.2.2,القراءة,قراءة النصوص الأدبية/ معرفة الفكر الرئيسية والتفاصيل,"أن يحدد المتعلم الفكر الرئيسة والتفاصيل المساندة التي تسهم في توضيح الفكرة الرئيسة، أو الرسالة العامة، أو الدروس المقدمة في النصوص الأدبية",G11.2.1.1.2,يحلل النص في سياقه التاريخي والاجتماعي,,,,,,,,,,,,,,,,,
Grade 11,الفصل الأوّل,1.2,شعر: مالك بن الريب التميمي,1.2.2,القراءة,قراءة النصوص الادبية / تحليل النص,"أن يحدد المتعلم جوانب معينة في النصوص الأدبية ويفهمها،ويحلل عناصر النص وخيارات المؤلفين في اختيار الكلمت والأساليب الأدبية المناسبة لنصوصهم.",G11.2.2.1.3,يتتبع الاثر الذي يتركه أسلوب الكاتب واستخدامه للتقنيات البلاغية,,,,,,,,,,,,,,,,,
Grade 11,الفصل الأوّل,1.2,شعر: مالك بن الريب التميمي,1.2.2,القراءة,قراءة النصوص الادبية / تكامل المعرفة مع الفكر,"أن يقرأ المتعلم نصوصا شعرية وأعمالاً نثرية متنوعة ويقمها ويحللها، ويــدمــج الفكر المقدمة فيها؛ لبناء معرفة وفهم جديدين عن الفكرة المحورية، والرسائل المتضمنة في الأعمال الأدبية.",G11.2.3.1.8,يحفظ عشر أبيات من النص,,,,,,,,,,,,,,,,,
Grade 11,الفصل الأوّل,1.2,قصة قصيرة: حادثة - نجيب محفوظ,1.2.3,القراءة,قراءة النصوص الادبية / تكامل المعرفة مع الفكر,"أن يقرأ المتعلم نصوصا شعرية وأعمالاً نثرية متنوعة ويقمها ويحللها، ويــدمــج الفكر المقدمة فيها؛ لبناء معرفة وفهم جديدين عن الفكرة المحورية، والرسائل المتضمنة في الأعمال الأدبية.",G11.2.3.1.1,يتعرف التغيرات التي تطرأ على الشخصية الرئيسة في القصة,,,,,,,,,,,,,,,,,
Grade 11,الفصل الأوّل,1.2,قصة قصيرة: حادثة - نجيب محفوظ,1.2.3,القراءة,قراءة النصوص الادبية / تكامل المعرفة مع الفكر,"أن يقرأ المتعلم نصوصا شعرية وأعمالاً نثرية متنوعة ويقمها ويحللها، ويــدمــج الفكر المقدمة فيها؛ لبناء معرفة وفهم جديدين عن الفكرة المحورية، والرسائل المتضمنة في الأعمال الأدبية.",G11.2.3.1.1,يستنتج الدلالات التي تظهرها تفاصيل القصة,,,,,,,,,,,,,,,,,
Grade 11,الفصل الأوّل,1.2,قصة قصيرة: حادثة - نجيب محفوظ,1.2.3,القراءة,قراءة النصوص الادبية / تكامل المعرفة مع الفكر,"أن يقرأ المتعلم نصوصا شعرية وأعمالاً نثرية متنوعة ويقمها ويحللها، ويــدمــج الفكر المقدمة فيها؛ لبناء معرفة وفهم جديدين عن الفكرة المحورية، والرسائل المتضمنة في الأعمال الأدبية.",G11.2.3.1.1,يوضح القيم و المبادئ في القصة,,,,,,,,,,,,,,,,,
Grade 11,الفصل الأوّل,1.2,قصة قصيرة: حادثة - نجيب محفوظ,1.2.3,القراءة,قراءة النصوص الادبية / تكامل المعرفة مع الفكر,"أن يقرأ المتعلم نصوصا شعرية وأعمالاً نثرية متنوعة ويقمها ويحللها، ويــدمــج الفكر المقدمة فيها؛ لبناء معرفة وفهم جديدين عن الفكرة المحورية، والرسائل المتضمنة في الأعمال الأدبية.",G11.2.3.1.1,يميز الدلالات غير المباشرة للألفاظ والتراكيب في القصة,,,,,,,,,,,,,,,,,
Grade 11,الفصل الأوّل,1.2,قصة قصيرة: حادثة - نجيب محفوظ,1.2.3,القراءة,قراءة النصوص الادبية / تكامل المعرفة مع الفكر,"أن يقرأ المتعلم نصوصا شعرية وأعمالاً نثرية متنوعة ويقمها ويحللها، ويــدمــج الفكر المقدمة فيها؛ لبناء معرفة وفهم جديدين عن الفكرة المحورية، والرسائل المتضمنة في الأعمال الأدبية.",G11.2.3.1.1,يبين الأدوات الفنية التي استخدمها الكاتب لتقديم الشخصية,,,,,,,,,,,,,,,,,
Grade 11,الفصل الأوّل,1.2,قصة قصيرة: نظارة طبية - مريم الساعدي,1.2.4,القراءة,قراءة النصوص الادبية / تحليل النص,"أن يحدد المتعلم جوانب معينة في النصوص الأدبية ويفهمها،ويحلل عناصر النص وخيارات المؤلفين في اختيار الكلمت والأساليب الأدبية المناسبة لنصوصهم.",G11.2.2.1.2,"يحدد المتعلم جوانب معينة في النصوص الأدبية و يفهمها، ويحلل عناصر النص و خيارات المؤلفين في اختيار الكلمات والأساليب الأدبية المناسبة لنصوصهم",,,,,,,,,,,,,,,,,
Grade 11,الفصل الأوّل,1.2,قصة قصيرة: نظارة طبية - مريم الساعدي,1.2.4,القراءة,قراءة النصوص الادبية / تحليل النص,"أن يحدد المتعلم جوانب معينة في النصوص الأدبية ويفهمها،ويحلل عناصر النص وخيارات المؤلفين في اختيار الكلمت والأساليب الأدبية المناسبة لنصوصهم.",G11.2.2.1.5,يتعرف حركة الاسترجاع في الزمن,,,,,,,,,,,,,,,,,
Grade 11,الفصل الأوّل,1.2,قصة قصيرة: نظارة طبية - مريم الساعدي,1.2.4,القراءة,قراءة النصوص الادبية / تحليل النص,"أن يحدد المتعلم جوانب معينة في النصوص الأدبية ويفهمها،ويحلل عناصر النص وخيارات المؤلفين في اختيار الكلمت والأساليب الأدبية المناسبة لنصوصهم.",G11.2.2.1.6,"يتعرف دور الاسترجاع في تشكيل البناء القصصي، وما يضيفه من دلالات و مقاصد",,,,,,,,,,,,,,,,,
Grade 11,الفصل الأوّل,1.2,سيرة ذاتية: يوم العيد - صاحب السمو الشيخ الدكتور سلطان بن محمد القاسمي,1.2.5,القراءة,قراءة النصوص الادبية / تحليل النص,"أن يحدد المتعلم جوانب معينة في النصوص الأدبية ويفهمها،ويحلل عناصر النص وخيارات المؤلفين في اختيار الكلمت والأساليب الأدبية المناسبة لنصوصهم.",G11.2.2.1.7,يقرأ التفاصيل الواردة في السيرة الذاتية و يربط بينهما,,,,,,,,,,,,,,,,,
Grade 11,الفصل الأوّل,1.2,سيرة ذاتية: يوم العيد - صاحب السمو الشيخ الدكتور سلطان بن محمد القاسمي,1.2.5,القراءة,قراءة النصوص الادبية / تحليل النص,"أن يحدد المتعلم جوانب معينة في النصوص الأدبية ويفهمها،ويحلل عناصر النص وخيارات المؤلفين في اختيار الكلمت والأساليب الأدبية المناسبة لنصوصهم.",G11.2.2.1.8,يتتبع مظاهر البيئة في السيرة الذاتية,,,,,,,,,,,,,,,,,
Grade 11,الفصل الأوّل,1.2,سيرة ذاتية: يوم العيد - صاحب السمو الشيخ الدكتور سلطان بن محمد القاسمي,1.2.5,القراءة,قراءة النصوص الادبية / تحليل النص,"أن يحدد المتعلم جوانب معينة في النصوص الأدبية ويفهمها،ويحلل عناصر النص وخيارات المؤلفين في اختيار الكلمت والأساليب الأدبية المناسبة لنصوصهم.",G11.2.2.1.9,يستعرض الأدلة التي استخدمها الكاتب لدعم فكرته المحورية,,,,,,,,,,,,,,,,,
Grade 11,الفصل الأوّل,1.2,سيرة ذاتية: يوم العيد - صاحب السمو الشيخ الدكتور سلطان بن محمد القاسمي,1.2.5,القراءة,قراءة النصوص الادبية / تحليل النص,"أن يحدد المتعلم جوانب معينة في النصوص الأدبية ويفهمها،ويحلل عناصر النص وخيارات المؤلفين في اختيار الكلمت والأساليب الأدبية المناسبة لنصوصهم.",G11.2.2.1.15,يستنتج القيم الظاهرة والباطنة في السيرة الذاتية,,,,,,,,,,,,,,,,,
Grade 11,الفصل الأوّل,1.3,مقال: الاستهتار برهان السأم - سلامة موسى,1.3.1,القراءة,قراءة النصوص الادبية / تحليل النص,"أن يحدد المتعلم جوانب معينة في النصوص الأدبية ويفهمها،ويحلل عناصر النص وخيارات المؤلفين في اختيار الكلمت والأساليب الأدبية المناسبة لنصوصهم.",G11.2.1.1.1,يحلل فكر النص محددا كيف تفاعلت الفكر و بينت على بعضها بعضا,,,,,,,,,,,,,,,,,
Grade 11,الفصل الأوّل,1.3,مقال: الاستهتار برهان السأم - سلامة موسى,1.3.1,اللغة (المعجم),اللغة/اكتساب المفردات واستخدامها (المعجم),أن يفسر المفردات الجديدة من خلال سياقاتها المختلفة,G11.6.1.1.2,يحدد المعنى المناسب للكلمات من خلال السياق,,,,,,,,,,,,,,,,,
Grade 11,الفصل الأوّل,1.3,مقال: نريدها عادة لا صرعة - عوض بن حاسوم الدرمكي,1.3.2,القراءة,قراءة النصوص الادبية / تكامل المعرفة مع الفكر,"أن يقرأ المتعلم نصوصا شعرية وأعمالاً نثرية متنوعة ويقمها ويحللها، ويــدمــج الفكر المقدمة فيها؛ لبناء معرفة وفهم جديدين عن الفكرة المحورية، والرسائل المتضمنة في الأعمال الأدبية.",G11.2.3.1.4,"يستعرض الأدلة التي استخدمها الكاتب لدعم فكرته المحورية، سواء أكانت عاطفية أم منطقية",,,,,,,,,,,,,,,,,
Grade 11,الفصل الأوّل,1.3,مقال: نريدها عادة لا صرعة - عوض بن حاسوم الدرمكي,1.3.2,القراءة,قراءة النصوص الادبية / تكامل المعرفة مع الفكر,"أن يقرأ المتعلم نصوصا شعرية وأعمالاً نثرية متنوعة ويقمها ويحللها، ويــدمــج الفكر المقدمة فيها؛ لبناء معرفة وفهم جديدين عن الفكرة المحورية، والرسائل المتضمنة في الأعمال الأدبية.",G11.2.3.1.6,"يقارن المتعلم بين أوجه الشبه والاختلاف في أسلوب عرض وجهة النظر (الإقناع، الوصف، الشرح، تأريخ الأحداث)",,,,,,,,,,,,,,,,,
Grade 11,الفصل الأوّل,1.3,مقال: نريدها عادة لا صرعة - عوض بن حاسوم الدرمكي,1.3.2,القراءة,قراءة النصوص المعلوماتية / تكامل المعرفة مع المهارات ,"أن يتبين وظيفة النص من خلال الوسائط المختلفة، وينقد ما جاء فيه من معارف وآراء، ويبني خبرات جديدة ليوظفها في نتاجات متنوعة",G11.3.3.1.2,"يدمج المعلومات المقدمة بوسائل مختلفة مطبوعة ورقمية بغرض الوصول إلى إجابة سؤال، أو تنمية المعرفة الحالية",,,,,,,,,,,,,,,,,
Grade 11,الفصل الأوّل,1.3,عمود صحفي: صديقي الهاتف! - عائشة سلطان,1.3.3,القراءة,قراءة النصوص الادبية / تكامل المعرفة مع الفكر,"أن يقرأ المتعلم نصوصا شعرية وأعمالاً نثرية متنوعة ويقمها ويحللها، ويــدمــج الفكر المقدمة فيها؛ لبناء معرفة وفهم جديدين عن الفكرة المحورية، والرسائل المتضمنة في الأعمال الأدبية.",G11.2.3.1.5,يقرأ المتعلم أعمدة صحفية عن قضية معينة ويناقش القضية ويحلل طريقة الكاتب في عرضها والحجج والأدلة التي استخدمها,,,,,,,,,,,,,,,,,
Grade 11,الفصل الأوّل,1.3,عمود صحفي/ الشباب سفراء الإمارات - ميساء غديرِِ,1.3.4,القراءة,قراءة النصوص الادبية / تكامل المعرفة مع الفكر,"أن يقرأ المتعلم نصوصا شعرية وأعمالاً نثرية متنوعة ويقمها ويحللها، ويــدمــج الفكر المقدمة فيها؛ لبناء معرفة وفهم جديدين عن الفكرة المحورية، والرسائل المتضمنة في الأعمال الأدبية.",G11.2.3.1.5,يقرأ المتعلم أعمدة صحفية عن قضية معينة ويناقش القضية ويحلل طريقة الكاتب في عرضها والحجج والأدلة التي استخدمها,,,,,,,,,,,,,,,,,
Grade 11,الفصل الأوّل,1.4,نص معلوماتي: لغات العالم مرايا الناس,1.4.1,القراءة,قراءة النصوص المعلوماتية/معرفة الفكر الرئيسة والتفاصيل,"أن يقرأ المتعلم النص المعلوماتي بعمق وشمولية، ويحدد الفكرة المركزية والفكر الرئيسة، ويستنتج العلاقات ضمن النص الواحد وبين النصوص المختلفة.",G11.3.1.1.2,يحلل المتعلم فكر النص محددا كيف تفاعلت الفكر وبنيت على بعضها بعض,,,,,,,,,,,,,,,,,
Grade 11,الفصل الأوّل,1.4,نص معلوماتي: لغات العالم مرايا الناس,1.4.1,القراءة,قراءة النصوص المعلوماتية / تكامل المعرفة مع المهارات ,"أن يتبين وظيفة النص من خلال الوسائط المختلفة، وينقد ما جاء فيه من معارف وآراء، ويبني خبرات جديدة ليوظفها في نتاجات متنوعة",G11.3.3.1.2,"يدمج المعلومات المقدمة بوسائل مختلفة مطبوعة ورقمية بغرض الوصول إلى إجابة سؤال، أو تنمية المعرفة الحالية",,,,,,,,,,,,,,,,,
Grade 11,الفصل الأوّل,1.4,نص معلوماتي: لغات العالم مرايا الناس,1.4.1,القراءة,قراءة النصوص الادبية / تحليل النص,"أن يحدد المتعلم جوانب معينة في النصوص الأدبية ويفهمها،ويحلل عناصر النص وخيارات المؤلفين في اختيار الكلمت والأساليب الأدبية المناسبة لنصوصهم.",G11.2.2.1.9,يستعرض المتعلم الأدلة التي استخدمها الكاتب لدعم فكرته المحورية,,,,,,,,,,,,,,,,,
Grade 11,الفصل الأوّل,1.4,نص معلوماتي: لغات العالم مرايا الناس,1.4.1,القراءة,قراءة النصوص المعلوماتية / تكامل المعرفة مع المهارات ,"أن يتبين وظيفة النص من خلال الوسائط المختلفة، وينقد ما جاء فيه من معارف وآراء، ويبني خبرات جديدة ليوظفها في نتاجات متنوعة",G11.3.3.1.3,يبحث المتعلم في المصادر المختلفة ويجمع معلومات بهدف تنظيمها وعرضها,,,,,,,,,,,,,,,,,
Grade 11,الفصل الأوّل,1.5,استماع: قواعد لا تدرسها في المدرسة - بيل جيتس,1.5.1,الاستماع والمحادثة,الاستماع / استيعاب المعرفة وتقديمها,"أن يظهر المتعلم فهما لمواد مسموعة، ويتواصـل مع الآخرين مقدما المعلومات والنتائج المدعومة بالأدلة لإقناع المستمعين واستمالتهم نحو الموضوع مستخدما اللغة العربية الفصيحة.",G11.5.1.1.2,يحدد النقاط الرئيسية التي قام عليها النص,,,,,,,,,,,,,,,,,
Grade 11,الفصل الأوّل,1.5,استماع: قواعد لا تدرسها في المدرسة - بيل جيتس,1.5.1,الاستماع والمحادثة,الاستماع / استيعاب المعرفة وتقديمها,"أن يشارك المتعلم في النقاشات مع معلميه وزملائه، مكيفا كلامه وفق لمجموعة متنوعة مــن السـياقات والمهام  التواصلية، مظهرا إجادته للغة العربية الفصيحة.",G11.5.1.1.2,"يناقش ما ورد في النص من أفكار، ويبين موقفه منها",,,,,,,,,,,,,,,,,
Grade 11,الفصل الأوّل,1.5,استماع: أينشتاين العرب,1.5.2,الاستماع والمحادثة,الاستماع / استيعاب المعرفة وتقديمها,"أن يظهر المتعلم فهما لمواد مسموعة، ويتواصـل مع الآخرين مقدما المعلومات والنتائج المدعومة بالأدلة لإقناع المستمعين واستمالتهم نحو الموضوع مستخدما اللغة العربية الفصيحة.",G11.5.1.1.2,يحدد النقاط الرئيسية التي قام عليها النص,,,,,,,,,,,,,,,,,
Grade 11,الفصل الأوّل,1.5,استماع: أينشتاين العرب,1.5.2,الاستماع والمحادثة,الاستماع / استيعاب المعرفة و تقديمها,"أن يشارك المتعلم في النقاشات مع معلميه وزملائه، مكيفا كلامه وفق لمجموعة متنوعة مــن السـياقات والمهام  التواصلية، مظهرا إجادته للغة العربية الفصيحة.",G11.5.1.1.2,"يناقش ما ورد في النص من أفكار، ويبين موقفه منها",,,,,,,,,,,,,,,,,
Grade 11,الفصل الأوّل,1.5,استماع: أينشتاين العرب,1.5.2,الاستماع والمحادثة,الاستماع / استيعاب المعرفة وتقديمها,"أن يستخدم المتعلم الوسائط الرقمية في العروض البصرية للتعبير عن المعلومات، ويفهم المــادة المعروضة من خلال هذه الوسائط.",G11.5.1.1.3,يكتب تغريدة حول الموضوع وينشرها في حسابه على تويتر,,,,,,,,,,,,,,,,,
Grade 11,الفصل الأوّل,1.6,محادثة: بكائيّة مالك بن الريب,1.6.1,الاستماع والمحادثة,المحادثة/ استيعاب المعرفة و تقديمها,"أن يستخدم المتعلم الوسائط الرقمية في العروض البصرية للتعبير عن المعلومات، ويفهم المــادة المعروضة من خلال هذه الوسائط.",G11.5.1.2.2,يقدم عرضا شفويا معلوماتيا يضمنه أدلة مختلفة,,,,,,,,,,,,,,,,,
Grade 11,الفصل الأوّل,1.6,محادثة: بكائيّة مالك بن الريب,1.6.1,الاستماع والمحادثة,المحادثة/ استيعاب المعرفة و تقديمها,"أن يستخدم المتعلم الوسائط الرقمية في العروض البصرية للتعبير عن المعلومات، ويفهم المــادة المعروضة من خلال هذه الوسائط.",G11.5.1.2.2,يجمع المعلومات و يعرضها عرضا شائقا,,,,,,,,,,,,,,,,,
Grade 11,الفصل الأوّل,1.6,محادثة: بكائيّة مالك بن الريب,1.6.1,الاستماع والمحادثة,المحادثة/ استيعاب المعرفة و تقديمها,"أن يستخدم المتعلم الوسائط الرقمية في العروض البصرية للتعبير عن المعلومات، ويفهم المــادة المعروضة من خلال هذه الوسائط.",G11.5.1.3.2,يوظف التقانة في العرض و الشرح,,,,,,,,,,,,,,,,,
Grade 11,الفصل الأوّل,1.6,محادثة/ هدفي في الحياة,1.6.2,الاستماع والمحادثة,المحادثة/ استيعاب المعرفة و تقديمها,"أن يستخدم المتعلم الوسائط الرقمية في العروض البصرية للتعبير عن المعلومات، ويفهم المــادة المعروضة من خلال هذه الوسائط.",G11.5.1.3.3,يقدم عرضا شفويا تأمليا لرؤيته الشخصية عن الحياة وهدفه فيها,,,,,,,,,,,,,,,,,
Grade 11,الفصل الأوّل,1.6,محادثة/ هدفي في الحياة,1.6.2,الاستماع والمحادثة,المحادثة/ استيعاب المعرفة و تقديمها,"أن يستخدم المتعلم الوسائط الرقمية في العروض البصرية للتعبير عن المعلومات، ويفهم المــادة المعروضة من خلال هذه الوسائط.",G11.5.1.3.3,ينظم عرضه تنظيما جيدا,,,,,,,,,,,,,,,,,
Grade 11,الفصل الأوّل,1.6,محادثة/ هدفي في الحياة,1.6.2,الاستماع والمحادثة,المحادثة/ استيعاب المعرفة و تقديمها,"أن يشارك المتعلم في النقاشات مع معلميه وزملائه، مكيفا كلامه وفق لمجموعة متنوعة مــن السـياقات والمهام  التواصلية، مظهرا إجادته للغة العربية الفصيحة.",G11.5.1.3.3,يلتزم الوقت المحدد له,,,,,,,,,,,,,,,,,
Grade 11,الفصل الأوّل,1.6,محادثة/ عرض إقناعي عن الخط,1.6.3,الاستماع والمحادثة,المحادثة/ استيعاب المعرفة و تقديمها,"أن يستخدم المتعلم الوسائط الرقمية في العروض البصرية للتعبير عن المعلومات، ويفهم المــادة المعروضة من خلال هذه الوسائط.",G11.5.1.2.2,يقدم عرضا شفويا معلوماتيا بهدف الاقناع يضمنه أدلة منطقية و حججا مقنعة,,,,,,,,,,,,,,,,,
Grade 11,الفصل الأوّل,1.6,محادثة/ عرض إقناعي عن الخط,1.6.3,الاستماع والمحادثة,المحادثة/ استيعاب المعرفة و تقديمها,"أن يستخدم المتعلم الوسائط الرقمية في العروض البصرية للتعبير عن المعلومات، ويفهم المــادة المعروضة من خلال هذه الوسائط.",G11.5.1.2.2,ينظم عرضه تنظيما جيدا,,,,,,,,,,,,,,,,,
Grade 11,الفصل الأوّل,1.6,محادثة/ عرض إقناعي عن الخط,1.6.3,الاستماع والمحادثة,المحادثة/ استيعاب المعرفة و تقديمها,"أن يستخدم المتعلم الوسائط الرقمية في العروض البصرية للتعبير عن المعلومات، ويفهم المــادة المعروضة من خلال هذه الوسائط.",G11.5.1.3.1,يوظف التقانة للتشويق,,,,,,,,,,,,,,,,,
Grade 11,الفصل الأوّل,1.6,محادثة/ عرض إقناعي عن الخط,1.6.3,الاستماع والمحادثة,المحادثة/ استيعاب المعرفة و تقديمها,"أن يشارك المتعلم في النقاشات مع معلميه وزملائه، مكيفا كلامه وفق لمجموعة متنوعة مــن السـياقات والمهام  التواصلية، مظهرا إجادته للغة العربية الفصيحة.",G11.5.1.3.1,يلتزم الوقت المحدد له,,,,,,,,,,,,,,,,,
Grade 11,الفصل الأوّل,1.6,محادثة/ مظاهر الاحتفال بالعيد عند شعوب العالم,1.6.4,الاستماع والمحادثة,المحادثة/ استيعاب المعرفة و تقديمها,"أن يستخدم المتعلم الوسائط الرقمية في العروض البصرية للتعبير عن المعلومات، ويفهم المــادة المعروضة من خلال هذه الوسائط.",G11.5.1.3.2,يقدم عرضا تأمليا لحدث مستخدما استراتيجيات الوصف والموازنة,,,,,,,,,,,,,,,,,
Grade 11,الفصل الأوّل,1.6,محادثة/ مظاهر الاحتفال بالعيد عند شعوب العالم,1.6.4,الاستماع والمحادثة,المحادثة/ استيعاب المعرفة و تقديمها,"أن يستخدم المتعلم الوسائط الرقمية في العروض البصرية للتعبير عن المعلومات، ويفهم المــادة المعروضة من خلال هذه الوسائط.",G11.5.1.3.3,يربط خبراته الخاصة بالخبرات العامة ليصل الى معلومات اخرى,,,,,,,,,,,,,,,,,
Grade 11,الفصل الأوّل,1.6,محادثة/ مظاهر الاحتفال بالعيد عند شعوب العالم,1.6.4,الاستماع والمحادثة,المحادثة/ استيعاب المعرفة و تقديمها,"أن يستخدم المتعلم الوسائط الرقمية في العروض البصرية للتعبير عن المعلومات، ويفهم المــادة المعروضة من خلال هذه الوسائط.",G11.5.1.3.2,يوظف التقانة في عرضه,,,,,,,,,,,,,,,,,
Grade 11,الفصل الأوّل,1.6,محادثة/ تلخيص فصل من كتاب,1.6.5,الاستماع والمحادثة,المحادثة/ استيعاب المعرفة و تقديمها,"أن يظهر المتعلم فهما لمواد مسموعة، ويتواصـل مع الآخرين مقدما المعلومات والنتائج المدعومة بالأدلة لإقناع المستمعين واستمالتهم نحو الموضوع مستخدما اللغة العربية الفصيحة.",G11.5.1.3.4,يلخص فصلا من كتاب قرأه,,,,,,,,,,,,,,,,,
Grade 11,الفصل الأوّل,1.6,محادثة/ تلخيص فصل من كتاب,1.6.5,الاستماع والمحادثة,المحادثة/ استيعاب المعرفة و تقديمها,"أن يظهر المتعلم فهما لمواد مسموعة، ويتواصـل مع الآخرين مقدما المعلومات والنتائج المدعومة بالأدلة لإقناع المستمعين واستمالتهم نحو الموضوع مستخدما اللغة العربية الفصيحة.",G11.5.1.3.4,يقدم عرضا شفويا عن الفصل الذي لخصه مستخدما تقنيات الحوار والسرد والتشويق والايماءات والرسائل الضمنية,,,,,,,,,,,,,,,,,
Grade 11,الفصل الأوّل,1.6,محادثة/ تلخيص فصل من كتاب,1.6.5,الاستماع والمحادثة,المحادثة/ استيعاب المعرفة و تقديمها,"أن يظهر المتعلم فهما لمواد مسموعة، ويتواصـل مع الآخرين مقدما المعلومات والنتائج المدعومة بالأدلة لإقناع المستمعين واستمالتهم نحو الموضوع مستخدما اللغة العربية الفصيحة.",G11.5.1.3.4,يتقبل مداخلات المتلقين ويحترم اراءهم,,,,,,,,,,,,,,,,,
Grade 11,الفصل الأوّل,1.7,"كتابة استجابة أدبية: الشخصيّة في قصّة ""حادثة""
",1.7.1,الكتابة,الكتابة / إنتاج الأعمال الكتابية و نشرها,"ان يكتب المتعلم نصوصا تعبر عن فكرة مركزية، تظهر مقدرة على التركيز والتنظيم و تدل على وعي كامل بالمتلقين ، مطورا مهاراته الكتابية من خلال مهارات الكتابة، (ما قبل الكتابة، المسودة، المراجعة) لتحرير النص",G11.4.2.2.7,"ان يكتب المتعلم نصوصا تعبر عن فكرة مركزية، تظهر مقدرة على التركيز والتنظيم و تدل على وعي كامل بالمتلقين ، مطورا مهاراته الكتابية من خلال مهارات الكتابة، (ما قبل الكتابة، المسودة، المراجعة) لتحرير النص",كتابة استجابة أدبية,,,,,,,,,,,,,,,,
Grade 11,الفصل الأوّل,1.7,"كتابة استجابة أدبية: الشخصيّة في قصّة ""حادثة""
",1.7.1,الكتابة,الكتابة / إنتاج الأعمال الكتابية و نشرها,أن ينتج المتعلم نصوصا سردية ومعلوماتية و اقناعية و وصفية وأن تظهر كتابته تقيده بالسلامة اللغوية,G11.4.2.2.6,أن ينتج المتعلم نصوصا سردية ومعلوماتية و اقناعية و وصفية وأن تظهر كتابته تقيده بالسلامة اللغوية,,,,,,,,,,,,,,,,,
Grade 11,الفصل الأوّل,1.7,"كتابة احتراف: هدفي في الحياة
",1.7.2,الكتابة,الكتابة / إنتاج الأعمال الكتابية و نشرها,"ان يكتب المتعلم نصوصا تعبر عن فكرة مركزية، تظهر مقدرة على التركيز والتنظيم و تدل على وعي كامل بالمتلقين ، مطورا مهاراته الكتابية من خلال مهارات الكتابة، (ما قبل الكتابة، المسودة، المراجعة) لتحرير النص",G11.4.2.2.7,"ان يكتب المتعلم نصوصا تعبر عن فكرة مركزية، تظهر مقدرة على التركيز والتنظيم و تدل على وعي كامل بالمتلقين ، مطورا مهاراته الكتابية من خلال مهارات الكتابة، (ما قبل الكتابة، المسودة، المراجعة) لتحرير النص",كتابة نص سردي,,,,,,,,,,,,,,,,
Grade 11,الفصل الأوّل,1.7,"كتابة احتراف: هدفي في الحياة
",1.7.2,الكتابة,الكتابة / إنتاج الأعمال الكتابية و نشرها,أن ينتج المتعلم نصوصا سردية ومعلوماتية و اقناعية و وصفية وأن تظهر كتابته تقيده بالسلامة اللغوية,G11.4.2.2.6,أن ينتج المتعلم نصوصا سردية ومعلوماتية و اقناعية و وصفية وأن تظهر كتابته تقيده بالسلامة اللغوية,,,,,,,,,,,,,,,,,
Grade 11,الفصل الأوّل,1.7,"كتابة احتراف: كتابة ذكرى من أيام الطفولة
",1.7.3,الكتابة,الكتابة / إنتاج الأعمال الكتابية و نشرها,"ان يكتب المتعلم نصوصا تعبر عن فكرة مركزية، تظهر مقدرة على التركيز والتنظيم و تدل على وعي كامل بالمتلقين ، مطورا مهاراته الكتابية من خلال مهارات الكتابة، (ما قبل الكتابة، المسودة، المراجعة) لتحرير النص",G11.4.2.2.7,"ان يكتب المتعلم نصوصا تعبر عن فكرة مركزية، تظهر مقدرة على التركيز والتنظيم و تدل على وعي كامل بالمتلقين ، مطورا مهاراته الكتابية من خلال مهارات الكتابة، (ما قبل الكتابة، المسودة، المراجعة) لتحرير النص",,,,,,,,,,,,,,,,,
Grade 11,الفصل الأوّل,1.7,"كتابة احتراف: كتابة ذكرى من أيام الطفولة
",1.7.3,الكتابة,الكتابة / إنتاج الأعمال الكتابية و نشرها,أن ينتج المتعلم نصوصا سردية ومعلوماتية و اقناعية و وصفية وأن تظهر كتابته تقيده بالسلامة اللغوية,G11.4.2.2.6,أن ينتج المتعلم نصوصا سردية ومعلوماتية و اقناعية و وصفية وأن تظهر كتابته تقيده بالسلامة اللغوية,كتابة نص سردي,,,,,,,,,,,,,,,,
Grade 11,الفصل الأوّل,1.8,"نحو: مراجعة
",1.8.1,اللغة (النحو والصرف),اللغة/ بنية اللغة العربية (النحو والصرف),"أن يتعرف المتعلم المفاهيم النحوية والصرفية، ويستخدمها استخداما صحيحا.",G11.6.2.1.7,يميز الظواهر النحوية والصرفية,,,,,,,,,,,,,,,,,
Grade 11,الفصل الأوّل,1.8,"نحو: مراجعة
",1.8.1,اللغة (النحو والصرف),اللغة/ بنية اللغة العربية (النحو والصرف),"أن يتعرف المتعلم المفاهيم النحوية والصرفية، ويستخدمها استخداما صحيحا.",G11.6.2.1.7,يربط بين خبراته السابقة,,,,,,,,,,,,,,,,,
Grade 11,الفصل الأوّل,1.8,"نحو: مراجعة
",1.8.1,اللغة (النحو والصرف),اللغة/ بنية اللغة العربية (النحو والصرف),"أن يتعرف المتعلم المفاهيم النحوية والصرفية، ويستخدمها استخداما صحيحا.",G11.4.2.2.8,يوظف ما تعلمه في انتاجه الشفوي و الكتابي,,,,,,,,,,,,,,,,,
Grade 11,الفصل الأوّل,1.8,"نحو: اسما الزمان والمكان
",1.8.2,اللغة (النحو والصرف),اللغة/ بنية اللغة العربية (النحو والصرف),"أن يتعرف المتعلم المفاهيم النحوية والصرفية، ويستخدمها استخداما صحيحا.",G11.6.2.1.5,يتعرف المتعلم اسمي الزمان والمكان و يصوغمها و يوظفهما في مواقف حياتية,"اسما الزمان والمكان
",الجملة الاسمية: أنواع الخبر 2,الجملة الاسمية: أنواع الخبر 2,,,,,,,,,,,,,,
Grade 11,الفصل الأوّل,1.8,"نحو: اسم التفضيل
",1.8.3,اللغة (النحو والصرف),اللغة/ بنية اللغة العربية (النحو والصرف),"أن يتعرف المتعلم المفاهيم النحوية والصرفية، ويستخدمها استخداما صحيحا.",G11.6.2.1.4,يتعرف المتعلم اسم التفضيل ويصوغه و يوظفه في مواقف حياتية,"اسم التفضيل
",,,,,,,,,,,,,,,,
Grade 11,الفصل الأوّل,1.8,"نحو: اسم الآلة
",1.8.4,اللغة (النحو والصرف),اللغة/ بنية اللغة العربية (النحو والصرف),"أن يتعرف المتعلم المفاهيم النحوية والصرفية، ويستخدمها استخداما صحيحا.",G11.6.2.1.3,يتعرف المتعلم اسم الآلة و يصوغه و يوظفه في مواقف حياتية,"اسم الآلة
",,,,,,,,,,,,,,,,
Grade 11,الفصل الأوّل,1.8,"نحو: النسب
",1.8.5,اللغة (البلاغة),اللغة/ بنية اللغة العربية : (البلاغة),"أن يتعرف المتعلم المفاهيم البلاغية، ويتذوقها ويوظفها في إنتاجه اللغوي",G11.6.3.1.1,يتعرف المتعلم الاسم المنسوب و يصوغه و يوظفه في مواقف حياتية,"النسب
",,,,,,,,,,,,,,,,
Grade 11,الفصل الأوّل,1.9,"بلاغة: التشبيه التمثيلي
",1.9.1,اللغة (البلاغة),اللغة/ بنية اللغة العربية : (البلاغة),"أن يتعرف المتعلم المفاهيم البلاغية، ويتذوقها ويوظفها في إنتاجه اللغوي",G11.6.3.1.3,يتعرف مفهوم التشبيه التمثيلي و يحلله موضحا موطن الجمال و ينتج جملا تتضمنه,"التشبيه التمثيلي
",,,,,,,,,,,,,,,,
Grade 11,الفصل الأوّل,1.9,"بلاغة: الكناية
",1.9.2,اللغة (البلاغة),اللغة/ بنية اللغة العربية : (البلاغة),"أن يتعرف المتعلم المفاهيم البلاغية، ويتذوقها ويوظفها في إنتاجه اللغوي",G11.6.3.1.5,يتعرف مفهوم الكناية و ينتج جملا تتضمنها,"الكناية
",,,,,,,,,,,,,,,,
Grade 11,الفصل الثاني,2.1,"حديث شريف: مثل هذه الأمة مثل أربعة نفر
",2.1.1,القراءة,"قراءة النصوص المعلوماتية / تكامل المعرفة مع المهارات
","أن يتبين وظيفة النص من خلال الوسائط المختلفة، وينقد ما جاء فيه من معارف وآراء، ويبني خبرات جديدة ليوظفها في نتاجات متنوعة",G11.2.2.1.18,يحلل المتعلم معاني الحديث الشريف ضمن سياقاته ملتفتا الى خصائص المثل في البلاغة النبوية,,,,,,,,,,,,,,,,,
Grade 11,الفصل الثاني,2.1,"حديث شريف: مثل هذه الأمة مثل أربعة نفر
",2.1.1,القراءة,"قراءة النصوص الأدبية / تحليل النص
","أن يحدد المتعلم جوانب معينة في النصوص الأدبية ويفهمها،ويحلل عناصر النص وخيارات المؤلفين في اختيار الكلمت والأساليب الأدبية المناسبة لنصوصهم.",G10.2.2.1.10,يحفظ المتعلم الحديث الشريف,,,,,,,,,,,,,,,,,
Grade 11,الفصل الثاني,2.2,"شعر: أراك عصي الدمع- أبو فراس الحمداني
",2.2.1,القراءة,قراءة النصوص الادبية / تكامل المعرفة مع الفكر,"أن يقرأ المتعلم نصوصا شعرية وأعمالاً نثرية متنوعة ويقمها ويحللها، ويــدمــج الفكر المقدمة فيها؛ لبناء معرفة وفهم جديدين عن الفكرة المحورية، والرسائل المتضمنة في الأعمال الأدبية.",G11.2.3.1.3,"يبين المتعلم المعنى الاجمالي للنص الشعري، كيف يستجيب هذا المعنى للعاطفة المسيطرة على النص",,,,,,,,,,,,,,,,,
Grade 11,الفصل الثاني,2.2,"شعر: أراك عصي الدمع- أبو فراس الحمداني
",2.2.1,القراءة,قراءة النصوص الأدبية/ معرفة الفكر الرئيسية والتفاصيل,"أن يحدد المتعلم الفكر الرئيسة والتفاصيل المساندة التي تسهم في توضيح الفكرة الرئيسة، أو الرسالة العامة، أو الدروس المقدمة في النصوص الأدبية",G11.2.1.1.1,يفسر المفردات من خلال السياق والقرائن,,,,,,,,,,,,,,,,,
Grade 11,الفصل الثاني,2.2,"شعر: أراك عصي الدمع- أبو فراس الحمداني
",2.2.1,القراءة,قراءة النصوص الأدبية/ معرفة الفكر الرئيسية والتفاصيل,"أن يحدد المتعلم الفكر الرئيسة والتفاصيل المساندة التي تسهم في توضيح الفكرة الرئيسة، أو الرسالة العامة، أو الدروس المقدمة في النصوص الأدبية",G11.2.1.1.1,يستنتج الدلالات التعبيرية,,,,,,,,,,,,,,,,,
Grade 11,الفصل الثاني,2.2,"شعر: أراك عصي الدمع- أبو فراس الحمداني
",2.2.1,القراءة,قراءة النصوص الأدبية/ معرفة الفكر الرئيسية والتفاصيل,"أن يحدد المتعلم الفكر الرئيسة والتفاصيل المساندة التي تسهم في توضيح الفكرة الرئيسة، أو الرسالة العامة، أو الدروس المقدمة في النصوص الأدبية",G11.2.1.1.2,يحلل النص في سياقه التاريخي والاجتماعي,,,,,,,,,,,,,,,,,
Grade 11,الفصل الثاني,2.2,"شعر: أراك عصي الدمع- أبو فراس الحمداني
",2.2.1,القراءة,قراءة النصوص الادبية / تكامل المعرفة مع الفكر,"أن يقرأ المتعلم نصوصا شعرية وأعمالاً نثرية متنوعة ويقمها ويحللها، ويــدمــج الفكر المقدمة فيها؛ لبناء معرفة وفهم جديدين عن الفكرة المحورية، والرسائل المتضمنة في الأعمال الأدبية.",G11.2.3.1.8,يحفظ النص,,,,,,,,,,,,,,,,,
Grade 11,الفصل الثاني,2.2,"شعر: الطين - ايليا ابو ماضي
",2.2.2,القراءة,قراءة النصوص الادبية / تكامل المعرفة مع الفكر,"أن يقرأ المتعلم نصوصا شعرية وأعمالاً نثرية متنوعة ويقمها ويحللها، ويــدمــج الفكر المقدمة فيها؛ لبناء معرفة وفهم جديدين عن الفكرة المحورية، والرسائل المتضمنة في الأعمال الأدبية.",G11.2.3.1.3,"يبين المتعلم المعنى الاجمالي للنص الشعري، كيف يستجيب هذا المعنى للعاطفة المسيطرة على النص",,,,,,,,,,,,,,,,,
Grade 11,الفصل الثاني,2.2,"شعر: الطين - ايليا ابو ماضي
",2.2.2,القراءة,قراءة النصوص الأدبية/ معرفة الفكر الرئيسية والتفاصيل,"أن يحدد المتعلم الفكر الرئيسة والتفاصيل المساندة التي تسهم في توضيح الفكرة الرئيسة، أو الرسالة العامة، أو الدروس المقدمة في النصوص الأدبية",G11.2.1.1.1,يفسر المفردات من خلال السياق والقرائن,,,,,,,,,,,,,,,,,
Grade 11,الفصل الثاني,2.2,"شعر: الطين - ايليا ابو ماضي
",2.2.2,القراءة,قراءة النصوص الأدبية/ معرفة الفكر الرئيسية والتفاصيل,"أن يحدد المتعلم الفكر الرئيسة والتفاصيل المساندة التي تسهم في توضيح الفكرة الرئيسة، أو الرسالة العامة، أو الدروس المقدمة في النصوص الأدبية",G11.2.1.1.1,يستنتج الدلالات التعبيرية,,,,,,,,,,,,,,,,,
Grade 11,الفصل الثاني,2.2,"شعر: الطين - ايليا ابو ماضي
",2.2.2,القراءة,قراءة النصوص الأدبية/ معرفة الفكر الرئيسية والتفاصيل,"أن يحدد المتعلم الفكر الرئيسة والتفاصيل المساندة التي تسهم في توضيح الفكرة الرئيسة، أو الرسالة العامة، أو الدروس المقدمة في النصوص الأدبية",G11.2.1.1.2,يحلل النص في سياقه التاريخي والاجتماعي,,,,,,,,,,,,,,,,,
Grade 11,الفصل الثاني,2.2,"شعر: الطين - ايليا ابو ماضي
",2.2.2,القراءة,قراءة النصوص الادبية / تكامل المعرفة مع الفكر,"أن يقرأ المتعلم نصوصا شعرية وأعمالاً نثرية متنوعة ويقمها ويحللها، ويــدمــج الفكر المقدمة فيها؛ لبناء معرفة وفهم جديدين عن الفكرة المحورية، والرسائل المتضمنة في الأعمال الأدبية.",G11.2.3.1.8,يحفظ النص,,,,,,,,,,,,,,,,,
Grade 11,الفصل الثاني,2.2,"قصة قصيرة: حتى آخر رمق - عائشة الزعابي
",2.2.3,القراءة,قراءة النصوص الادبية / تحليل النص,"أن يحدد المتعلم جوانب معينة في النصوص الأدبية ويفهمها،ويحلل عناصر النص وخيارات المؤلفين في اختيار الكلمت والأساليب الأدبية المناسبة لنصوصهم.",G11.2.2.1.10,يتعرف المتعلم عنصر الراوي ووجهة النظر في القصة,,,,,,,,,,,,,,,,,
Grade 11,الفصل الثاني,2.2,"قصة قصيرة: حتى آخر رمق - عائشة الزعابي
",2.2.3,القراءة,قراءة النصوص الادبية / تحليل النص,"أن يحدد المتعلم جوانب معينة في النصوص الأدبية ويفهمها،ويحلل عناصر النص وخيارات المؤلفين في اختيار الكلمت والأساليب الأدبية المناسبة لنصوصهم.",G11.2.2.1.14,يتعرف المتعلم دور الراوي في تقديم وجهة نظر معينة تحكى من خلالها القصة وأثر ذلك في البناء القصصي وتشكيل عناصره,,,,,,,,,,,,,,,,,
Grade 11,الفصل الثاني,2.2,"قصة قصيرة: غطاء الفراش - جورج برنارد شو
",2.2.4,القراءة,قراءة النصوص الادبية / تحليل النص,"أن يحدد المتعلم جوانب معينة في النصوص الأدبية ويفهمها،ويحلل عناصر النص وخيارات المؤلفين في اختيار الكلمت والأساليب الأدبية المناسبة لنصوصهم.",G11.2.2.1.11,"يحدد المتعلم جوانب معينة في النصوص الأدبية ويفهمها، ويحلل عناصر النص وخيارات المؤلفين في اختيار الكلمات والأساليب الأدبية المناسبة لنصوصهم",,,,,,,,,,,,,,,,,
Grade 11,الفصل الثاني,2.2,"قصة قصيرة: غطاء الفراش - جورج برنارد شو
",2.2.4,القراءة,قراءة النصوص الادبية / تحليل النص,"أن يحدد المتعلم جوانب معينة في النصوص الأدبية ويفهمها،ويحلل عناصر النص وخيارات المؤلفين في اختيار الكلمت والأساليب الأدبية المناسبة لنصوصهم.",G11.2.2.1.12,يتعرف تقنية الاستباق في الزمن,,,,,,,,,,,,,,,,,
Grade 11,الفصل الثاني,2.2,"قصة قصيرة: غطاء الفراش - جورج برنارد شو
",2.2.4,القراءة,قراءة النصوص الادبية / تحليل النص,"أن يحدد المتعلم جوانب معينة في النصوص الأدبية ويفهمها،ويحلل عناصر النص وخيارات المؤلفين في اختيار الكلمت والأساليب الأدبية المناسبة لنصوصهم.",G11.2.2.1.13,يتتبع مواضع ظهور علامات في السرد توجه القارئ نحو نهاية القصة,,,,,,,,,,,,,,,,,
Grade 11,الفصل الثاني,2.2,"سيرة ذاتية: دارنا الدمشقية - نزار قباني
",2.2.5,القراءة,قراءة النصوص الادبية / تحليل النص,"أن يحدد المتعلم جوانب معينة في النصوص الأدبية ويفهمها،ويحلل عناصر النص وخيارات المؤلفين في اختيار الكلمت والأساليب الأدبية المناسبة لنصوصهم.",G11.2.2.1.2,"يحدد المتعلم جوانب معينة في النصوص الأدبية و يفهمها، و يحلل عناصر النص و خيارات المؤلفين في اختيار الكلمات والأساليب الأدبية المناسبة لنصوصهم",,,,,,,,,,,,,,,,,
Grade 11,الفصل الثاني,2.2,"سيرة ذاتية: دارنا الدمشقية - نزار قباني
",2.2.5,القراءة,قراءة النصوص الادبية / تحليل النص,"أن يحدد المتعلم جوانب معينة في النصوص الأدبية ويفهمها،ويحلل عناصر النص وخيارات المؤلفين في اختيار الكلمت والأساليب الأدبية المناسبة لنصوصهم.",G11.2.2.1.4,يتعرف المتعلم خصائص النص الوصفي,,,,,,,,,,,,,,,,,
Grade 11,الفصل الثاني,2.3,"مقال: الحلاق المثقف - ياسر حارب
",2.3.1,القراءة,قراءة النصوص الادبية / تكامل المعرفة مع الفكر,"أن يقرأ المتعلم نصوصا شعرية وأعمالاً نثرية متنوعة ويقمها ويحللها، ويــدمــج الفكر المقدمة فيها؛ لبناء معرفة وفهم جديدين عن الفكرة المحورية، والرسائل المتضمنة في الأعمال الأدبية.",G11.2.3.1.4,"يستعرض الأدلة التي استخدمها الكاتب لدعم فكرته المحورية، سواء أكانت عاطفية أم منطقية",,,,,,,,,,,,,,,,,
Grade 11,الفصل الثاني,2.3,"مقال: الحلاق المثقف - ياسر حارب
",2.3.1,القراءة,قراءة النصوص الادبية / تكامل المعرفة مع الفكر,"أن يقرأ المتعلم نصوصا شعرية وأعمالاً نثرية متنوعة ويقمها ويحللها، ويــدمــج الفكر المقدمة فيها؛ لبناء معرفة وفهم جديدين عن الفكرة المحورية، والرسائل المتضمنة في الأعمال الأدبية.",G11.2.3.1.6,"يقارن المتعلم بين أوجه الشبه والاختلاف في أسلوب عرض وجهة النظر (الإقناع، الوصف، الشرح، تأريخ الأحداث)",,,,,,,,,,,,,,,,,
Grade 11,الفصل الثاني,2.3,"مقال: الحلاق المثقف - ياسر حارب
",2.3.1,القراءة,قراءة النصوص المعلوماتية/ تكامل المعرفة مع المهارات,"أن يتبين وظيفة النص من خلال الوسائط المختلفة، وينقد ما جاء فيه من معارف وآراء، ويبني خبرات جديدة ليوظفها في نتاجات متنوعة",G11.3.3.1.2,"يدمج المعلومات المقدمة بوسائل مختلفة مطبوعة و رقمية بغرض الوصول إلى إجابة سؤال، أو تنمية المعرفة الحالية",,,,,,,,,,,,,,,,,
Grade 11,الفصل الثاني,2.3,"عمود ضحفيّ: يوجعني نصف الإنسان - صالحة عبيد
",2.3.2,القراءة,قراءة النصوص الادبية / تكامل المعرفة مع الفكر,"أن يقرأ المتعلم نصوصا شعرية وأعمالاً نثرية متنوعة ويقمها ويحللها، ويــدمــج الفكر المقدمة فيها؛ لبناء معرفة وفهم جديدين عن الفكرة المحورية، والرسائل المتضمنة في الأعمال الأدبية.",G11.2.3.1.5,يقرأ المتعلم أعمدة صحفية عن قضية معينة ويناقش القضية ويحلل طريقة الكاتب في عرضها والحجج والأدلة التي استخدمها,,,,,,,,,,,,,,,,,
Grade 11,الفصل الثاني,2.4,"نص معلوماتي: حضن الطبيعة
",2.4.1,القراءة,"قراءة النصوص المعلوماتية / معرفة الفكرة الرئيسة والتفاصيل
","أن يقرأ المتعلم النص المعلوماتي بعمق وشمولية، ويحدد الفكرة المركزية والفكر الرئيسة، ويستنتج العلاقات ضمن النص الواحد وبين النصوص المختلفة.",G11.3.1.1.1,"يستعرض الأدلة التي استخدمها الكاتب لدعم فكرته المحورية، سواء أكانت عاطفية أم منطقية",,,,,,,,,,,,,,,,,
Grade 11,الفصل الثاني,2.4,"نص معلوماتي: حضن الطبيعة
",2.4.1,القراءة,قراءة النصوص المعلوماتية / معرفة الفكرة الرئيسة والتفاصيل ,"أن يقرأ المتعلم النص المعلوماتي بعمق وشمولية، ويحدد الفكرة المركزية والفكر الرئيسة، ويستنتج العلاقات ضمن النص الواحد وبين النصوص المختلفة.",G11.3.1.1.2,يحلل المتعلم فكر النص محددا كيف تفاعلت الفكر و بنيت على بعضها بعض,,,,,,,,,,,,,,,,,
Grade 11,الفصل الثاني,2.4,"نص معلوماتي: حضن الطبيعة
",2.4.1,القراءة,قراءة النصوص المعلوماتية / تحليل النص,"أن يحلل المتعلم عناصر النص واختيار الكاتب للكلمات، ويقيم الطرائق التي تساهم فيها تراكيب الجمل في بناء النص، وأساليب عرض وجهة النظر، أو طريقة كتابة النص وطباعته.",G11.3.2.1.3,يقيم المتعلم بناء النص من خلال الحكم على مدى تماسك الجمل والفقرات,,,,,,,,,,,,,,,,,
Grade 11,الفصل الثاني,2.4,"نص معلوماتي: حضن الطبيعة
",2.4.1,القراءة,قراءة النصوص المعلوماتية / تكامل المعرفة مع المهارات ,"أن يتبين وظيفة النص من خلال الوسائط المختلفة، وينقد ما جاء فيه من معارف وآراء، ويبني خبرات جديدة ليوظفها في نتاجات متنوعة",G11.3.3.1.2,"يدمج المعلومات المقدمة بوسائل مختلفة مطبوعة و رقمية بغرض الوصول إلى إجابة سؤال، أو تنمية المعرفة الحالية",,,,,,,,,,,,,,,,,
Grade 11,الفصل الثاني,2.4,"نص معلوماتي: كيف نحيا بلا بلاستيك؟
",2.4.2,القراءة,"قراءة النصوص المعلوماتية / معرفة الفكرة الرئيسة والتفاصيل
","أن يقرأ المتعلم النص المعلوماتي بعمق وشمولية، ويحدد الفكرة المركزية والفكر الرئيسة، ويستنتج العلاقات ضمن النص الواحد وبين النصوص المختلفة.",G11.3.1.1.1,"يستعرض الأدلة التي استخدمها الكاتب لدعم فكرته المحورية، سواء أكانت عاطفية أم منطقية",,,,,,,,,,,,,,,,,
Grade 11,الفصل الثاني,2.4,"نص معلوماتي: كيف نحيا بلا بلاستيك؟
",2.4.2,القراءة,"قراءة النصوص المعلوماتية / معرفة الفكرة الرئيسة والتفاصيل
","أن يقرأ المتعلم النص المعلوماتي بعمق وشمولية، ويحدد الفكرة المركزية والفكر الرئيسة، ويستنتج العلاقات ضمن النص الواحد وبين النصوص المختلفة.",G11.3.1.1.2,يحلل المتعلم فكر النص محددا كيف تفاعلت الفكر و بنيت على بعضها بعض,,,,,,,,,,,,,,,,,
Grade 11,الفصل الثاني,2.4,"نص معلوماتي: كيف نحيا بلا بلاستيك؟
",2.4.2,القراءة,قراءة النصوص المعلوماتية / تحليل النص,"أن يحلل المتعلم عناصر النص واختيار الكاتب للكلمات، ويقيم الطرائق التي تساهم فيها تراكيب الجمل في بناء النص، وأساليب عرض وجهة النظر، أو طريقة كتابة النص وطباعته.",G11.3.2.1.3,يقيم المتعلم بناء النص من خلال الحكم على بنيته والعلاقات بين أجزائه,,,,,,,,,,,,,,,,,
Grade 11,الفصل الثاني,2.4,"نص معلوماتي: كيف نحيا بلا بلاستيك؟
",2.4.2,القراءة,قراءة النصوص المعلوماتية / تكامل المعرفة مع المهارات ,"أن يتبين وظيفة النص من خلال الوسائط المختلفة، وينقد ما جاء فيه من معارف وآراء، ويبني خبرات جديدة ليوظفها في نتاجات متنوعة",G11.3.3.1.2,"يدمج المعلومات المقدمة بوسائل مختلفة مطبوعة و رقمية بغرض الوصول إلى إجابة سؤال، أو تنمية المعرفة الحالية",,,,,,,,,,,,,,,,,
Grade 11,الفصل الثاني,2.5,"استماع: إدارة الوقت وأهميته
",2.5.1,الاستماع والمحادثة,الاستماع / استيعاب المعرفة وتقديمها,"أن يظهر المتعلم فهما لمواد مسموعة، ويتواصـل مع الآخرين مقدما المعلومات والنتائج المدعومة بالأدلة لإقناع المستمعين واستمالتهم نحو الموضوع مستخدما اللغة العربية الفصيحة.",G11.5.1.1.2,يحدد الفكرة المحورية التي يدور حولها النص,,,,,,,,,,,,,,,,,
Grade 11,الفصل الثاني,2.5,"استماع: إدارة الوقت وأهميته
",2.5.1,الاستماع والمحادثة,الاستماع / استيعاب المعرفة وتقديمها,"أن يظهر المتعلم فهما لمواد مسموعة، ويتواصـل مع الآخرين مقدما المعلومات والنتائج المدعومة بالأدلة لإقناع المستمعين واستمالتهم نحو الموضوع مستخدما اللغة العربية الفصيحة.",G11.5.1.1.1,يحدد الكلمة المفتاحية في النص,,,,,,,,,,,,,,,,,
Grade 11,الفصل الثاني,2.5,"استماع: إدارة الوقت وأهميته
",2.5.1,الاستماع والمحادثة,الاستماع / استيعاب المعرفة وتقديمها,"أن يظهر المتعلم فهما لمواد مسموعة، ويتواصـل مع الآخرين مقدما المعلومات والنتائج المدعومة بالأدلة لإقناع المستمعين واستمالتهم نحو الموضوع مستخدما اللغة العربية الفصيحة.",G11.5.1.1.2,يشرح الأفكار الداعمة للفكرة المحورية,,,,,,,,,,,,,,,,,
Grade 11,الفصل الثاني,2.5,"استماع: إدارة الوقت وأهميته
",2.5.1,الاستماع والمحادثة,الاستماع / استيعاب المعرفة وتقديمها,"أن يظهر المتعلم فهما لمواد مسموعة، ويتواصـل مع الآخرين مقدما المعلومات والنتائج المدعومة بالأدلة لإقناع المستمعين واستمالتهم نحو الموضوع مستخدما اللغة العربية الفصيحة.",G11.5.1.1.1,يحلل القيم الظاهرة والخفية في النص,,,,,,,,,,,,,,,,,
Grade 11,الفصل الثاني,2.5,"استماع - ثلاث عشر عادة خطأ
",2.5.2,الاستماع والمحادثة,الاستماع / استيعاب المعرفة وتقديمها,"أن يظهر المتعلم فهما لمواد مسموعة، ويتواصـل مع الآخرين مقدما المعلومات والنتائج المدعومة بالأدلة لإقناع المستمعين واستمالتهم نحو الموضوع مستخدما اللغة العربية الفصيحة.",G11.5.1.1.1,يتعرف الأفكار الرئيسة,,,,,,,,,,,,,,,,,
Grade 11,الفصل الثاني,2.5,"استماع - ثلاث عشر عادة خطأ
",2.5.2,الاستماع والمحادثة,الاستماع / استيعاب المعرفة وتقديمها,"أن يظهر المتعلم فهما لمواد مسموعة، ويتواصـل مع الآخرين مقدما المعلومات والنتائج المدعومة بالأدلة لإقناع المستمعين واستمالتهم نحو الموضوع مستخدما اللغة العربية الفصيحة.",G11.5.1.1.1,يستنتج القيم الواردة في النص,,,,,,,,,,,,,,,,,
Grade 11,الفصل الثاني,2.6,"محاثة: دارنا الدمشقية
",2.6.1,الاستماع والمحادثة,المحادثة/ استيعاب المعرفة وتقديمها,"أن يستخدم المتعلم الوسائط الرقمية في العروض البصرية للتعبير عن المعلومات، ويفهم المــادة المعروضة من خلال هذه الوسائط.",G11.5.1.2.2,يقدم عرضا شفويا معلوماتيا يضمنه أدلة مختلفة,,,,,,,,,,,,,,,,,
Grade 11,الفصل الثاني,2.6,"محاثة: دارنا الدمشقية
",2.6.1,الاستماع والمحادثة,المحادثة/ استيعاب المعرفة وتقديمها,"أن يستخدم المتعلم الوسائط الرقمية في العروض البصرية للتعبير عن المعلومات، ويفهم المــادة المعروضة من خلال هذه الوسائط.",G11.5.1.2.2,يجمع المعلومات و يعرضها عرضا شائقا,,,,,,,,,,,,,,,,,
Grade 11,الفصل الثاني,2.6,"محاثة: دارنا الدمشقية
",2.6.1,الاستماع والمحادثة,المحادثة/ استيعاب المعرفة وتقديمها,"أن يستخدم المتعلم الوسائط الرقمية في العروض البصرية للتعبير عن المعلومات، ويفهم المــادة المعروضة من خلال هذه الوسائط.",G11.5.1.2.2,يوظف التقانة في البحث والعرض,,,,,,,,,,,,,,,,,
Grade 11,الفصل الثاني,2.6,"محادثة: القراءة
",2.6.2,الاستماع والمحادثة,المحادثة/ استيعاب المعرفة وتقديمها,"أن يستخدم المتعلم الوسائط الرقمية في العروض البصرية للتعبير عن المعلومات، ويفهم المــادة المعروضة من خلال هذه الوسائط.",G11.5.1.2.3,يقدم عرضا شفويا معلوماتيا بهدف الإقناع يضمنه أدلة منطقية وحججا مقنعة وذلك بأن يطرح قضية تربوية ناسبا الفكر والآراء إلى أصحابها مبديا رأيه فيها,,,,,,,,,,,,,,,,,
Grade 11,الفصل الثاني,2.7,"كتابة: كتابة قصة من وجهة نظر راو آخر
",2.7.1,الكتابة,الكتابة / إنتاج الأعمال الكتابية ونشرها,أن ينتج المتعلم نصوصا سردية ومعلوماتية وإقناعية ووصفية وتظهر كتاباته تقيده بالسلامة اللغوية.,G11.4.2.2.3,يعيد كتابة نص قصصي من وجهة نظر أخرى,كتابة نص سردي (قصصي),,,,,,,,,,,,,,,,
Grade 11,الفصل الثاني,2.7,"كتابة: منزلنا القديم
",2.7.2,الكتابة,الكتابة / إنتاج الأعمال الكتابية ونشرها,أن ينتج المتعلم نصوصا سردية ومعلوماتية وإقناعية ووصفية وتظهر كتاباته تقيده بالسلامة اللغوية.,G11.4.2.2.4,يكتب المتعلم نصا وصفيا مستخدما تقنيات الكتابة الوصفية من مثل استخدام أسماء محددة وتوظيف التفاصيل الحسية واللغة المجازية,كتابة نص وصفي,,,,,,,,,,,,,,,,
Grade 11,الفصل الثاني,2.8,"نحو: أفعال المقاربة والشروع والرجاء
",2.8.1,اللغة (النحو والصرف),اللغة/ بنية اللغة العربية (النحو والصرف),"أن يتعرف المتعلم المفاهيم النحوية والصرفية، ويستخدمها استخداما صحيحا.",G11.6.2.1.6,يتعرف المتعلم أفعال المقاربة والشروع والرجاء ويعربها ويوظفها في مواقف حياتية,"أفعال المقاربة والشروع والرجاء
",,,,,,,,,,,,,,,,
Grade 11,الفصل الثاني,2.8,نحو: النداء,2.8.2,اللغة (النحو والصرف),اللغة/ بنية اللغة العربية (النحو والصرف),"أن يتعرف المتعلم المفاهيم النحوية والصرفية، ويستخدمها استخداما صحيحا.",G11.6.2.1.8,يتعرف المتعلم جملة النداء ويوظفها في مواقف حياتية,النداء,,,,,,,,,,,,,,,,
Grade 11,الفصل الثاني,2.8,نحو: البدل,2.8.3,اللغة (النحو والصرف),اللغة/ بنية اللغة العربية (النحو والصرف),"أن يتعرف المتعلم المفاهيم النحوية والصرفية، ويستخدمها استخداما صحيحا.",G11.6.2.1.2,يتعرف المتعلم البدل و يعربه و يوظفه في سياقات مختلفة,البدل,,,,,,,,,,,,,,,,
Grade 11,الفصل الثاني,2.9,"بلاغة: التشبيه الضمني
",2.9.1,اللغة (البلاغة),اللغة/ بنية اللغة العربية : (البلاغة),"أن يتعرف المتعلم المفاهيم البلاغية، ويتذوقها ويوظفها في إنتاجه اللغوي",G11.6.3.1.4,يتعرف مفهوم التشبيه الضمني و يحلله موضحا موطن الجمال و ينتج جملا تتضمنه,"التشبيه الضمني
",,,,,,,,,,,,,,,,
Grade 11,الفصل الثالث,3.1,"شعر: إلى أمتي - صاحب السمو الشيخ محمد بن راشد آل مكتوم رعاه الله
",3.1.1,القراءة,قراءة النصوص الادبية / تكامل المعرفة مع الفكر,"أن يقرأ المتعلم نصوصا شعرية وأعمالاً نثرية متنوعة ويقمها ويحللها، ويــدمــج الفكر المقدمة فيها؛ لبناء معرفة وفهم جديدين عن الفكرة المحورية، والرسائل المتضمنة في الأعمال الأدبية.",G11.2.3.1.3,"يبين المتعلم المعنى الاجمالي للنص الشعري، كيف يستجيب هذا المعنى للعاطفة المسيطرة على النص",,,,,,,,,,,,,,,,,
Grade 11,الفصل الثالث,3.1,"شعر: إلى أمتي - صاحب السمو الشيخ محمد بن راشد آل مكتوم رعاه الله
",3.1.1,القراءة,قراءة النصوص الأدبية/ معرفة الفكر الرئيسية والتفاصيل,"أن يحدد المتعلم الفكر الرئيسة والتفاصيل المساندة التي تسهم في توضيح الفكرة الرئيسة، أو الرسالة العامة، أو الدروس المقدمة في النصوص الأدبية",G11.2.1.1.2,يحلل النص في سياقه التاريخي و الاجتماعي,,,,,,,,,,,,,,,,,
Grade 11,الفصل الثالث,3.1,"شعر: إلى أمتي - صاحب السمو الشيخ محمد بن راشد آل مكتوم رعاه الله
",3.1.1,القراءة,قراءة النصوص الادبية / تكامل المعرفة مع الفكر,"أن يقرأ المتعلم نصوصا شعرية وأعمالاً نثرية متنوعة ويقمها ويحللها، ويــدمــج الفكر المقدمة فيها؛ لبناء معرفة وفهم جديدين عن الفكرة المحورية، والرسائل المتضمنة في الأعمال الأدبية.",G11.2.3.1.8,يحفظ عشرة أبيات من النص,,,,,,,,,,,,,,,,,
Grade 11,الفصل الثالث,3.1,"قصة قصيرة: صور خارج الإطار - ابتسام المعلا
",3.1.2,القراءة,"قراءة النصوص الأدبية / تحليل النص
","أن يحدد المتعلم جوانب معينة في النصوص الأدبية ويفهمها،ويحلل عناصر النص وخيارات المؤلفين في اختيار الكلمت والأساليب الأدبية المناسبة لنصوصهم.",G11.2.2.1.2,يحدد المتعلم جوانب معينة في النصوص الأدبية و يفهمها و يحلل عناصر النص و خيارات المؤلفين في اختيار الكلمات والأساليب الأدبية المناسبة لنصوصهم,,,,,,,,,,,,,,,,,
Grade 11,الفصل الثالث,3.2,"مقال: الاقتدار الإنساني وبناؤه
",3.2.1,القراءة,قراءة النصوص الادبية / تكامل المعرفة مع الفكر,"أن يقرأ المتعلم نصوصا شعرية وأعمالاً نثرية متنوعة ويقمها ويحللها، ويــدمــج الفكر المقدمة فيها؛ لبناء معرفة وفهم جديدين عن الفكرة المحورية، والرسائل المتضمنة في الأعمال الأدبية.",G11.2.3.1.6,"يقارن المتعلم بين أوجه الشبه والاختلاف في أسلوب عرض وجهة النظر (الاقناع، الوصف، الشرح، تأريخ الاحداث)",,,,,,,,,,,,,,,,,
Grade 11,الفصل الثالث,3.2,"مقال: الاقتدار الإنساني وبناؤه
",3.2.1,القراءة,قراءة النصوص المعلوماتية / تكامل المعرفة مع المهارات ,"أن يتبين وظيفة النص من خلال الوسائط المختلفة، وينقد ما جاء فيه من معارف وآراء، ويبني خبرات جديدة ليوظفها في نتاجات متنوعة",G11.3.3.1.2,يدمج المعلومات المقدمة بوسائل مختلفة مطبوعة و رقمية بغرض الوصول إلى اجابة سؤال أو تنمية المعرفة الحالية,,,,,,,,,,,,,,,,,
Grade 11,الفصل الثالث,3.2,"مقال: الاقتدار الإنساني وبناؤه
",3.2.1,اللغة (المعجم),اللغة/ اكتساب المفردات واستخدامها (المعجم),أن ينمي المتعلم معجمه اللغوي بالمصطلحات في مجالاتها العلمية والحياتية,G11.6.1.2.2,يصنف المتعلم المصطلحات العلمية و يفسرها,,,,,,,,,,,,,,,,,
Grade 11,الفصل الثالث,3.2,"مقال: الاقتدار الإنساني وبناؤه
",3.2.1,اللغة (المعجم),اللغة/ اكتساب المفردات واستخدامها (المعجم),"أن يتعرف المتعلم المفاهيم النحوية والصرفية، ويستخدمها استخداما صحيحا.",G11.6.2.1.1,يشرح المتعلم مصطلحات العلوم الإنسانية,,,,,,,,,,,,,,,,,
Grade 11,الفصل الثالث,3.2,"عمود صحفي: المسؤولية المجتمعية - سامي قرقاش
",3.2.2,القراءة,قراءة النصوص الادبية / تكامل المعرفة مع الفكر,"أن يقرأ المتعلم نصوصا شعرية وأعمالاً نثرية متنوعة ويقمها ويحللها، ويــدمــج الفكر المقدمة فيها؛ لبناء معرفة وفهم جديدين عن الفكرة المحورية، والرسائل المتضمنة في الأعمال الأدبية.",G11.2.3.1.5,يقرأ المتعلم أعمدة صحفية عن قضية معينة و يناقض القضية و يحلل طريقة الكاتب في عرضها و الحجج والأدلة التي استخدمها,,,,,,,,,,,,,,,,,
Grade 11,الفصل الثالث,3.3,"نص معلوماتي: المشي .. آثار إيجابية على الحالة الصحية - د. أكمل عبد الحكيم
",3.3.1,القراءة,"قراءة النصوص المعلوماتية / معرفة الفكرة الرئيسية والتفاصيل
","أن يقرأ المتعلم النص المعلوماتي بعمق وشمولية، ويحدد الفكرة المركزية والفكر الرئيسة، ويستنتج العلاقات ضمن النص الواحد وبين النصوص المختلفة.",G11.3.1.1.2,يحلل المتعلم فكر النص محددا كيف تفاعلت الفكر و بنيت على بعضها بعضا,,,,,,,,,,,,,,,,,
Grade 11,الفصل الثالث,3.3,"نص معلوماتي: المشي .. آثار إيجابية على الحالة الصحية - د. أكمل عبد الحكيم
",3.3.1,القراءة,"قراءة النصوص المعلوماتية / تحليل النص
","أن يحلل المتعلم عناصر النص واختيار الكاتب للكلمات، ويقيم الطرائق التي تساهم فيها تراكيب الجمل في بناء النص، وأساليب عرض وجهة النظر، أو طريقة كتابة النص وطباعته.",G11.3.2.1.2,يفسر المتعلم كيفية استخدام معنى كلمة تكررت في النص,,,,,,,,,,,,,,,,,
Grade 11,الفصل الثالث,3.3,"نص معلوماتي: المشي .. آثار إيجابية على الحالة الصحية - د. أكمل عبد الحكيم
",3.3.1,القراءة,قراءة النصوص المعلوماتية / تحليل النص,"أن يحلل المتعلم عناصر النص واختيار الكاتب للكلمات، ويقيم الطرائق التي تساهم فيها تراكيب الجمل في بناء النص، وأساليب عرض وجهة النظر، أو طريقة كتابة النص وطباعته.",G11.3.2.1.1,يقارن بين معلومات وردت في النص,,,,,,,,,,,,,,,,,
Grade 11,الفصل الثالث,3.4,"استماع: تسعة آثار ساحرة للامتنان
",3.4.1,الاستماع والمحادثة,الاستماع / استيعاب المعرفة و تقديمها,"أن يظهر المتعلم فهما لمواد مسموعة، ويتواصـل مع الآخرين مقدما المعلومات والنتائج المدعومة بالأدلة لإقناع المستمعين واستمالتهم نحو الموضوع مستخدما اللغة العربية الفصيحة.",G11.5.1.1.1,يحلل أفكار النص,,,,,,,,,,,,,,,,,
Grade 11,الفصل الثالث,3.4,"استماع: تسعة آثار ساحرة للامتنان
",3.4.1,الاستماع والمحادثة,الاستماع / استيعاب المعرفة و تقديمها,"أن يظهر المتعلم فهما لمواد مسموعة، ويتواصـل مع الآخرين مقدما المعلومات والنتائج المدعومة بالأدلة لإقناع المستمعين واستمالتهم نحو الموضوع مستخدما اللغة العربية الفصيحة.",G11.5.1.1.1,يشرح الأفكار الداعمة للفكرة المحورية,,,,,,,,,,,,,,,,,
Grade 11,الفصل الثالث,3.4,"استماع: تسعة آثار ساحرة للامتنان
",3.4.1,الاستماع والمحادثة,الاستماع / استيعاب المعرفة و تقديمها,"أن يظهر المتعلم فهما لمواد مسموعة، ويتواصـل مع الآخرين مقدما المعلومات والنتائج المدعومة بالأدلة لإقناع المستمعين واستمالتهم نحو الموضوع مستخدما اللغة العربية الفصيحة.",G11.5.1.1.1,يحلل القيم الظاهرة والخفية في النص,,,,,,,,,,,,,,,,,
Grade 11,الفصل الثالث,3.5,"محادثة: الهوية
",3.5.1,الاستماع والمحادثة,المحادثة/ استيعاب المعرفة و تقديمها,"أن يشارك المتعلم في النقاشات مع معلميه وزملائه، مكيفا كلامه وفق لمجموعة متنوعة مــن السـياقات والمهام  التواصلية، مظهرا إجادته للغة العربية الفصيحة.",G11.5.1.2.3,يطرح قضية يناقش مظاهرها وأسبابها و نتائجها,,,,,,,,,,,,,,,,,
Grade 11,الفصل الثالث,3.5,"محادثة: الهوية
",3.5.1,الاستماع والمحادثة,المحادثة/ استيعاب المعرفة و تقديمها,"أن يشارك المتعلم في النقاشات مع معلميه وزملائه، مكيفا كلامه وفق لمجموعة متنوعة مــن السـياقات والمهام  التواصلية، مظهرا إجادته للغة العربية الفصيحة.",G11.5.1.2.3,يقدم أفكارا من عنده,,,,,,,,,,,,,,,,,
Grade 11,الفصل الثالث,3.5,"محادثة: الهوية
",3.5.1,الاستماع والمحادثة,المحادثة/ استيعاب المعرفة و تقديمها,"أن يستخدم المتعلم الوسائط الرقمية في العروض البصرية للتعبير عن المعلومات، ويفهم المــادة المعروضة من خلال هذه الوسائط.",G11.5.1.2.1,يناقش بهدوء و يستمع للآخرين باهتمام,,,,,,,,,,,,,,,,,
Grade 11,الفصل الثالث,3.5,"محادثة: التطوع
",3.5.2,الاستماع والمحادثة,المحادثة/ استيعاب المعرفة و تقديمها,"أن يستخدم المتعلم الوسائط الرقمية في العروض البصرية للتعبير عن المعلومات، ويفهم المــادة المعروضة من خلال هذه الوسائط.",G11.5.1.2.2,يقدم عرضا شفويا معلوماتيا بهدف الاقناع يضمنه أدلة منطقية و حججا مقنعة,,,,,,,,,,,,,,,,,
Grade 11,الفصل الثالث,3.5,"محادثة: التطوع
",3.5.2,الاستماع والمحادثة,المحادثة/ استيعاب المعرفة و تقديمها,"أن يستخدم المتعلم الوسائط الرقمية في العروض البصرية للتعبير عن المعلومات، ويفهم المــادة المعروضة من خلال هذه الوسائط.",G11.5.1.2.2,ينظم عرضه تنظيما جيدا,,,,,,,,,,,,,,,,,
Grade 11,الفصل الثالث,3.5,"محادثة: التطوع
",3.5.2,الاستماع والمحادثة,المحادثة/ استيعاب المعرفة و تقديمها,"أن يستخدم المتعلم الوسائط الرقمية في العروض البصرية للتعبير عن المعلومات، ويفهم المــادة المعروضة من خلال هذه الوسائط.",G11.5.1.2.2,يلتزم الوقت المحدد له,,,,,,,,,,,,,,,,,
Grade 11,الفصل الثالث,3.6,"كتابة نص وصفي: كيف تكون شابا ناجحا وتحقق أحلامك؟
",3.6.1,الكتابة,الكتابة / البحث عن المعلومات,أن يبحث المتعلم عن المعلومات ويطبقها في موضوعات كتابية تستند إلى أغراض محددة تظهر فهمه بالمادة التي يبحث عنها وتتناسب مع غرض الكتابة وطبيعتها.,G11.4.1.1.1,"يبحث المتعلم عن المعلومات و يطبقها في موضوعات كتابية تستند إلى أغراض محددة، تظهر فهمه بالمادة التي يبحث عنها و تتناسب مع غرض الكتابة و طبيعتها",كتابة نص وصفي,,,,,,,,,,,,,,,,
Grade 11,الفصل الثالث,3.6,"كتابة نص وصفي: كيف تكون شابا ناجحا وتحقق أحلامك؟
",3.6.1,الكتابة,الكتابة / إنتاج الأعمال الكتابية و نشرها,أن يستخدم المتعلم التكنولوجيا لينتج و ينشر عملا كتابيا متفاعلا مع الاخرين,G11.4.2.3.3,يستخدم المتعلم التكنولوجيا لينتج و ينشر عملا كتابيا متفاعلا مع الاخرين,,,,,,,,,,,,,,,,,
Grade 11,الفصل الثالث,3.6,"كتابة نص وصفي: كيف تكون شابا ناجحا وتحقق أحلامك؟
",3.6.1,الكتابة,الكتابة / إنتاج الأعمال الكتابية و نشرها,"أن يكتب المتعلم نصوصا تعبر عن فكرة مركزية، تظهر مقدرة على التركيز والتنظيم، و تدل على وعي كامل بالمتلقين، مطورا مهاراته الكتابية من خلال مهارات الكتابة ( ما قبل الكتابة، المسودة، المراجعة) لتحرير النص",G11.4.2.2.7,"يكتب المتعلم نصوصا تعبر عن فكرة مركزية، تظهر مقدرة على التركيز والتنظيم، و تدل على وعي كامل بالمتلقين، مطورا مهاراته الكتابية من خلال مهارات الكتابة ( ما قبل الكتابة، المسودة، المراجعة) لتحرير النص",,,,,,,,,,,,,,,,,
Grade 11,الفصل الثالث,3.8,"بلاغة: الجناس
",3.8.1,اللغة (البلاغة),اللغة/ بنية اللغة العربية : (البلاغة),"أن يتعرف المتعلم المفاهيم البلاغية، ويتذوقها ويوظفها في إنتاجه اللغوي",G11.6.3.1.2,يتعرف مفهوم الجناس,"الجناس
",,,,,,,,,,,,,,,,
Grade 11,الفصل الثالث,3.8,"بلاغة: الجناس
",3.8.1,اللغة (البلاغة),اللغة/ بنية اللغة العربية : (البلاغة),"أن يتعرف المتعلم المفاهيم البلاغية، ويتذوقها ويوظفها في إنتاجه اللغوي",G11.6.3.1.2,يتعرف أنواع الجناس و ينتج جملا تتضمنها مميزا بينهما,,,,,,,,,,,,,,,,,
Grade 12,الباب الأول,1.1,الجملة الاسمية ومكملاتها,1.1.1,اللغة (النحو والصرف),تطبيقات نحوية,,1.1.1.1,الجملة الاسمية,الجملة الاسمية,"الجملة الاسمية: مقدمة
الجملة الاسمية: أنواع الخبر1
الجملة الاسمية: أنواع الخبر2","الجملة الاسمية: مقدمة
الجملة الاسمية: أنواع الخبر1
الجملة الاسمية: أنواع الخبر2",,,,,,,,,,,,,,
Grade 12,الباب الأول,1.1,الجملة الاسمية ومكملاتها,1.1.1,اللغة (النحو والصرف),تطبيقات نحوية,,1.1.1.2,كان وأخواتها,كان وأخواتها,النواسخ - كان وأخواتها,,,,,,,,,,,,,,,
Grade 12,الباب الأول,1.1,الجملة الاسمية ومكملاتها,1.1.1,اللغة (النحو والصرف),تطبيقات نحوية,,1.1.1.3,أفعال المقاربة والرجاء والشروع,أفعال المقاربة والرجاء والشروع,,,,,,,,,,,,,,,,
Grade 12,الباب الأول,1.1,الجملة الاسمية ومكملاتها,1.1.1,اللغة (النحو والصرف),تطبيقات نحوية,,1.1.1.4,إن وأخواتها,إن وأخواتها,النواسخ - إنّ وأخواتها,,,,,,,,,,,,,,,
Grade 12,الباب الأول,1.1,الجملة الاسمية ومكملاتها,1.1.1,اللغة (النحو والصرف),تطبيقات نحوية,,1.1.1.5,لا النافية للجنس,لا النافية للجنس,,,,,,,,,,,,,,,,
Grade 12,الباب الأول,1.1,الجملة الاسمية ومكملاتها,1.1.1,اللغة (النحو والصرف),تطبيقات نحوية,,1.1.1.6,إنّ وأخواتها,إنّ وأخواتها,النواسخ - إنّ وأخواتها,,,,,,,,,,,,,,,
Grade 12,الباب الثاني,2.1,الجملة الفعلية ومكملاتها,2.1.1,اللغة (النحو والصرف),تطبيقات نحوية,,2.1.1.1,الجملة الفعلية,الجملة الفعلية,,,,,,,,,,,,,,,,
Grade 12,الباب الثاني,2.1,الجملة الفعلية ومكملاتها,2.1.1,اللغة (النحو والصرف),تطبيقات نحوية,,2.1.1.2,الفعل,الفعل,,,,,,,,,,,,,,,,
Grade 12,الباب الثاني,2.1,الجملة الفعلية ومكملاتها,2.1.1,اللغة (النحو والصرف),تطبيقات نحوية,,2.1.1.3,الفاعل,الفاعل,,,,,,,,,,,,,,,,
Grade 12,الباب الثاني,2.1,الجملة الفعلية ومكملاتها,2.1.1,اللغة (النحو والصرف),تطبيقات نحوية,,2.1.1.4,نائب الفاعل,نائب الفاعل,,,,,,,,,,,,,,,,
Grade 12,الباب الثاني,2.1,الجملة الفعلية ومكملاتها,2.1.1,اللغة (النحو والصرف),تطبيقات نحوية,,2.1.1.5,المفعول به,المفعول به,,,,,,,,,,,,,,,,
Grade 12,الباب الثاني,2.1,الجملة الفعلية ومكملاتها,2.1.1,اللغة (النحو والصرف),تطبيقات نحوية,,2.1.1.6,المفعول المطلق,المفعول المطلق,,,,,,,,,,,,,,,,
Grade 12,الباب الثاني,2.1,الجملة الفعلية ومكملاتها,2.1.1,اللغة (النحو والصرف),تطبيقات نحوية,,2.1.1.7,المفعول له / لأجله,المفعول له / لأجله,,,,,,,,,,,,,,,,
Grade 12,الباب الثاني,2.1,الجملة الفعلية ومكملاتها,2.1.1,اللغة (النحو والصرف),تطبيقات نحوية,,2.1.1.8,المفعول فيه (الظرف),المفعول فيه (الظرف),,,,,,,,,,,,,,,,
Grade 12,الباب الثاني,2.1,الجملة الفعلية ومكملاتها,2.1.1,اللغة (النحو والصرف),تطبيقات نحوية,,2.1.1.9,المنصوبات (الحال والتمييز),المنصوبات (الحال والتمييز),,,,,,,,,,,,,,,,
Grade 12,الباب الثاني,2.1,الجملة الفعلية ومكملاتها,2.1.1,اللغة (النحو والصرف),تطبيقات نحوية,,2.1.1.10,الحال,الحال,,,,,,,,,,,,,,,,
Grade 12,الباب الثاني,2.1,الجملة الفعلية ومكملاتها,2.1.1,اللغة (النحو والصرف),تطبيقات نحوية,,2.1.1.11,التمييز,التمييز,,,,,,,,,,,,,,,,
Grade 12,الباب الثالث,3.1,الجر والإضافة,3.1.1,اللغة (النحو والصرف),تطبيقات نحوية,,3.1.1.1,الجر والإضافة,الجر والإضافة,ضمائر الجرّ المتصلة,ضمائر الجرّ المتصلة,,,,,,,,,,,,,,
Grade 12,الباب الثالث,3.1,الجر والإضافة,3.1.1,اللغة (النحو والصرف),تطبيقات نحوية,,3.1.1.2,الجر,الجر,,,,,,,,,,,,,,,,
Grade 12,الباب الثالث,3.1,الجر والإضافة,3.1.1,اللغة (النحو والصرف),تطبيقات نحوية,,3.1.1.3,الإضافة,الإضافة,,,,,,,,,,,,,,,,
Grade 12,الباب الرابع,4.1,التوابع,4.1.1,اللغة (النحو والصرف),تطبيقات نحوية,,4.1.1.1,التوابع,التوابع,,,,,,,,,,,,,,,,
Grade 12,الباب الرابع,4.1,التوابع,4.1.1,اللغة (النحو والصرف),تطبيقات نحوية,,4.1.1.2,النعت,النعت,,,,,,,,,,,,,,,,
Grade 12,الباب الرابع,4.1,التوابع,4.1.1,اللغة (النحو والصرف),تطبيقات نحوية,,4.1.1.3,العطف,العطف,,,,,,,,,,,,,,,,
Grade 12,الباب الرابع,4.1,التوابع,4.1.1,اللغة (النحو والصرف),تطبيقات نحوية,,4.1.1.4,التوكيد,التوكيد,,,,,,,,,,,,,,,,
Grade 12,الباب الرابع,4.1,التوابع,4.1.1,اللغة (النحو والصرف),تطبيقات نحوية,,4.1.1.5,البدل,البدل,,,,,,,,,,,,,,,,
Grade 12,الباب الأول,1.2,القصة القصيرة ,1.2.1,القراءة,النصوص القصصية,,1.2.1.1,نظرة خارج النافذة - (ليندا فون كيزر),,,,,,,,,,,,,,,,,
Grade 12,الباب الأول,1.2,القصة القصيرة ,1.2.1,القراءة,النصوص القصصية,,1.2.1.2,علامة تعجب - فاطعمة الكعبي,,,,,,,,,,,,,,,,,
Grade 12,الباب الأول,1.2,القصة القصيرة ,1.2.1,القراءة,النصوص القصصية,,1.2.1.3,رأيت النخل - رضوى عاشور,,,,,,,,,,,,,,,,,
Grade 12,الباب الأول,1.2,القصة القصيرة ,1.2.1,القراءة,النصوص القصصية,,1.2.1.4,الحرباء - (أنطوان تشيخوف),,,,,,,,,,,,,,,,,
Grade 12,الباب الأول,1.2,القصة القصيرة ,1.2.1,القراءة,النصوص القصصية,,1.2.1.5,ما لن يأتي عبر النافذة - جوخة الحارثي,,,,,,,,,,,,,,,,,
Grade 12,الباب الأول,1.2,القصة القصيرة ,1.2.1,القراءة,النصوص القصصية,,1.2.1.6,"طفل و كلب، ذات ليل - (آماليا رندايك)",,,,,,,,,,,,,,,,,
Grade 12,الباب الأول,1.2,القصة القصيرة ,1.2.1,القراءة,النصوص القصصية,,1.2.1.7,السماور - سعيد فائق ,,,,,,,,,,,,,,,,,
Grade 12,الباب الثاني,1.2,قصص رديفة,1.2.2,القراءة,النصوص القصصية,,1.2.2.1,البدين و النحيف - (أنطوان تشيخوف),,,,,,,,,,,,,,,,,
Grade 12,الباب الثاني,1.2,قصص رديفة,1.2.2,القراءة,النصوص القصصية,,1.2.2.2,بيت - إبتسام المعلا,,,,,,,,,,,,,,,,,
Grade 12,الباب الثاني,1.2,قصص رديفة,1.2.2,القراءة,النصوص القصصية,,1.2.2.3,الحلم الأخير - (هانس كريستيان أندرسن),,,,,,,,,,,,,,,,,
Grade 12,الباب الثاني,1.2,قصص رديفة,1.2.2,القراءة,النصوص القصصية,,1.2.2.4,الشيخان ,,,,,,,,,,,,,,,,,
Grade 12,الباب الثاني,1.2,قصص رديفة,1.2.2,القراءة,النصوص القصصية,,1.2.2.5,الصقر - (غوستاف هلستروم),,,,,,,,,,,,,,,,,
Grade 12,الباب الثاني,1.2,قصص رديفة,1.2.2,القراءة,النصوص القصصية,,1.2.2.6,الفلاحون في باريس - (ألفونسو دوديه),,,,,,,,,,,,,,,,,
Grade 12,الباب الثاني,1.2,قصص رديفة,1.2.2,القراءة,النصوص القصصية,,1.2.2.7,بغلة القاضي - (ألفونسو دوديه),,,,,,,,,,,,,,,,,
Grade 12,الباب الثاني,1.2,قصص رديفة,1.2.2,القراءة,النصوص القصصية,,1.2.2.8,حلم عصفور المطر - دز ليلى الصقر,,,,,,,,,,,,,,,,,
Grade 12,الباب الثاني,1.2,قصص رديفة,1.2.2,القراءة,النصوص القصصية,,1.2.2.9,سر المعلم كورني,,,,,,,,,,,,,,,,,
Grade 12,الباب الثاني,1.2,قصص رديفة,1.2.2,القراءة,النصوص القصصية,,1.2.2.10,عنزة السيد (سيجان),,,,,,,,,,,,,,,,,
Grade 12,الباب الثاني,1.2,قصص رديفة,1.2.2,القراءة,النصوص القصصية,,1.2.2.11,أسطورة الرجل ذي المخ الذهبي - (ألفونسو دوديه),,,,,,,,,,,,,,,,,
Grade 12,الباب الثاني,1.2,قصص رديفة,1.2.2,القراءة,النصوص القصصية,,1.2.2.12,وداعا يا كورديرا - (ليوبولدو آلاس),,,,,,,,,,,,,,,,,
Grade 12,الباب الثاني,1.2,قصص رديفة,1.2.2,القراءة,النصوص القصصية,,1.2.2.13,كلمات,,,,,,,,,,,,,,,,,
Grade 12,الباب الثاني,1.2,قصص رديفة,1.2.2,القراءة,النصوص القصصية,,1.2.2.14,منزل للبيع,,,,,,,,,,,,,,,,,
Grade 12,الباب الثاني,1.2,قصص رديفة,1.2.2,القراءة,النصوص القصصية,,1.2.2.15,ينبوع الشباب - (ناثانيل هوثورن),,,,,,,,,,,,,,,,,
Grade 12,الباب الأول,1.3,شعر المتنبي: مقدمة عن شعر المتنبي,1.3.1,القراءة,النصوص الشعرية ,,1.3.1.1,أرق على أرق,,,,,,,,,,,,,,,,,
Grade 12,الباب الأول,1.3,شعر المتنبي: مقدمة عن شعر المتنبي,1.3.1,القراءة,النصوص الشعرية ,,1.3.1.2,على قدر أهل العزم تأتي العزائم,,,,,,,,,,,,,,,,,
Grade 12,الباب الأول,1.3,شعر المتنبي: مقدمة عن شعر المتنبي,1.3.1,القراءة,النصوص الشعرية ,,1.3.1.3,عيد بأية حال عدت يا عيد,,,,,,,,,,,,,,,,,
Grade 12,الباب الأول,1.3,شعر المتنبي: مقدمة عن شعر المتنبي,1.3.1,القراءة,النصوص الشعرية ,,1.3.1.4,الرأي قبل شجاعة الشجعان,,,,,,,,,,,,,,,,,
Grade 12,الباب الأول,1.3,شعر المتنبي: مقدمة عن شعر المتنبي,1.3.1,القراءة,النصوص الشعرية ,,1.3.1.5,إذا غامرت في شرف مروم,,,,,,,,,,,,,,,,,
Grade 12,الباب الأول,1.3,شعر المتنبي: مقدمة عن شعر المتنبي,1.3.1,القراءة,النصوص الشعرية ,,1.3.1.6,أجاب دمعي وما الداعي سوى طلل,,,,,,,,,,,,,,,,,
Grade 12,الباب الأول,1.3,شعر المتنبي: مقدمة عن شعر المتنبي,1.3.1,القراءة,النصوص الشعرية ,,1.3.1.7,واحر قلباه ممن قلبه شبم,,,,,,,,,,,,,,,,,
Grade 12,الباب الأول,1.3,شعر المتنبي: مقدمة عن شعر المتنبي,1.3.1,القراءة,النصوص الشعرية ,,1.3.1.8,الأ ما لسيف الدولة اليوم عاتبا,,,,,,,,,,,,,,,,,
Grade 12,الباب الأول,1.3,شعر المتنبي: مقدمة عن شعر المتنبي,1.3.1,القراءة,النصوص الشعرية ,,1.3.1.9,أين أزمعت أيهذا الهمام؟,,,,,,,,,,,,,,,,,
Grade 12,الباب الأول,1.3,شعر المتنبي: مقدمة عن شعر المتنبي,1.3.1,القراءة,النصوص الشعرية ,,1.3.1.10,لا خيل عندك تهديها و لا مال,,,,,,,,,,,,,,,,,
Grade 12,الباب الأول,1.3,شعر المتنبي: مقدمة عن شعر المتنبي,1.3.1,القراءة,النصوص الشعرية ,,1.3.1.11,صحب الناس قبلنا ذا الزمانا,,,,,,,,,,,,,,,,,
Grade 12,الباب الأول,1.3,شعر المتنبي: مقدمة عن شعر المتنبي,1.3.1,القراءة,النصوص الشعرية ,,1.3.1.12,بأدنى ابتسام منك تحيا القرائح,,,,,,,,,,,,,,,,,
Grade 12,الباب الأول,1.3,شعر المتنبي: مقدمة عن شعر المتنبي,1.3.1,القراءة,النصوص الشعرية ,,1.3.1.13,أراع كذا كل الأنام همام؟,,,,,,,,,,,,,,,,,
Grade 12,الباب الأول,1.3,شعر المتنبي: مقدمة عن شعر المتنبي,1.3.1,القراءة,النصوص الشعرية ,,1.3.1.14,بم التعلل لا أهل ولا وطن,,,,,,,,,,,,,,,,,
Grade 12,الباب الأول,1.3,شعر المتنبي: مقدمة عن شعر المتنبي,1.3.1,القراءة,النصوص الشعرية ,,1.3.1.15,مغاني الشعب طيبا في المغاني,,,,,,,,,,,,,,,,,
Grade 12,الباب الأول,1.3,شعر المتنبي: مقدمة عن شعر المتنبي,1.3.1,القراءة,النصوص الشعرية ,,1.3.1.16,لكل امرئ من دهره ما تعزدا,,,,,,,,,,,,,,,,,
Grade 12,الباب الأول,1.3,شعر المتنبي: مقدمة عن شعر المتنبي,1.3.1,القراءة,النصوص الشعرية ,,1.3.1.17,كفى بك داء,,,,,,,,,,,,,,,,,
Grade 12,الباب الأول,1.3,شعر المتنبي: نصوص رديفة من العصر العباسي,1.3.1,القراءة,النصوص الشعرية ,,1.3.1.18,السيف أصدق إنباء من الكتب - أبو تمام ,,,,,,,,,,,,,,,,,
Grade 12,الباب الأول,1.3,شعر المتنبي: نصوص رديفة من العصر العباسي,1.3.1,القراءة,النصوص الشعرية ,,1.3.1.19,إذا جاريت في خلق دنيئا - أبو تمام,,,,,,,,,,,,,,,,,
Grade 12,الباب الأول,1.3,شعر المتنبي: نصوص رديفة من العصر العباسي,1.3.1,القراءة,النصوص الشعرية ,,1.3.1.20,صنت نفسي عما يدنس نفسي - البحتري,,,,,,,,,,,,,,,,,
Grade 12,الباب الأول,1.3,شعر المتنبي: نصوص رديفة من العصر العباسي,1.3.1,القراءة,النصوص الشعرية ,,1.3.1.21,"أبا سعيد، و في الأيام معتبر - البحتري",,,,,,,,,,,,,,,,,
Grade 12,الباب الأول,1.3,شعر المتنبي: نصوص رديفة من العصر العباسي,1.3.1,القراءة,النصوص الشعرية ,,1.3.1.22,ميلو إلى الدار من ليلى نحييها - البحتري,,,,,,,,,,,,,,,,,
Grade 12,الباب الأول,1.3,شعر المتنبي: نصوص رديفة من العصر العباسي,1.3.1,القراءة,النصوص الشعرية ,,1.3.1.23,لما كملت روية و عزيمة - البحتري,,,,,,,,,,,,,,,,,
Grade 12,الباب الأول,1.3,شعر المتنبي: نصوص رديفة من العصر العباسي,1.3.1,القراءة,النصوص الشعرية ,,1.3.1.24,وإني وإن كنت الأخير زمانه - أبو العلاء المعري,,,,,,,,,,,,,,,,,
Grade 12,الباب الأول,1.3,شعر المتنبي: نصوص رديفة من العصر العباسي,1.3.1,القراءة,النصوص الشعرية ,,1.3.1.25,بكاؤكما يشفي وإن كان لا يجدي - ابن الرومي,,,,,,,,,,,,,,,,,
Grade 12,الباب الأول,1.3,شعر المتنبي: نصوص رديفة من العصر العباسي,1.3.1,القراءة,النصوص الشعرية ,,1.3.1.26,أتاني مقال من أخ فاغتفرته - ابن الرومي,,,,,,,,,,,,,,,,,
Grade 12,الباب الأول,1.3,شعر المتنبي: نصوص رديفة من العصر العباسي,1.3.1,القراءة,النصوص الشعرية ,,1.3.1.27,رب عرض منزه عن قبيح - ابن الرومي,,,,,,,,,,,,,,,,,
Grade 12,الباب الأول,1.3,شعر المتنبي: نصوص رديفة من العصر العباسي,1.3.1,القراءة,النصوص الشعرية ,,1.3.1.28,سألتك حاجة فسعيت فيها - ابن الرومي,,,,,,,,,,,,,,,,,
Grade 12,الباب الأول,1.3,شعر المتنبي: نصوص رديفة من العصر العباسي,1.3.1,القراءة,النصوص الشعرية ,,1.3.1.29,من سالم الناس سلم - أبو العتاهية,,,,,,,,,,,,,,,,,
Grade 12,الباب الأول,1.3,شعر المتنبي: نصوص رديفة من العصر العباسي,1.3.1,القراءة,النصوص الشعرية ,,1.3.1.30,"لعمرك، ما الدنيا بدار بقاء - أبو العتاهية ",,,,,,,,,,,,,,,,,
Grade 12,الباب الأول,1.3,شعر المتنبي: نصوص رديفة من العصر العباسي,1.3.1,القراءة,النصوص الشعرية ,,1.3.1.31,كيف السبيل إلى طيف يزاوره - أبو فراس الحمداني ,,,,,,,,,,,,,,,,,
Grade 12,الباب الأول,1.3,شعر المتنبي: نصوص رديفة من العصر العباسي,1.3.1,القراءة,النصوص الشعرية ,,1.3.1.32,مالي بدار خلت من أهلها شغل - أبو نواس,,,,,,,,,,,,,,,,,
Grade 12,الباب الثاني,1.3,الشعر الأندلسي: مقدمة عن الشعر الأندلسي,1.3.2,القراءة,النصوص الشعرية ,,1.3.2.1,جادك الغيث - لسان الدين بن الخطيب,,,,,,,,,,,,,,,,,
Grade 12,الباب الثاني,1.3,الشعر الأندلسي: مقدمة عن الشعر الأندلسي,1.3.2,القراءة,النصوص الشعرية ,,1.3.2.2,نثر الجو على الأرض برد - ابن حمديس,,,,,,,,,,,,,,,,,
Grade 12,الباب الثاني,1.3,الشعر الأندلسي: نصوص رديفة من الشعر الأندلسي,1.3.2,القراءة,النصوص الشعرية ,,1.3.2.3,وصف الجبل - ابن خفاجة ,,,,,,,,,,,,,,,,,
Grade 12,الباب الثاني,1.3,الشعر الأندلسي: نصوص رديفة من الشعر الأندلسي,1.3.2,القراءة,النصوص الشعرية ,,1.3.2.4,وصف بركة المتوكل - ابن حمديس,,,,,,,,,,,,,,,,,
Grade 12,الباب الثاني,1.3,الشعر الأندلسي: نصوص رديفة من الشعر الأندلسي,1.3.2,القراءة,النصوص الشعرية ,,1.3.2.5,العودة إلى الوطن - ابن حمديس,,,,,,,,,,,,,,,,,
Grade 12,الباب الثاني,1.3,الشعر الأندلسي: نصوص رديفة من الشعر الأندلسي,1.3.2,القراءة,النصوص الشعرية ,,1.3.2.6,بين الشيخوخة و المرض - ابن حمديس,,,,,,,,,,,,,,,,,
Grade 12,الباب الثاني,1.3,الشعر الأندلسي: نصوص رديفة من الشعر الأندلسي,1.3.2,القراءة,النصوص الشعرية ,,1.3.2.7,وصف الشيخوخة - ابن حمديس,,,,,,,,,,,,,,,,,
Grade 12,الباب الثاني,1.3,الشعر الأندلسي: نصوص رديفة من الشعر الأندلسي,1.3.2,القراءة,النصوص الشعرية ,,1.3.2.8,يا من يضن بصوت الطائر الغرد - ابن عبد ربه,,,,,,,,,,,,,,,,,
Grade 12,الباب الثاني,1.3,الشعر الأندلسي: نصوص رديفة من الشعر الأندلسي,1.3.2,القراءة,النصوص الشعرية ,,1.3.2.9,طويت زماني - ابن عبد ربه,,,,,,,,,,,,,,,,,
Grade 12,الباب الثاني,1.3,الشعر الأندلسي: نصوص رديفة من الشعر الأندلسي,1.3.2,القراءة,النصوص الشعرية ,,1.3.2.10,وصف الطبيعة الغناء - ابن سهيل,,,,,,,,,,,,,,,,,
Grade 12,الباب الثاني,1.3,الشعر الأندلسي: نصوص رديفة من الشعر الأندلسي,1.3.2,القراءة,النصوص الشعرية ,,1.3.2.11,وصف النهر - ابن سهيل,,,,,,,,,,,,,,,,,
Grade 12,الباب الثاني,1.3,الشعر الأندلسي: نصوص رديفة من الشعر الأندلسي,1.3.2,القراءة,النصوص الشعرية ,,1.3.2.12,لكل شيء إذا ما تم نقصان - أبو البقاء الرندي,,,,,,,,,,,,,,,,,
Grade 12,الباب الثاني,1.3,الشعر الأندلسي: نصوص رديفة من الشعر الأندلسي,1.3.2,القراءة,النصوص الشعرية ,,1.3.2.13,أبقت لنا الأيام - أبو الحسن بن زنباع,,,,,,,,,,,,,,,,,
Grade 12,الباب الثاني,1.3,الشعر الأندلسي: نصوص رديفة من الشعر الأندلسي,1.3.2,القراءة,النصوص الشعرية ,,1.3.2.14,فيما مضى كنت بالأعياد مسرورا - المعتمد,,,,,,,,,,,,,,,,,
Grade 12,الباب الثاني,1.3,الشعر الأندلسي: نصوص رديفة من الشعر الأندلسي,1.3.2,القراءة,النصوص الشعرية ,,1.3.2.15,أبى البرق إلا أن يحن فؤاد - ابن خفاجة ,,,,,,,,,,,,,,,,,
Grade 12,الباب الثاني,1.3,الشعر الأندلسي: نصوص رديفة من الشعر الأندلسي,1.3.2,القراءة,النصوص الشعرية ,,1.3.2.16,و صهوة عزم قد تمطيت - ابن خفاجة,,,,,,,,,,,,,,,,,
Grade 12,الباب الثاني,1.3,الشعر الأندلسي: نصوص رديفة من الشعر الأندلسي,1.3.2,القراءة,النصوص الشعرية ,,1.3.2.17,و مفازة لا نجم في ظلمائها - ابن خفاجة ,,,,,,,,,,,,,,,,,
Grade 12,الباب الثاني,1.3,الشعر الأندلسي: نصوص رديفة من الشعر الأندلسي,1.3.2,القراءة,النصوص الشعرية ,,1.3.2.18,أضحى التنائي بديلا من تدانينا - ابن زيدون,,,,,,,,,,,,,,,,,
Grade 12,الباب الثاني,1.3,الشعر الأندلسي: نصوص رديفة من الشعر الأندلسي,1.3.2,القراءة,النصوص الشعرية ,,1.3.2.19,إني ذكرتك بالزهراء مشتاقا - ابن زيدون,,,,,,,,,,,,,,,,,
Grade 12,الباب الثاني,1.3,الشعر الأندلسي: نصوص رديفة من الشعر الأندلسي,1.3.2,القراءة,النصوص الشعرية ,,1.3.2.20,شكوى و عتاب - ابن زيدون ,,,,,,,,,,,,,,,,,
Grade 12,الباب الثاني,1.3,الشعر الأندلسي: نصوص رديفة من الشعر الأندلسي,1.3.2,القراءة,النصوص الشعرية ,,1.3.2.21,من مبلغ عني البدر الذي كملا - ابن زيدون,,,,,,,,,,,,,,,,,
Grade 12,الباب الثاني,1.3,الشعر الأندلسي: نصوص رديفة من الموشحات,1.3.2,القراءة,النصوص الشعرية ,,1.3.2.22,موشح - للشاعر (أبو الحسن علي بن مهلهل الجيلاني),,,,,,,,,,,,,,,,,
Grade 12,الباب الثالث,1.3,شعر التفعيلة: مقدمة عن قصيدة التفعيلة (الشعر الحر),1.3.3,القراءة,النصوص الشعرية ,,1.3.3.1,إلى أمي - محمود درويش,,,,,,,,,,,,,,,,,
Grade 12,الباب الثالث,1.3,شعر التفعيلة: مقدمة عن قصيدة التفعيلة (الشعر الحر),1.3.3,القراءة,النصوص الشعرية ,,1.3.3.2,سكر الوقت - إبراهيم محمد إبراهيم,,,,,,,,,,,,,,,,,
Grade 12,الباب الثالث,1.3,شعر التفعيلة: نصوص رديفة من شعر التفعيلة,1.3.3,القراءة,النصوص الشعرية ,,1.3.3.3,البكاء - محمود درويش,,,,,,,,,,,,,,,,,
Grade 12,الباب الثالث,1.3,شعر التفعيلة: نصوص رديفة من شعر التفعيلة,1.3.3,القراءة,النصوص الشعرية ,,1.3.3.4,البنت/ الصرخة - محمود درويش ,,,,,,,,,,,,,,,,,
Grade 12,الباب الثالث,1.3,شعر التفعيلة: نصوص رديفة من شعر التفعيلة,1.3.3,القراءة,النصوص الشعرية ,,1.3.3.5,غريب في مدينة بعيدة  محمود درويش,,,,,,,,,,,,,,,,,
Grade 12,الباب الثالث,1.3,شعر التفعيلة: نصوص رديفة من شعر التفعيلة,1.3.3,القراءة,النصوص الشعرية ,,1.3.3.6,فكر بغيرك - محمود درويش,,,,,,,,,,,,,,,,,
Grade 12,الباب الثالث,1.3,شعر التفعيلة: نصوص رديفة من شعر التفعيلة,1.3.3,القراءة,النصوص الشعرية ,,1.3.3.7,الرحلة لم تبدأ بعد - ابراهيم محمد ابراهيم,,,,,,,,,,,,,,,,,
Grade 12,الباب الثالث,1.3,شعر التفعيلة: نصوص رديفة من شعر التفعيلة,1.3.3,القراءة,النصوص الشعرية ,,1.3.3.8,عند باب المدينة - ابراهيم محمد ابراهيم,,,,,,,,,,,,,,,,,
Grade 12,الباب الثالث,1.3,شعر التفعيلة: نصوص رديفة من شعر التفعيلة,1.3.3,القراءة,النصوص الشعرية ,,1.3.3.9,قصة لا تنتهي - ابراهيم محمد ابراهيم,,,,,,,,,,,,,,,,,
Grade 12,الباب الثالث,1.3,شعر التفعيلة: نصوص رديفة من شعر التفعيلة,1.3.3,القراءة,النصوص الشعرية ,,1.3.3.10,كان هنا بحر - ابراهيم محمد ابراهيم,,,,,,,,,,,,,,,,,
Grade 12,الباب الثالث,1.3,شعر التفعيلة: نصوص رديفة من شعر التفعيلة,1.3.3,القراءة,النصوص الشعرية ,,1.3.3.11,من أين يجيء البرد؟ - ابراهيم محمد ابراهيم,,,,,,,,,,,,,,,,,
Grade 12,الباب الثالث,1.3,شعر التفعيلة: نصوص رديفة من شعر التفعيلة,1.3.3,القراءة,النصوص الشعرية ,,1.3.3.12,عدالة - أيمن أبو شعر,,,,,,,,,,,,,,,,,
Grade 12,الباب الثالث,1.3,شعر التفعيلة: نصوص رديفة من شعر التفعيلة,1.3.3,القراءة,النصوص الشعرية ,,1.3.3.13,مر القطار - نازك الملائكة,,,,,,,,,,,,,,,,,
Grade 12,الباب الثالث,1.3,شعر التفعيلة: نصوص رديفة من شعر التفعيلة,1.3.3,القراءة,النصوص الشعرية ,,1.3.3.14,أنشودة المطر - بدر شاكر السياب,,,,,,,,,,,,,,,,,
Grade 12,الباب الثالث,1.3,شعر التفعيلة: نصوص رديفة من شعر التفعيلة,1.3.3,القراءة,النصوص الشعرية ,,1.3.3.15,ذكريات الطفولة - عبد الوهاب البياتي,,,,,,,,,,,,,,,,,
Grade 12,الباب الثالث,1.3,شعر التفعيلة: نصوص رديفة من شعر التفعيلة,1.3.3,القراءة,النصوص الشعرية ,,1.3.3.16,البكاء بين يدي زرقاء اليمامة - أمل دنغل,,,,,,,,,,,,,,,,,
Grade 12,الباب الثالث,1.3,شعر التفعيلة: نصوص رديفة من شعر التفعيلة,1.3.3,القراءة,النصوص الشعرية ,,1.3.3.17,العائد - ممدوح عدوان ,,,,,,,,,,,,,,,,,
Grade 12,الباب الثالث,1.3,شعر التفعيلة: نصوص رديفة من شعر التفعيلة,1.3.3,القراءة,النصوص الشعرية ,,1.3.3.18,طفل - صلاح عبدالصبور,,,,,,,,,,,,,,,,,
Grade 12,الباب الثالث,1.3,شعر التفعيلة: نصوص رديفة من شعر التفعيلة,1.3.3,القراءة,النصوص الشعرية ,,1.3.3.19,أقول لإصحابي - علي جعفر العلاق,,,,,,,,,,,,,,,,,
Grade 12,الباب الثالث,1.3,شعر التفعيلة: نصوص رديفة من شعر التفعيلة,1.3.3,القراءة,النصوص الشعرية ,,1.3.3.20,أيار و ملاح جديد - ابراهيم السعافين,,,,,,,,,,,,,,,,,
Grade 12,الباب الثالث,1.3,شعر التفعيلة: نصوص رديفة من شعر التفعيلة,1.3.3,القراءة,النصوص الشعرية ,,1.3.3.21,ما زلت أغني - مححمد الفيتوري,,,,,,,,,,,,,,,,,
Grade 12,الباب الثالث,1.3,شعر التفعيلة: نصوص رديفة من شعر التفعيلة,1.3.3,القراءة,النصوص الشعرية ,,1.3.3.22,مرثية للبراعة - حيدر محمود,,,,,,,,,,,,,,,,,
Grade 12,الباب الثالث,1.3,شعر التفعيلة: نصوص رديفة من شعر التفعيلة,1.3.3,القراءة,النصوص الشعرية ,,1.3.3.23,بدأت مع البحر - محمد عبدالله البريكي,,,,,,,,,,,,,,,,,
Grade 12,الباب الثالث,1.3,شعر التفعيلة: نصوص رديفة من شعر التفعيلة,1.3.3,القراءة,النصوص الشعرية ,,1.3.3.24,عالم المجد - د. عبدالحكيم الزبيدي,,,,,,,,,,,,,,,,,
Grade 12,الباب الثالث,1.3,شعر التفعيلة: نصوص رديفة من شعر التفعيلة,1.3.3,القراءة,النصوص الشعرية ,,1.3.3.25,وردة أمي - د. راشد علي عيسى,,,,,,,,,,,,,,,,,
Grade 12,القراءة,1.1,اللُّه ولُي الّذيَنٓ امنوا,1.1.1,القراءة,قراءة النصوص الأدبية/ تكامل المعرفة مع الفكر,"أن يقرأ المتعلم نصوصا شعرية وأعمالاً نثرية متنوعة ويقمها ويحللها، ويــدمــج الفكر المقدمة فيها؛ لبناء معرفة وفهم جديدين عن الفكرة المحورية، والرسائل المتضمنة في الأعمال الأدبية.",G12.2.3.1.7,يحَفُظ الّطاِلُب الآياِت الكريَمَة,,,,,,,,,,,,,,,,,
Grade 12,القراءة,1.1,اللُّه ولُي الّذيَنٓ امنوا,1.1.1,القراءة,قراءة النصوص الأدبية/تحليل النص,"أن يحدد المتعلم جوانب معينة في النصوص الأدبية ويفهمها،ويحلل عناصر النص وخيارات المؤلفين في اختيار الكلمت والأساليب الأدبية المناسبة لنصوصهم.",G11.2.2.1.18,يحلِّل معانَيها ضمَن سياقاِتها ملَتِفًتا إلى خصائص الَّنص الُقرآنِّي فيها,,,,,,,,,,,,,,,,,
Grade 12,القراءة,1.2,للُّهٔ اشُّد فرًحا,1.2.1,القراءة,قراءة النصوص الادبية / تحليل النص,"أن يحدد المتعلم جوانب معينة في النصوص الأدبية ويفهمها،ويحلل عناصر النص وخيارات المؤلفين في اختيار الكلمت والأساليب الأدبية المناسبة لنصوصهم.",G12.2.1.1.2,"يحلل المتعلم معاني الحديث الشريف ضمن سياقاته ، ملتفتا إلى خصائص المثل في البلاغة النبوية",,,,,,,,,,,,,,,,,
Grade 12,القراءة,1.2,للُّهٔ اشُّد فرًحا,1.2.1,القراءة,قراءة النصوص الأدبية/ تكامل المعرفة مع الفكر,"أن يقرأ المتعلم نصوصا شعرية وأعمالاً نثرية متنوعة ويقمها ويحللها، ويــدمــج الفكر المقدمة فيها؛ لبناء معرفة وفهم جديدين عن الفكرة المحورية، والرسائل المتضمنة في الأعمال الأدبية.",G12.2.3.1.7,يحفُظ المتعّلُم الحديَث الشريَف,,,,,,,,,,,,,,,,,
Grade 12,القراءة,1.3,شعُر الُمَتَنّبيٍ,1.3.1,الكتابة,الكتابة/ البحث عن المعلومات,أن يبحث المتعلم عن المعلومات ويطبقها في موضوعات كتابية تستند إلى أغراض محددة تظهر فهمه بالمادة التي يبحث عنها وتتناسب مع غرض الكتابة وطبيعتها.,G12.4.1.1.1,يكتب المتعلم ورقة بحثية (يمكن توظيف الموضوعات المقررة),كتابة بحث,,,,,,,,,,,,,,,,
Grade 12,القراءة,1.3,شعُر الُمَتَنّبيٍ,1.3.1,الكتابة,الكتابة/ البحث عن المعلومات,أن يبحث المتعلم عن المعلومات ويطبقها في موضوعات كتابية تستند إلى أغراض محددة تظهر فهمه بالمادة التي يبحث عنها وتتناسب مع غرض الكتابة وطبيعتها.,G12.4.1.1.2,يطّوُرالمتعّلُم بحَثُه بوضع أسئلة واضحٍة ودقيقٍة عِن الموضوِع,,,,,,,,,,,,,,,,,
Grade 12,القراءة,1.3,شعُر الُمَتَنّبيٍ,1.3.1,الكتابة,الكتابة/ البحث عن المعلومات,أن يبحث المتعلم عن المعلومات ويطبقها في موضوعات كتابية تستند إلى أغراض محددة تظهر فهمه بالمادة التي يبحث عنها وتتناسب مع غرض الكتابة وطبيعتها.,G12.4.1.1.3,"يضمُن المتعّلُم بحَثُه معلوماٍت مْن مصادَر مختلفٍةُ مراعًيا مصداقّيَة المصادِر ، مضمًنا بحثُه قائمَة المصادِر والمراجِع",,,,,,,,,,,,,,,,,
Grade 12,القراءة,1.3,أرق على أرق - المتنبي,1.3.2,القراءة,قراءة النصوص الأدبية/ معرفة الفكر الرئيسية والتفاصيل,"أن يحدد المتعلم الفكر الرئيسة والتفاصيل المساندة التي تسهم في توضيح الفكرة الرئيسة، أو الرسالة العامة، أو الدروس المقدمة في النصوص الأدبية",G12.2.1.1.1,يبين المتعلم المعنى الاجمالي للنص الشعري موضحا علاقة الفكر ببعضها مفسرا مفرداتها من خلال السياق والقرائن باستخدام مصادر ورقية ورقمية متعددة مستنتجا الدلالات التعبيرية الايحائية,,,,,,,,,,,,,,,,,
Grade 12,القراءة,1.3,أرق على أرق - المتنبي,1.3.2,القراءة,قراءة النصوص الادبية/ تحليل النص,"أن يحدد المتعلم جوانب معينة في النصوص الأدبية ويفهمها،ويحلل عناصر النص وخيارات المؤلفين في اختيار الكلمت والأساليب الأدبية المناسبة لنصوصهم.",G12.2.2.1.2,"يتتبع المتعلم الاثر الذي يتركه أسلوب الكاتب واستخدامه لبعض التقنيات البلاغية (بيان ، بديع ، معاني) لإيصال الفكرة والتأثير في القارئ",,,,,,,,,,,,,,,,,
Grade 12,القراءة,1.3,أرق على أرق - المتنبي,1.3.2,القراءة,قراءة النصوص الادبية/ تكامل المعرفة مع الفكر,"أن يقرأ المتعلم نصوصا شعرية وأعمالاً نثرية متنوعة ويقمها ويحللها، ويــدمــج الفكر المقدمة فيها؛ لبناء معرفة وفهم جديدين عن الفكرة المحورية، والرسائل المتضمنة في الأعمال الأدبية.",G12.2.3.1.7,يحفظ المتعلم من 10 - 12 بيتا من النص الشعري,,,,,,,,,,,,,,,,,
Grade 12,القراءة,1.3,على قدِر أهل العزِم - الُمَتَنّبي,1.3.3,القراءة,قراءة النصوص الأدبية/ معرفة الفكر الرئيسية والتفاصيل,"أن يحدد المتعلم الفكر الرئيسة والتفاصيل المساندة التي تسهم في توضيح الفكرة الرئيسة، أو الرسالة العامة، أو الدروس المقدمة في النصوص الأدبية",G12.2.1.1.1,يفسر المفردات من خلال السياق والقرائن,,,,,,,,,,,,,,,,,
Grade 12,القراءة,1.3,على قدِر أهل العزِم - الُمَتَنّبي,1.3.3,القراءة,قراءة النصوص الأدبية/ معرفة الفكر الرئيسية والتفاصيل,"أن يحدد المتعلم الفكر الرئيسة والتفاصيل المساندة التي تسهم في توضيح الفكرة الرئيسة، أو الرسالة العامة، أو الدروس المقدمة في النصوص الأدبية",G12.2.1.1.2,يحلل النصوص في سياقها الأدبي والتاريخي والاجتماعي والسياسي مستخلصا السماات الفنية لها من خلال ربطها بعصورها الأدبية,,,,,,,,,,,,,,,,,
Grade 12,القراءة,1.3,على قدِر أهل العزِم - الُمَتَنّبي,1.3.3,القراءة,قراءة النصوص الادبية/ تحليل النص,"أن يحدد المتعلم جوانب معينة في النصوص الأدبية ويفهمها،ويحلل عناصر النص وخيارات المؤلفين في اختيار الكلمت والأساليب الأدبية المناسبة لنصوصهم.",G12.2.2.1.3,يتتبع المتعلم الأثر الذي يتركه اسلوب الكااتب للتقنيات البلاغية لابراز مايصفه من شخصيات ومكان وحالات شعورية,,,,,,,,,,,,,,,,,
Grade 12,القراءة,1.3,على قدِر أهل العزِم - الُمَتَنّبي,1.3.3,القراءة,قراءة النصوص الادبية/ تكامل المعرفة مع الفكر,"أن يقرأ المتعلم نصوصا شعرية وأعمالاً نثرية متنوعة ويقمها ويحللها، ويــدمــج الفكر المقدمة فيها؛ لبناء معرفة وفهم جديدين عن الفكرة المحورية، والرسائل المتضمنة في الأعمال الأدبية.",G12.2.3.1.7,يحفظ عشرة آبيات,,,,,,,,,,,,,,,,,
Grade 12,القراءة,1.3,الِّشعُر الأندلسُّي,1.3.4,الكتابة,الكتابة/ البحث عن المعلومات,أن يبحث المتعلم عن المعلومات ويطبقها في موضوعات كتابية تستند إلى أغراض محددة تظهر فهمه بالمادة التي يبحث عنها وتتناسب مع غرض الكتابة وطبيعتها.,G12.4.1.1.1,يكتب المتعلم ورقة بحثية (يمكن توظيف الموضوعات المقررة),كتابة بحث,,,,,,,,,,,,,,,,
Grade 12,القراءة,1.3,الِّشعُر الأندلسُّي,1.3.4,الكتابة,الكتابة/ البحث عن المعلومات,أن يبحث المتعلم عن المعلومات ويطبقها في موضوعات كتابية تستند إلى أغراض محددة تظهر فهمه بالمادة التي يبحث عنها وتتناسب مع غرض الكتابة وطبيعتها.,G12.4.1.1.2,يطور المتعلم بحثه بوضع اسئلة واضحه ودقيقة عن الموضوع,,,,,,,,,,,,,,,,,
Grade 12,القراءة,1.3,الِّشعُر الأندلسُّي,1.3.4,الكتابة,الكتابة/ البحث عن المعلومات,أن يبحث المتعلم عن المعلومات ويطبقها في موضوعات كتابية تستند إلى أغراض محددة تظهر فهمه بالمادة التي يبحث عنها وتتناسب مع غرض الكتابة وطبيعتها.,G12.4.1.1.3,يضمن المتعلم بحثه معلومات من مصارد مختلفة مراعيا مصداقية المصادر مضمنا بحثه قائمة المصادر والمراجع,,,,,,,,,,,,,,,,,
Grade 12,القراءة,1.3,جاَدَك الَغْيُث (المَّوشحاُت) - لساُن الّدينْ بُن الَخطيب,1.3.4,القراءة,قراءة النصوص الأدبية/ معرفة الفكر الرئيسية والتفاصيل,"أن يحدد المتعلم الفكر الرئيسة والتفاصيل المساندة التي تسهم في توضيح الفكرة الرئيسة، أو الرسالة العامة، أو الدروس المقدمة في النصوص الأدبية",G12.2.1.1.1,يبين المتعلم المعنى الاجمالي للنص الشعري موضحا علاقة الفكر ببعضها مفسرا مفرداتها من خلال السياق والقرائن باستخدام مصادر ورقية ورقمية متعددة مستنتجا الدلالات التعبيرية الايحائية,,,,,,,,,,,,,,,,,
Grade 12,القراءة,1.3,جاَدَك الَغْيُث (المَّوشحاُت) - لساُن الّدينْ بُن الَخطيب,1.3.4,القراءة,قراءة النصوص الأدبية/ معرفة الفكر الرئيسية والتفاصيل,"أن يحدد المتعلم الفكر الرئيسة والتفاصيل المساندة التي تسهم في توضيح الفكرة الرئيسة، أو الرسالة العامة، أو الدروس المقدمة في النصوص الأدبية",G12.2.1.1.2,يحلل المتعلم النصوص في سياقها التاريخي والاجتماعي والسياسي مستخلصا السمات الغنية لها من خلال ربطها بعصورها الأدبية,,,,,,,,,,,,,,,,,
Grade 12,القراءة,1.3,جاَدَك الَغْيُث (المَّوشحاُت) - لساُن الّدينْ بُن الَخطيب,1.3.4,القراءة,قراءة النصوص الادبية/ تحليل النص,"أن يحدد المتعلم جوانب معينة في النصوص الأدبية ويفهمها،ويحلل عناصر النص وخيارات المؤلفين في اختيار الكلمت والأساليب الأدبية المناسبة لنصوصهم.",G12.2.2.1.2,يتتبع المتعلم الأثر الذي يتركه اسلوب الكااتب واستخدامه لبعض تقنيات البلاغة لايصال الفكرة والتأثير في القارئ,,,,,,,,,,,,,,,,,
Grade 12,القراءة,1.3,نَثَر الجُّو على الأرِضَ بَرْد - ابُنَ حْمديَس,1.3.5,القراءة,قراءة النصوص الادبية/ تحليل النص,"أن يحدد المتعلم جوانب معينة في النصوص الأدبية ويفهمها،ويحلل عناصر النص وخيارات المؤلفين في اختيار الكلمت والأساليب الأدبية المناسبة لنصوصهم.",G12.2.2.1.3,يتتبع المتعلم الأثر الذي يتركه اسلوب الكااتب للتقنيات البلاغية لابراز مايصفه من شخصيات ومكان وحالات شعورية,,,,,,,,,,,,,,,,,
Grade 12,القراءة,1.3,نَثَر الجُّو على الأرِضَ بَرْد - ابُنَ حْمديَس,1.3.5,القراءة,قراءة النصوص الأدبية/ معرفة الفكر الرئيسية والتفاصيل,"أن يحدد المتعلم الفكر الرئيسة والتفاصيل المساندة التي تسهم في توضيح الفكرة الرئيسة، أو الرسالة العامة، أو الدروس المقدمة في النصوص الأدبية",G12.2.1.1.1,يبين المتعلم المعنى الاجمالي للنص الشعري موضحا علاقة الفكر ببعضها مفسرا مفرداتها من خلال السياق والقرائن باستخدام مصادر ورقية ورقمية متعددة مستنتجا الدلالات التعبيرية الايحائية,,,,,,,,,,,,,,,,,
Grade 12,القراءة,1.3,شْعُر الّتفعيلِة,1.3.6,الكتابة,الكتابة/ البحث عن المعلومات,أن يبحث المتعلم عن المعلومات ويطبقها في موضوعات كتابية تستند إلى أغراض محددة تظهر فهمه بالمادة التي يبحث عنها وتتناسب مع غرض الكتابة وطبيعتها.,G12.4.1.1.1,يكتب المتعلم ورقة بحثية (يمكن توظيف الموضوعات المقررة),كتابة بحث,,,,,,,,,,,,,,,,
Grade 12,القراءة,1.3,شْعُر الّتفعيلِة,1.3.6,الكتابة,الكتابة/ البحث عن المعلومات,أن يبحث المتعلم عن المعلومات ويطبقها في موضوعات كتابية تستند إلى أغراض محددة تظهر فهمه بالمادة التي يبحث عنها وتتناسب مع غرض الكتابة وطبيعتها.,G12.4.1.1.2,يطور المتعلم بحثه بوضع اسئلة واضحه ودقيقة عن الموضوع,,,,,,,,,,,,,,,,,
Grade 12,القراءة,1.3,شْعُر الّتفعيلِة,1.3.6,الكتابة,الكتابة/ البحث عن المعلومات,أن يبحث المتعلم عن المعلومات ويطبقها في موضوعات كتابية تستند إلى أغراض محددة تظهر فهمه بالمادة التي يبحث عنها وتتناسب مع غرض الكتابة وطبيعتها.,G12.4.1.1.3,يضمن المتعلم بحثه معلومات من مصارد مختلفة مراعيا مصداقية المصادر مضمنا بحثه قائمة المصادر والمراجع,,,,,,,,,,,,,,,,,
Grade 12,القراءة,1.3,إلى أُمي - محمود درويش,1.3.7,القراءة,قراءة النصوص الأدبية/ معرفة الفكر الرئيسية والتفاصيل,"أن يحدد المتعلم الفكر الرئيسة والتفاصيل المساندة التي تسهم في توضيح الفكرة الرئيسة، أو الرسالة العامة، أو الدروس المقدمة في النصوص الأدبية",G12.2.1.1.1,يبين المتعلم المعنى الاجمالي للنص الشعري موضحا علاقة الفكر ببعضها مفسرا مفرداتها من خلال السياق والقرائن باستخدام مصادر ورقية ورقمية متعددة مستنتجا الدلالات التعبيرية الايحائية,,,,,,,,,,,,,,,,,
Grade 12,القراءة,1.3,إلى أُمي - محمود درويش,1.3.7,القراءة,قراءة النصوص الأدبية/ معرفة الفكر الرئيسية والتفاصيل,"أن يحدد المتعلم الفكر الرئيسة والتفاصيل المساندة التي تسهم في توضيح الفكرة الرئيسة، أو الرسالة العامة، أو الدروس المقدمة في النصوص الأدبية",G12.2.1.1.2,يحلل المتعلم النص في سياقه التاريخي والاجتماعي والسياسي مستخلصا السمات الغنية له من خلال ربطه بعصوره الأدبي,,,,,,,,,,,,,,,,,
Grade 12,القراءة,1.3,إلى أُمي - محمود درويش,1.3.7,القراءة,قراءة النصوص الادبية/ تحليل النص,"أن يحدد المتعلم جوانب معينة في النصوص الأدبية ويفهمها،ويحلل عناصر النص وخيارات المؤلفين في اختيار الكلمت والأساليب الأدبية المناسبة لنصوصهم.",G12.2.2.1.2,يتتبع المتعلم الأثر الذي يتركه اسلوب الكاتب واستخدامه لبعض تقنيات البلاغة لايصال الفكرة والتأثير في القارئ,,,,,,,,,,,,,,,,,
Grade 12,القراءة,1.3,إلى أُمي - محمود درويش,1.3.7,القراءة,قراءة النصوص الادبية/ تكامل المعرفة مع الفكر,"أن يقرأ المتعلم نصوصا شعرية وأعمالاً نثرية متنوعة ويقمها ويحللها، ويــدمــج الفكر المقدمة فيها؛ لبناء معرفة وفهم جديدين عن الفكرة المحورية، والرسائل المتضمنة في الأعمال الأدبية.",G12.2.3.1.7,يحفظ النص الشعري,,,,,,,,,,,,,,,,,
Grade 12,القراءة,1.3,سكر الوقت - إبراهيم محمد إبراهيم,1.3.8,اللغة (المعجم),اللغة/ المفردات واستخدامها (المعجم),أن يفسر المفردات الجديدة من خلال سياقاتها المختلفة,G12.6.1.3.1,يفسر المتعلم الكلمات مستخدما المعجم الورقي والرقمي,,,,,,,,,,,,,,,,,
Grade 12,القراءة,1.3,سكر الوقت - إبراهيم محمد إبراهيم,1.3.8,القراءة,قراءة النصوص الأدبية/ معرفة الفكر الرئيسية والتفاصيل,"أن يحدد المتعلم الفكر الرئيسة والتفاصيل المساندة التي تسهم في توضيح الفكرة الرئيسة، أو الرسالة العامة، أو الدروس المقدمة في النصوص الأدبية",G12.2.1.1.1,يبين المعنى الإجمالي للنص الشعري موضحا علاقة الفكر بعضها ببعض مفسرا مفرداتها من خلال السياق والقرائن باستخدام مصادر ورقية ورقمية متعددة مستنتجا الدلالات التعبيرية الإيحائية,,,,,,,,,,,,,,,,,
Grade 12,القراءة,1.3,سكر الوقت - إبراهيم محمد إبراهيم,1.3.8,القراءة,قراءة النصوص الادبية/ تحليل النص,"أن يحدد المتعلم جوانب معينة في النصوص الأدبية ويفهمها،ويحلل عناصر النص وخيارات المؤلفين في اختيار الكلمت والأساليب الأدبية المناسبة لنصوصهم.",G12.2.2.1.2,"يتتبع الأثر الذي يتركه أسلوب الكاتب واستخدامه لبعض التقنيات البلاغية (بيان ، بديع ، معاني) لإيصال الفكرة والتأثير في القارئ",,,,,,,,,,,,,,,,,
Grade 12,القراءة,1.3,سكر الوقت - إبراهيم محمد إبراهيم,1.3.8,القراءة,قراءة النصوص الادبية/ تكامل المعرفة مع الفكر,"أن يقرأ المتعلم نصوصا شعرية وأعمالاً نثرية متنوعة ويقمها ويحللها، ويــدمــج الفكر المقدمة فيها؛ لبناء معرفة وفهم جديدين عن الفكرة المحورية، والرسائل المتضمنة في الأعمال الأدبية.",G12.2.3.1.7,يحفظ مقطعين من النص الشعري,,,,,,,,,,,,,,,,,
Grade 12,القراءة,1.4,نظرة خارج النافذة - ليندا كيزر,1.4.1,القراءة,قراءة النصوص الأدبية / تحليل النص,"أن يحدد المتعلم جوانب معينة في النصوص الأدبية ويفهمها،ويحلل عناصر النص وخيارات المؤلفين في اختيار الكلمت والأساليب الأدبية المناسبة لنصوصهم.",G12.2.2.1.2,يتتبع المتعلم الأثر الذي يتركه أسلوب الكاتب لإيصال الفكرة والتأثير في القارئ,,,,,,,,,,,,,,,,,
Grade 12,القراءة,1.4,نظرة خارج النافذة - ليندا كيزر,1.4.1,القراءة,قراءة النصوص الادبية/ تكامل المعرفة مع الفكر,"أن يقرأ المتعلم نصوصا شعرية وأعمالاً نثرية متنوعة ويقمها ويحللها، ويــدمــج الفكر المقدمة فيها؛ لبناء معرفة وفهم جديدين عن الفكرة المحورية، والرسائل المتضمنة في الأعمال الأدبية.",G12.2.3.1.1,يحلل المتعلم الأفكار في القصه التي يقرؤها رابطا اياها برؤية الكاتب وتجربته الفنية,,,,,,,,,,,,,,,,,
Grade 12,القراءة,1.4,نظرة خارج النافذة - ليندا كيزر,1.4.1,القراءة,قراءة النصوص الأدبية / تحليل النص,"أن يحدد المتعلم جوانب معينة في النصوص الأدبية ويفهمها،ويحلل عناصر النص وخيارات المؤلفين في اختيار الكلمت والأساليب الأدبية المناسبة لنصوصهم.",G11.2.2.1.1,يحلل المتعلم النص محددا الكيفية التي تفاعلت فيها الفكر الرئيسة المتعددة ووجهات النظر حال كونها متسقة مع بعضها بعضا أو غير متسقة,,,,,,,,,,,,,,,,,
Grade 12,القراءة,1.4,نظرة خارج النافذة - ليندا كيزر,1.4.1,اللغة (المعجم),اللغة/ المفردات واستخدامها (المعجم),أن يفسر المفردات الجديدة من خلال سياقاتها المختلفة,G12.6.1.3.1,يفسر المتعلم الكلمات مستخدما المعجم الورقي والرقمي,,,,,,,,,,,,,,,,,
Grade 12,القراءة,1.4,علامة تعجب - فاطمة الكعبي,1.4.2,القراءة,قراءة النصوص الأدبية / تحليل النص,"أن يحدد المتعلم جوانب معينة في النصوص الأدبية ويفهمها،ويحلل عناصر النص وخيارات المؤلفين في اختيار الكلمت والأساليب الأدبية المناسبة لنصوصهم.",G12.2.2.1.2,يتتبع المتعلم الأثر الذي يتركه أسلوب الكاتب لإيصال الفكرة والتأثير في القارئ,,,,,,,,,,,,,,,,,
Grade 12,القراءة,1.4,علامة تعجب - فاطمة الكعبي,1.4.2,القراءة,قراءة النصوص الادبية/ تكامل المعرفة مع الفكر,"أن يقرأ المتعلم نصوصا شعرية وأعمالاً نثرية متنوعة ويقمها ويحللها، ويــدمــج الفكر المقدمة فيها؛ لبناء معرفة وفهم جديدين عن الفكرة المحورية، والرسائل المتضمنة في الأعمال الأدبية.",G12.2.3.1.1,يحلل المتعلم الأفكار في القصه التي يقرؤها رابطا إياها برؤية الكاتب وتجربته الفنية,,,,,,,,,,,,,,,,,
Grade 12,القراءة,1.4,علامة تعجب - فاطمة الكعبي,1.4.2,القراءة,قراءة النصوص الأدبية / تحليل النص,"أن يحدد المتعلم جوانب معينة في النصوص الأدبية ويفهمها،ويحلل عناصر النص وخيارات المؤلفين في اختيار الكلمت والأساليب الأدبية المناسبة لنصوصهم.",G11.2.2.1.1,يحلل المتعلم النص محددا الكيفية التي تفاعلت فيها الفكر الرئيسة المتعددة ووجهات النظر حال كونها متسقة مع بعضها بعضا أو غير متسقة,,,,,,,,,,,,,,,,,
Grade 12,القراءة,1.4,علامة تعجب - فاطمة الكعبي,1.4.2,اللغة (المعجم),اللغة/ المفردات واستخدامها (المعجم),أن يفسر المفردات الجديدة من خلال سياقاتها المختلفة,G12.6.1.3.1,يفسر المتعلم الكلمات مستخدما المعجم الورقي والرقمي,,,,,,,,,,,,,,,,,
Grade 12,القراءة,1.4,رأَيِت الَّنْخَل - رضوى عاشور,1.4.3,القراءة,قراءة النصوص الادبية/ تحليل النص,"أن يحدد المتعلم جوانب معينة في النصوص الأدبية ويفهمها،ويحلل عناصر النص وخيارات المؤلفين في اختيار الكلمت والأساليب الأدبية المناسبة لنصوصهم.",G12.2.2.1.2,"يتتبع الأثر الذي يتركه أسلوب الكاتب واستخدامه لبعض التقنيات البلاغية (بيان ، بديع ، معاني) لإيصال الفكرة والتأثير في القارئ",,,,,,,,,,,,,,,,,
Grade 12,القراءة,1.4,رأَيِت الَّنْخَل - رضوى عاشور,1.4.3,القراءة,قراءة النصوص الأدبية / تحليل النص,"أن يحدد المتعلم جوانب معينة في النصوص الأدبية ويفهمها،ويحلل عناصر النص وخيارات المؤلفين في اختيار الكلمت والأساليب الأدبية المناسبة لنصوصهم.",G11.2.2.1.17,يحلل المتعلم جوانب النصوص الأدبية مثل (كيفية إنشاء المكان والزمان) ذاكرا رأيه في الطريقة التي طور الكاتب من خلالها هذا الجانب مستدلا عليه بالرجوع الي النص ومصطلحاته الأسلوبية,,,,,,,,,,,,,,,,,
Grade 12,القراءة,1.4,رأَيِت الَّنْخَل - رضوى عاشور,1.4.3,القراءة,قراءة النصوص الادبية/ تكامل المعرفة مع الفكر,"أن يقرأ المتعلم نصوصا شعرية وأعمالاً نثرية متنوعة ويقمها ويحللها، ويــدمــج الفكر المقدمة فيها؛ لبناء معرفة وفهم جديدين عن الفكرة المحورية، والرسائل المتضمنة في الأعمال الأدبية.",G12.2.3.1.1,يحلل المتعلم الأفكار في القصص التي يقرؤها رابطا اياها برؤية الكاتب وتجربته الفنية,,,,,,,,,,,,,,,,,
Grade 12,القراءة,1.4,رأَيِت الَّنْخَل - رضوى عاشور,1.4.3,اللغة (المعجم),اللغة/ المفردات واستخدامها (المعجم),أن يفسر المفردات الجديدة من خلال سياقاتها المختلفة,G12.6.1.3.1,يفسر المتعلم الكلماات مستخدما المعجم الورقي والرقمي,,,,,,,,,,,,,,,,,
Grade 12,القراءة,1.4,رأَيِت الَّنْخَل - رضوى عاشور,1.4.3,اللغة (البلاغة),اللغة/ بنية اللغة العربية: (البلاغة),"أن يتعرف المتعلم المفاهيم البلاغية، ويتذوقها ويوظفها في إنتاجه اللغوي",G12.6.5.1.4,"يحلل المتعلم صورا بيانية (تشبيه ، استعارة ، كناية) (تعزيز)",التشبيه - الاستعارة - الكناية,,,,,,,,,,,,,,,,
Grade 12,القراءة,1.4,الحرباء - أنطوان تشيخوف,1.4.4,اللغة (المعجم),اللغة/ المفردات واستخدامها (المعجم),أن يفسر المفردات الجديدة من خلال سياقاتها المختلفة,G12.6.1.3.1,يفسر المتعلم الكلمات مستخدما المعجم الورقي والرقمي,,,,,,,,,,,,,,,,,
Grade 12,القراءة,1.4,الحرباء - أنطوان تشيخوف,1.4.4,القراءة,قراءة النصوص الأدبية / تحليل النص,"أن يحدد المتعلم جوانب معينة في النصوص الأدبية ويفهمها،ويحلل عناصر النص وخيارات المؤلفين في اختيار الكلمت والأساليب الأدبية المناسبة لنصوصهم.",G11.2.2.1.17,يحلل المتعلم جوانب النصوص الأدبية مثل (كيفية إنشاء المكان والزمان) ذاكرا رأيه في الطريقة التي طور الكاتب من خلالها هذا الجانب مستدلا عليه بالرجوع الي النص ومصطلحاته الأسلوبية,,,,,,,,,,,,,,,,,
Grade 12,القراءة,1.4,الحرباء - أنطوان تشيخوف,1.4.4,القراءة,قراءة النصوص الأدبية/ تحليل النص,"أن يحدد المتعلم جوانب معينة في النصوص الأدبية ويفهمها،ويحلل عناصر النص وخيارات المؤلفين في اختيار الكلمت والأساليب الأدبية المناسبة لنصوصهم.",G12.2.2.1.2,"يتتبع الأثر الذي يتركه أسلوب الكاتب واستخدامه لبعض التقنيات البلاغية (بيان ، بديع ، معاني) لإيصال الفكرة والتأثير في القارئ",,,,,,,,,,,,,,,,,
Grade 12,القراءة,1.4,الحرباء - أنطوان تشيخوف,1.4.4,القراءة,قراءة النصوص الأدبية/ معرفة الفكر الرئيسية والتفاصيل,"أن يحدد المتعلم الفكر الرئيسة والتفاصيل المساندة التي تسهم في توضيح الفكرة الرئيسة، أو الرسالة العامة، أو الدروس المقدمة في النصوص الأدبية",G12.2.1.1.3,يميز المتعلم اللغة الانفعالية في بعض النصوص مبينا الايقاع الداخلي فيها وعلاقة ذلك بالمعنى,,,,,,,,,,,,,,,,,
Grade 12,القراءة,1.4,ما لن يأتي عبر النافذة - جوخة الحارثي,1.4.5,القراءة,قراءة النصوص الأدبية/ معرفة الفكر الرئيسية والتفاصيل,"أن يحدد المتعلم الفكر الرئيسة والتفاصيل المساندة التي تسهم في توضيح الفكرة الرئيسة، أو الرسالة العامة، أو الدروس المقدمة في النصوص الأدبية",G12.2.1.1.4,يذكر المتعلم الدليل النصي القوي والمباشر لدعم مايقوله النص صراحة ذاكرا المواضع المشكوك فيها والغامضة,,,,,,,,,,,,,,,,,
Grade 12,القراءة,1.4,ما لن يأتي عبر النافذة - جوخة الحارثي,1.4.5,اللغة (المعجم),اللغة/ المفردات واستخدامها (المعجم),أن يفسر المفردات الجديدة من خلال سياقاتها المختلفة,G12.6.1.3.1,يفسر المتعلم الكلمات مستخدما المعجم الورقي والرقمي,,,,,,,,,,,,,,,,,
Grade 12,القراءة,1.4,ما لن يأتي عبر النافذة - جوخة الحارثي,1.4.5,اللغة (البلاغة),اللغة/ بنية اللغة العربية: (البلاغة),"أن يتعرف المتعلم المفاهيم البلاغية، ويتذوقها ويوظفها في إنتاجه اللغوي",G12.6.5.1.4,"يحلل المتعلم صورا بيانية (تشبيه ، استعارة ، كناية) (تعزيز)",التشبيه - الاستعارة - الكناية,,,,,,,,,,,,,,,,
Grade 12,القراءة,1.4,ما لن يأتي عبر النافذة - جوخة الحارثي,1.4.5,القراءة,قراءة النصوص الأدبية/ تحليل النص,"أن يحدد المتعلم جوانب معينة في النصوص الأدبية ويفهمها،ويحلل عناصر النص وخيارات المؤلفين في اختيار الكلمت والأساليب الأدبية المناسبة لنصوصهم.",G12.2.2.1.2,"يتتبع المتعلم الأثر الذي يتركه أسلوب الكاتاب واستخدامه لبعض التقنيات البلاغية (بيان ، بديع ، معاني) لإيصال الفكرة والتأثير في القارئ",,,,,,,,,,,,,,,,,
Grade 12,القراءة,1.4,السماور - سعيد فائق,1.4.6,القراءة,قراءة النصوص الأدبية / تحليل النص,"أن يحدد المتعلم جوانب معينة في النصوص الأدبية ويفهمها،ويحلل عناصر النص وخيارات المؤلفين في اختيار الكلمت والأساليب الأدبية المناسبة لنصوصهم.",G12.2.2.1.2,يتتبع المتعلم الأثر الذي يتركه أسلوب الكاتاب واستخدامه لبعض التقنيات البلاغية لإيصال الفكرة والتأثير في القارئ,,,,,,,,,,,,,,,,,
Grade 12,القراءة,1.4,السماور - سعيد فائق,1.4.6,القراءة,قراءة النصوص الأدبية/ تكامل المعرفة مع الفكر,"أن يقرأ المتعلم نصوصا شعرية وأعمالاً نثرية متنوعة ويقمها ويحللها، ويــدمــج الفكر المقدمة فيها؛ لبناء معرفة وفهم جديدين عن الفكرة المحورية، والرسائل المتضمنة في الأعمال الأدبية.",G12.2.3.1.1,يحلل المتعلم الأفكار في القصص التي يقرؤها رابطا اياها برؤية الكاتب وتجربته الفنية,,,,,,,,,,,,,,,,,
Grade 12,القراءة,1.4,السماور - سعيد فائق,1.4.6,اللغة (المعجم),اللغة/ المفردات واستخدامها (المعجم),أن يفسر المفردات الجديدة من خلال سياقاتها المختلفة,G12.6.1.3.1,يفسر المتعلم الكلمات مستخدما المعجم الورقي والرقمي,,,,,,,,,,,,,,,,,
Grade 12,القراءة,1.4,السماور - سعيد فائق,1.4.6,اللغة (المعجم),اللغة/ المفردات واستخدامها (المعجم),أن يفسر المفردات الجديدة من خلال سياقاتها المختلفة,G12.6.1.3.2,يحدد المتعلم المعنى المناسب للكلمات متعددة المعاني مستخدما السياق,,,,,,,,,,,,,,,,,
Grade 12,القراءة,1.4,"طفٌل وكلٌب ، ذاَت ليٍل - أماليا رانديك",1.4.7,القراءة,قراءة النصوص الأدبية/ تكامل المعرفة مع الفكر,"أن يقرأ المتعلم نصوصا شعرية وأعمالاً نثرية متنوعة ويقمها ويحللها، ويــدمــج الفكر المقدمة فيها؛ لبناء معرفة وفهم جديدين عن الفكرة المحورية، والرسائل المتضمنة في الأعمال الأدبية.",G12.2.3.1.1,يحلل المتعلم الأفكار في القصص التي يقرؤها رابطا اياها برؤية الكاتب وتجربته الفنية,,,,,,,,,,,,,,,,,
Grade 12,القراءة,1.4,"طفٌل وكلٌب ، ذاَت ليٍل - أماليا رانديك",1.4.7,القراءة,قراءة النصوص الأدبية/ تحليل النص,"أن يحدد المتعلم جوانب معينة في النصوص الأدبية ويفهمها،ويحلل عناصر النص وخيارات المؤلفين في اختيار الكلمت والأساليب الأدبية المناسبة لنصوصهم.",G11.2.2.1.17,يحلل المتعلم جوانب النصوص الأدبية مثل (كيفية إنشاء المكان والزمان) ذاكرا رأيه في الطريقة التي طور الكاتب من خلالها هذا الجانب مستدلا عليه بالرجوع الي النص ومصطلحاته الأسلوبية,,,,,,,,,,,,,,,,,
Grade 12,القراءة,1.4,"طفٌل وكلٌب ، ذاَت ليٍل - أماليا رانديك",1.4.7,القراءة,قراءة النصوص الأدبية/ معرفة الفكر الرئيسية والتفاصيل,"أن يحدد المتعلم الفكر الرئيسة والتفاصيل المساندة التي تسهم في توضيح الفكرة الرئيسة، أو الرسالة العامة، أو الدروس المقدمة في النصوص الأدبية",G12.2.1.1.3,يميز المتعلم اللغة الانفعالية في بعض النصوص مبينا الايقاع الداخلي فيها وعلاقة ذلك بالمعنى,,,,,,,,,,,,,,,,,
Grade 12,القراءة,1.4,"طفٌل وكلٌب ، ذاَت ليٍل - أماليا رانديك",1.4.7,القراءة,قراءة النصوص الأدبية/ تحليل النص,"أن يحدد المتعلم جوانب معينة في النصوص الأدبية ويفهمها،ويحلل عناصر النص وخيارات المؤلفين في اختيار الكلمت والأساليب الأدبية المناسبة لنصوصهم.",G12.2.2.1.2,"يتتبع المتعلم الأثر الذي يتركه أسلوب الكاتب واستخدامه لبعض التقنيات البلاغية (البيان ، المعاني) لإيصال الفكرة والتأثير في القارئ",,,,,,,,,,,,,,,,,
Grade 12,القراءة,1.5,حقيقُة الأشياِء,1.5.1,القراءة,قراءة النصوص المعلوماتّيٌة/ معرفة الفكرالرئيسية والتفاصيل,"أن يقرأ المتعلم النص المعلوماتي بعمق وشمولية، ويحدد الفكرة المركزية والفكر الرئيسة، ويستنتج العلاقات ضمن النص الواحد وبين النصوص المختلفة.",G12.3.1.1.1,"يستعرض المتتعلم الأدلة التي استخدمها كاتبان أو أكثر في نصوصهم لدعم أفكارهم المحورية أو دحض أفكار غيرهم سواء أكانت منطقية أم عاطفية أم علمية ، مقيما درجة مصداقيتها وقدرتها علي الإقناع",,,,,,,,,,,,,,,,,
Grade 12,القراءة,1.5,حقيقُة الأشياِء,1.5.1,القراءة,قراءة النصوص المعلوماتّيٌة/ معرفة الفكرالرئيسية والتفاصيل,"أن يقرأ المتعلم النص المعلوماتي بعمق وشمولية، ويحدد الفكرة المركزية والفكر الرئيسة، ويستنتج العلاقات ضمن النص الواحد وبين النصوص المختلفة.",G12.3.1.1.2,يحلل المتعلم الفلسفة التي يتكئ عليها الكاتب والمسلمات التي ينطلق منها في عرض أفكاره في النص,,,,,,,,,,,,,,,,,
Grade 12,القراءة,1.5,حقيقُة الأشياِء,1.5.1,القراءة,قراءة النصوص المعلوماتّيٌة/ معرفة الفكرالرئيسية والتفاصيل,"أن يقرأ المتعلم النص المعلوماتي بعمق وشمولية، ويحدد الفكرة المركزية والفكر الرئيسة، ويستنتج العلاقات ضمن النص الواحد وبين النصوص المختلفة.",G12.3.1.1.3,يقرأ المتعلم نصين أو أكثر مقارنا بينها من حيث الفكر والأسئلة المطروحة والعمق في التناول,,,,,,,,,,,,,,,,,
Grade 12,القراءة,1.5,حقيقُة الأشياِء,1.5.1,القراءة,قراءة النصوص المعلوماتّية /تكامل المعرفة مع المهارات,"أن يتبين وظيفة النص من خلال الوسائط المختلفة، وينقد ما جاء فيه من معارف وآراء، ويبني خبرات جديدة ليوظفها في نتاجات متنوعة",G12.3.3.1.3,يشارك المتعلم زملاءه في عرض تقارير حول موضوعات علمية قرؤوا عنها ناشرين نتاجاتهم في وسائل التواصل الاجتماعي,,,,,,,,,,,,,,,,,
Grade 12,القراءة,1.5,لماذا نعد النجوم؟,1.5.2,القراءة,قراءة النصوص المعلوماتّيٌة/ معرفة الفكرالرئيسية والتفاصيل,"أن يقرأ المتعلم النص المعلوماتي بعمق وشمولية، ويحدد الفكرة المركزية والفكر الرئيسة، ويستنتج العلاقات ضمن النص الواحد وبين النصوص المختلفة.",G12.3.1.1.1,"يستعرض المتتعلم الأدلة التي استخدمها كاتبان أو أكثر في نصوصهم لدعم أفكارهم المحورية أو دحض أفكار غيرهم سواء أكانت منطقية أم عاطفية أم علمية ، مقيما درجة مصداقيتها وقدرتها علي الإقناع",,,,,,,,,,,,,,,,,
Grade 12,القراءة,1.5,لماذا نعد النجوم؟,1.5.2,القراءة,قراءة النصوص المعلوماتّيٌة/ معرفة الفكرالرئيسية والتفاصيل,"أن يقرأ المتعلم النص المعلوماتي بعمق وشمولية، ويحدد الفكرة المركزية والفكر الرئيسة، ويستنتج العلاقات ضمن النص الواحد وبين النصوص المختلفة.",G12.3.1.1.2,يحلل المتعلم الفلسفة التي يتكئ عليها الكاتب والمسلمات التي ينطلق منها في عرض أفكاره في النص,,,,,,,,,,,,,,,,,
Grade 12,القراءة,1.5,لماذا نعد النجوم؟,1.5.2,القراءة,قراءة النصوص المعلوماتّيٌة/ معرفة الفكرالرئيسية والتفاصيل,"أن يقرأ المتعلم النص المعلوماتي بعمق وشمولية، ويحدد الفكرة المركزية والفكر الرئيسة، ويستنتج العلاقات ضمن النص الواحد وبين النصوص المختلفة.",G12.3.1.1.3,يقرأ المتعلم نصين أو أكثر مقارنا بينها من حيث الفكر والأسئلة المطروحة والعمق في التناول,,,,,,,,,,,,,,,,,
Grade 12,القراءة,1.5,لماذا نعد النجوم؟,1.5.2,القراءة,قراءة النصوص المعلوماتّية /تكامل المعرفة مع المهارات,"أن يتبين وظيفة النص من خلال الوسائط المختلفة، وينقد ما جاء فيه من معارف وآراء، ويبني خبرات جديدة ليوظفها في نتاجات متنوعة",G12.3.3.1.3,يشارك المتعلم زملاءه في عرض تقارير حول موضوعات علمية قرؤوا عنها ناشرين نتاجاتهم في وسائل التواصل الاجتماعي,,,,,,,,,,,,,,,,,
Grade 12,القراءة,1.5,الّتصنيُف والجماعاُتِ,1.5.3,القراءة,قراءة النصوص المعلوماتّيٌة/ معرفة الفكرالرئيسية والتفاصيل,"أن يقرأ المتعلم النص المعلوماتي بعمق وشمولية، ويحدد الفكرة المركزية والفكر الرئيسة، ويستنتج العلاقات ضمن النص الواحد وبين النصوص المختلفة.",G12.3.1.1.2,يحلل المتعلم الفلسفة التي يتكئ عليها الكاتب والمسلمات التي ينطلق منها في عرض أفكاره في النص,,,,,,,,,,,,,,,,,
Grade 12,القراءة,1.5,الّتصنيُف والجماعاُتِ,1.5.3,القراءة,قراءة النصوص المعلوماتّية /تكامل المعرفة مع المهارات,"أن يتبين وظيفة النص من خلال الوسائط المختلفة، وينقد ما جاء فيه من معارف وآراء، ويبني خبرات جديدة ليوظفها في نتاجات متنوعة",G12.3.3.1.3,يشارك المتعلم زملاءه في عرض تقارير حول موضوعات علمية قرؤوا عنها ناشرين نتاجاتهم في وسائل التواصل الاجتماعي,,,,,,,,,,,,,,,,,
Grade 12,القراءة,1.5,كيَف نكشُف المغالطات؟,1.5.4,القراءة,قراءة النصوص المعلوماتّيٌة/ معرفة الفكرالرئيسية والتفاصيل,"أن يقرأ المتعلم النص المعلوماتي بعمق وشمولية، ويحدد الفكرة المركزية والفكر الرئيسة، ويستنتج العلاقات ضمن النص الواحد وبين النصوص المختلفة.",G12.3.1.1.2,يحلل المتعلم الفلسفة التي يتكئ عليها الكاتب والمسلمات التي ينطلق منها في عرض أفكاره في النص,,,,,,,,,,,,,,,,,
Grade 12,القراءة,1.5,كيَف نكشُف المغالطات؟,1.5.4,القراءة,قراءة النصوص المعلوماتّية /تكامل المعرفة مع المهارات,"أن يتبين وظيفة النص من خلال الوسائط المختلفة، وينقد ما جاء فيه من معارف وآراء، ويبني خبرات جديدة ليوظفها في نتاجات متنوعة",G12.3.3.1.3,يشارك المتعلم زملاءه في عرض تقارير حول موضوعات علمية قرؤوا عنها ناشرين نتاجاتهم في وسائل التواصل الاجتماعي,,,,,,,,,,,,,,,,,
Grade 12,القراءة,1.5,كيَف نكشُف المغالطات؟,1.5.4,اللغة (المعجم),اللغة/ المفردات واستخدامها (المعجم),أن يفسر المفردات الجديدة من خلال سياقاتها المختلفة,G12.6.1.3.1,يفسر المتعلم الكلمات مستخدما المعجم الورقي والرقمي,,,,,,,,,,,,,,,,,
Grade 12,القراءة,1.5,الغرافيُن ماّدُة الُمستقبِل,1.5.5,القراءة,قراءة النصوص المعلوماتّيٌة/ معرفة الفكرالرئيسية والتفاصيل,"أن يقرأ المتعلم النص المعلوماتي بعمق وشمولية، ويحدد الفكرة المركزية والفكر الرئيسة، ويستنتج العلاقات ضمن النص الواحد وبين النصوص المختلفة.",G12.3.1.1.2,يحلل المتعلم الفلسفة التي يتكئ عليها الكاتب والمسلمات التي ينطلق منها في عرض أفكاره في النص,,,,,,,,,,,,,,,,,
Grade 12,القراءة,1.5,الغرافيُن ماّدُة الُمستقبِل,1.5.5,القراءة,قراءة النصوص المعلوماتّية /تكامل المعرفة مع المهارات,"أن يتبين وظيفة النص من خلال الوسائط المختلفة، وينقد ما جاء فيه من معارف وآراء، ويبني خبرات جديدة ليوظفها في نتاجات متنوعة",G12.3.3.1.3,يشارك المتعلم زملاءه في عرض تقارير حول موضوعات علمية قرؤوا عنها ناشرين نتاجاتهم في وسائل التواصل الاجتماعي,,,,,,,,,,,,,,,,,
Grade 12,القراءة,1.5,الغرافيُن ماّدُة الُمستقبِل,1.5.5,اللغة (المعجم),اللغة/ المفردات واستخدامها (المعجم),أن يفسر المفردات الجديدة من خلال سياقاتها المختلفة,G12.6.1.3.1,يفسر المتعلم الكلمات مستخدما المعجم الورقي والرقمي,,,,,,,,,,,,,,,,,
Grade 12,القراءة,1.5,الموسيقا في الِعلْم,1.5.6,الاستماع والمحادثة,الاستماع/ استيعاب المعرفة و تقديمها,"أن يظهر المتعلم فهما لمواد مسموعة، ويتواصـل مع الآخرين مقدما المعلومات والنتائج المدعومة بالأدلة لإقناع المستمعين واستمالتهم نحو الموضوع مستخدما اللغة العربية الفصيحة.",G11.5.1.3.4,يلخص المتعلم ما قرأه ويقرأ تلخيصه الى زملائه مستخدما تقنيات الحوار والسرد والتشويق والايماءات والرسائل الضمنية,,,,,,,,,,,,,,,,,
Grade 12,القراءة,1.5,الموسيقا في الِعلْم,1.5.6,القراءة,قراءة النصوص المعلوماتّيٌة/ معرفة الفكرالرئيسية والتفاصيل,"أن يقرأ المتعلم النص المعلوماتي بعمق وشمولية، ويحدد الفكرة المركزية والفكر الرئيسة، ويستنتج العلاقات ضمن النص الواحد وبين النصوص المختلفة.",G12.3.1.1.2,يحلل المتعلم الفلسفة التي يتكى عليها الكاتب والمسلمات التي ينطلق منها في عرض أفكاره في النص,,,,,,,,,,,,,,,,,
Grade 12,القراءة,1.5,الموسيقا في الِعلْم,1.5.6,اللغة (المعجم),اللغة/ المفردات واستخدامها (المعجم),أن يفسر المفردات الجديدة من خلال سياقاتها المختلفة,G12.6.1.3.1,يفسر المتعلم الكلمات مستخدما المعجم الورقي والرقمي,,,,,,,,,,,,,,,,,
Grade 12,الاستماع,2.1,اعرف نفسك,2.1.1,الاستماع والمحادثة,الاستماع/ استيعاب المعرفة و تقديمها,"أن يظهر المتعلم فهما لمواد مسموعة، ويتواصـل مع الآخرين مقدما المعلومات والنتائج المدعومة بالأدلة لإقناع المستمعين واستمالتهم نحو الموضوع مستخدما اللغة العربية الفصيحة.",G12.5.1.2.1,يحلل المتعلم نصا مسموعا محددا الحجج (منطقية - ذاتية - وجدانية) وموضحا تأثيرها في الميول والأفكار,,,,,,,,,,,,,,,,,
Grade 12,الاستماع,2.1,اعرف نفسك,2.1.1,الاستماع والمحادثة,الاستماع/ استيعاب المعرفة و تقديمها,"أن يشارك المتعلم في النقاشات مع معلميه وزملائه، مكيفا كلامه وفق لمجموعة متنوعة مــن السـياقات والمهام  التواصلية، مظهرا إجادته للغة العربية الفصيحة.",G12.5.1.4.1,يحلل الاستراتيجيات المستخدمة في مادة مسموعة لغرض تقديم المعلومات او الإقناع أو التثقيف مظهرا إجادته للغة العربية الفصيحة,,,,,,,,,,,,,,,,,
Grade 12,الاستماع,2.1,التغلب علي التوتر النفسي,2.1.2,الاستماع والمحادثة,الاستماع/ استيعاب المعرفة و تقديمها,"أن يشارك المتعلم في النقاشات مع معلميه وزملائه، مكيفا كلامه وفق لمجموعة متنوعة مــن السـياقات والمهام  التواصلية، مظهرا إجادته للغة العربية الفصيحة.",G12.5.1.4.1,يحلل الاستراتيجيات المستخدمة في مادة مسموعة لغرض تقديم المعلومات او الإقناع أو التثقيف مظهرا إجادته للغة العربية الفصيحة,,,,,,,,,,,,,,,,,
Grade 12,الاستماع,2.1,الإعلانات التلفزيونية,2.1.3,الاستماع والمحادثة,الاستماع/ استيعاب المعرفة و تقديمها,"أن يظهر المتعلم فهما لمواد مسموعة، ويتواصـل مع الآخرين مقدما المعلومات والنتائج المدعومة بالأدلة لإقناع المستمعين واستمالتهم نحو الموضوع مستخدما اللغة العربية الفصيحة.",G12.5.1.2.1,يحلل المتعلم نصا مسموعا محددا الحجج (منطقية - ذاتية - وجدانية) وموضحا تأثيرها في الميول والأفكار,,,,,,,,,,,,,,,,,
Grade 12,الاستماع,2.1,الإعلانات التلفزيونية,2.1.3,الاستماع والمحادثة,الاستماع/ استيعاب المعرفة و تقديمها,"أن يشارك المتعلم في النقاشات مع معلميه وزملائه، مكيفا كلامه وفق لمجموعة متنوعة مــن السـياقات والمهام  التواصلية، مظهرا إجادته للغة العربية الفصيحة.",G12.5.1.4.1,يحلل الاستراتيجيات المستخدمة في مادة مسموعة لغرض تقديم المعلومات او الإقناع أو التثقيف مظهرا إجادته للغة العربية الفصيحة,,,,,,,,,,,,,,,,,
Grade 12,المحادثة,3.1,المتنبي,3.1.1,الاستماع والمحادثة,المحادثة/ استيعاب المعرفة و تقديمها,"أن يستخدم المتعلم الوسائط الرقمية في العروض البصرية للتعبير عن المعلومات، ويفهم المــادة المعروضة من خلال هذه الوسائط.",G12.5.1.3.1,"يقدم عرضا تقديميا معلوماتيا عن شخصيٍة أدبيٍة ، أوعلميٍة ، مظِهرا إحاَطًة تامًة في الموضوع المطروِق بالإجابِة عن أسئلِة المستمعيَنُ مستخدًما الُّلغَة العربَّيَة الفصيحَة ، ولغَة الجسِد المناسبَة ، مستفيًدا مَن البحِث الذي أعَّده عنه ، ومن المصادِر الورقّيِة والرقمية المتاحة، مستخدما تقنيات العرض المناسبة",,,,,,,,,,,,,,,,,
Grade 12,المحادثة,3.1,المتنبي,3.1.1,الاستماع والمحادثة,المحادثة/ استيعاب المعرفة و تقديمها,"أن يشارك المتعلم في النقاشات مع معلميه وزملائه، مكيفا كلامه وفق لمجموعة متنوعة مــن السـياقات والمهام  التواصلية، مظهرا إجادته للغة العربية الفصيحة.",G12.5.1.4.2,يلخص المتعلم بدقة الملحوظات التي عبر عنها المشاركون في النقاش محددا المعلومات والأبحاث والمهام الموكولة إلى فريقه ويقيم مدى إنجازه لمهمته وتحقيق أهدافه,,,,,,,,,,,,,,,,,
Grade 12,المحادثة,3.1,المتنبي,3.1.1,الكتابة,الكتابة/إنتاج الأعمال الكتابية و نشرها,أن يستخدم المتعلم التكنولوجيا بما فيها الإنترنت وغيرها من المصادر لينتج وينشر عملا كتابيا متفاعلا مع الآخرين,G12.4.2.5.3,"يقدم عروضا صوتيًة - مرئيًة : تتضمن معلوماٍتِ من مصادر مختلفٍة (التلفزيون ،الصحف ، المجّلات ، الأقراص المدمجة ،الشبكة المعلوماتية) جامعا في عرضه بين النص والصوت والصورة واضعا في الاعتبار المتلقي (جمهور ، أطفال ، زملاء الصف)",,,,,,,,,,,,,,,,,
Grade 12,المحادثة,3.1,شعراء العصر العباسي,3.1.2,الاستماع والمحادثة,المحادثة/ استيعاب المعرفة و تقديمها,"أن يستخدم المتعلم الوسائط الرقمية في العروض البصرية للتعبير عن المعلومات، ويفهم المــادة المعروضة من خلال هذه الوسائط.",G12.5.1.3.1,"يقدم عرضا تقديميا معلوماتيا عن شخصيٍة أدبيٍة ، أوعلميٍة ، مظِهرا إحاَطًة تامًة في الموضوع المطروِق بالإجابِة عن أسئلِة المستمعيَنُ مستخدًما الُّلغَة العربَّيَة الفصيحَة ، ولغَة الجسِد المناسبَة ، مستفيًدا مَن البحِث الذي أعَّده عنه ، ومن المصادِر الورقّيِة والرقمية المتاحة، مستخدما تقنيات العرض المناسبة",,,,,,,,,,,,,,,,,
Grade 12,المحادثة,3.1,شعراء العصر العباسي,3.1.2,الاستماع والمحادثة,المحادثة/ استيعاب المعرفة و تقديمها,"أن يشارك المتعلم في النقاشات مع معلميه وزملائه، مكيفا كلامه وفق لمجموعة متنوعة مــن السـياقات والمهام  التواصلية، مظهرا إجادته للغة العربية الفصيحة.",G12.5.1.4.2,يلخص المتعلم بدقة الملحوظات التي عبر عنها المشاركون في النقاش محددا المعلومات والأبحاث والمهام الموكولة إلى فريقه ويقيم مدى إنجازه لمهمته وتحقيق أهدافه,,,,,,,,,,,,,,,,,
Grade 12,المحادثة,3.1,شعراء العصر العباسي,3.1.2,الكتابة,الكتابة/إنتاج الأعمال الكتابية و نشرها,أن يستخدم المتعلم التكنولوجيا بما فيها الإنترنت وغيرها من المصادر لينتج وينشر عملا كتابيا متفاعلا مع الآخرين,G12.4.2.5.3,"يقدم عروضا صوتيًة - مرئيًة : تتضمن معلوماٍتِ من مصادر مختلفٍة (التلفزيون ،الصحف ، المجّلات ، الأقراص المدمجة ،الشبكة المعلوماتية) جامعا في عرضه بين النص والصوت والصورة واضعا في الاعتبار المتلقي (جمهور ، أطفال ، زملاء الصف)",,,,,,,,,,,,,,,,,
Grade 12,المحادثة,3.1,تقديم عروض عن بعض الفلاسفة,3.1.3,الاستماع والمحادثة,المحادثة/ استيعاب المعرفة و تقديمها,"أن يستخدم المتعلم الوسائط الرقمية في العروض البصرية للتعبير عن المعلومات، ويفهم المــادة المعروضة من خلال هذه الوسائط.",G12.5.1.3.1,"يقدم عرضا تقديميا معلوماتيا عن شخصيٍة أدبيٍة ، أوعلميٍة ، مظِهرا إحاَطًة تامًة في الموضوع المطروِق بالإجابِة عن أسئلِة المستمعيَنُ مستخدًما الُّلغَة العربَّيَة الفصيحَة ، ولغَة الجسِد المناسبَة ، مستفيًدا مَن البحِث الذي أعَّده عنه ، ومن المصادِر الورقّيِة والرقمية المتاحة، مستخدما تقنيات العرض المناسبة",,,,,,,,,,,,,,,,,
Grade 12,المحادثة,3.1,تقديم عروض عن بعض الفلاسفة,3.1.3,الاستماع والمحادثة,المحادثة/ استيعاب المعرفة و تقديمها,"أن يشارك المتعلم في النقاشات مع معلميه وزملائه، مكيفا كلامه وفق لمجموعة متنوعة مــن السـياقات والمهام  التواصلية، مظهرا إجادته للغة العربية الفصيحة.",G12.5.1.4.2,يلخص المتعلم بدقة الملحوظات التي عبر عنها المشاركون في النقاش محددا المعلومات والأبحاث والمهام الموكولة إلى فريقه ويقيم مدى إنجازه لمهمته وتحقيق أهدافه,,,,,,,,,,,,,,,,,
Grade 12,المحادثة,3.1,تأثير العلوم والتكنولوجيا,3.1.4,الاستماع والمحادثة,المحادثة/ استيعاب المعرفة و تقديمها,"أن يستخدم المتعلم الوسائط الرقمية في العروض البصرية للتعبير عن المعلومات، ويفهم المــادة المعروضة من خلال هذه الوسائط.",G12.5.1.2.2,"يقدم عرضا يناقش فيه تأثير العلوم والتكنولوجيا الحديثة في مثل (التعليم والتعلم ، خدمات الجمهور ، الصناعة ، الطب)",,,,,,,,,,,,,,,,,
Grade 12,المحادثة,3.1,تأثير العلوم والتكنولوجيا,3.1.4,الاستماع والمحادثة,المحادثة/ استيعاب المعرفة و تقديمها,"أن يشارك المتعلم في النقاشات مع معلميه وزملائه، مكيفا كلامه وفق لمجموعة متنوعة مــن السـياقات والمهام  التواصلية، مظهرا إجادته للغة العربية الفصيحة.",G12.5.1.4.2,يلخص المتعلم بدقة الملحوظات التي عبر عنها المشاركون في النقاش محددا المعلومات والأبحاث والمهام الموكولة إلى فريقه ويقيم مدى إنجازه لمهمته وتحقيق أهدافه,,,,,,,,,,,,,,,,,
Grade 12,المحادثة,3.1,الأدب الأندلسي,3.1.5,الاستماع والمحادثة,المحادثة/ استيعاب المعرفة و تقديمها,"أن يستخدم المتعلم الوسائط الرقمية في العروض البصرية للتعبير عن المعلومات، ويفهم المــادة المعروضة من خلال هذه الوسائط.",G12.5.1.3.1,"يقدم عرضا تقديميا معلوماتيا عن شخصيٍة أدبيٍة ، أوعلميٍة ، مظِهرا إحاَطًة تامًة في الموضوع المطروِق بالإجابِة عن أسئلِة المستمعيَنُ مستخدًما الُّلغَة العربَّيَة الفصيحَة ، ولغَة الجسِد المناسبَة ، مستفيًدا مَن البحِث الذي أعَّده عنه ، ومن المصادِر الورقّيِة والرقمية المتاحة، مستخدما تقنيات العرض المناسبة",,,,,,,,,,,,,,,,,
Grade 12,المحادثة,3.1,الأدب الأندلسي,3.1.5,الاستماع والمحادثة,المحادثة/ استيعاب المعرفة و تقديمها,"أن يشارك المتعلم في النقاشات مع معلميه وزملائه، مكيفا كلامه وفق لمجموعة متنوعة مــن السـياقات والمهام  التواصلية، مظهرا إجادته للغة العربية الفصيحة.",G12.5.1.4.2,يلخص المتعلم بدقة الملحوظات التي عبر عنها المشاركون في النقاش محددا المعلومات والأبحاث والمهام الموكولة إلى فريقه ويقيم مدى إنجازه لمهمته وتحقيق أهدافه,,,,,,,,,,,,,,,,,
Grade 12,المحادثة,3.1,الأدب الأندلسي,3.1.5,الكتابة,الكتابة/إنتاج الأعمال الكتابية و نشرها,أن يستخدم المتعلم التكنولوجيا بما فيها الإنترنت وغيرها من المصادر لينتج وينشر عملا كتابيا متفاعلا مع الآخرين,G12.4.2.5.3,"يقدم عروضا صوتيًة - مرئيًة : تتضمن معلوماٍتِ من مصادر مختلفٍة (التلفزيون ،الصحف ، المجّلات ، الأقراص المدمجة ،الشبكة المعلوماتية) جامعا في عرضه بين النص والصوت والصورة واضعا في الاعتبار المتلقي (جمهور ، أطفال ، زملاء الصف)",,,,,,,,,,,,,,,,,
Grade 12,المحادثة,3.1,شعراء العصر الأندلسي,3.1.6,الاستماع والمحادثة,المحادثة/ استيعاب المعرفة و تقديمها,"أن يستخدم المتعلم الوسائط الرقمية في العروض البصرية للتعبير عن المعلومات، ويفهم المــادة المعروضة من خلال هذه الوسائط.",G12.5.1.3.1,"يقدم عرضا تقديميا معلوماتيا عن شخصيٍة أدبيٍة ، أوعلميٍة ، مظِهرا إحاَطًة تامًة في الموضوع المطروِق بالإجابِة عن أسئلِة المستمعيَنُ مستخدًما الُّلغَة العربَّيَة الفصيحَة ، ولغَة الجسِد المناسبَة ، مستفيًدا مَن البحِث الذي أعَّده عنه ، ومن المصادِر الورقّيِة والرقمية المتاحة، مستخدما تقنيات العرض المناسبة",,,,,,,,,,,,,,,,,
Grade 12,المحادثة,3.1,شعراء العصر الأندلسي,3.1.6,الاستماع والمحادثة,المحادثة/ استيعاب المعرفة و تقديمها,"أن يشارك المتعلم في النقاشات مع معلميه وزملائه، مكيفا كلامه وفق لمجموعة متنوعة مــن السـياقات والمهام  التواصلية، مظهرا إجادته للغة العربية الفصيحة.",G12.5.1.4.2,يلخص المتعلم بدقة الملحوظات التي عبر عنها المشاركون في النقاش محددا المعلومات والأبحاث والمهام الموكولة إلى فريقه ويقيم مدى إنجازه لمهمته وتحقيق أهدافه,,,,,,,,,,,,,,,,,
Grade 12,المحادثة,3.1,شعراء العصر الأندلسي,3.1.6,الكتابة,الكتابة/إنتاج الأعمال الكتابية و نشرها,أن يستخدم المتعلم التكنولوجيا بما فيها الإنترنت وغيرها من المصادر لينتج وينشر عملا كتابيا متفاعلا مع الآخرين,G12.4.2.5.3,"يقدم عروضا صوتيًة - مرئيًة : تتضمن معلوماٍتِ من مصادر مختلفٍة (التلفزيون ،الصحف ، المجّلات ، الأقراص المدمجة ،الشبكة المعلوماتية) جامعا في عرضه بين النص والصوت والصورة واضعا في الاعتبار المتلقي (جمهور ، أطفال ، زملاء الصف)",,,,,,,,,,,,,,,,,
Grade 12,المحادثة,3.1,طرح تجربة شخصية,3.1.7,الاستماع والمحادثة,المحادثة/ استيعاب المعرفة و تقديمها,"أن يستخدم المتعلم الوسائط الرقمية في العروض البصرية للتعبير عن المعلومات، ويفهم المــادة المعروضة من خلال هذه الوسائط.",G12.5.1.5.1,يطرح تجربة شخصية ويبنى عليها رأيا خاصا ويوازنه بآراء موثقة (مؤيدة ومخالفة له) موظفا محتويات وسائل الإعلام الرقمي والرسومات المرئية,,,,,,,,,,,,,,,,,
Grade 12,المحادثة,3.1,طرح تجربة شخصية,3.1.7,الاستماع والمحادثة,المحادثة/ استيعاب المعرفة و تقديمها,"أن يشارك المتعلم في النقاشات مع معلميه وزملائه، مكيفا كلامه وفق لمجموعة متنوعة مــن السـياقات والمهام  التواصلية، مظهرا إجادته للغة العربية الفصيحة.",G12.5.1.4.2,يلخص المتعلم بدقة الملحوظات التي عبر عنها المشاركون في النقاش محددا المعلومات والأبحاث والمهام الموكولة إلى فريقه ويقيم مدى إنجازه لمهمته وتحقيق أهدافه,,,,,,,,,,,,,,,,,
Grade 12,المحادثة,3.1,شعراء العصر الحديث,3.1.8,الاستماع والمحادثة,المحادثة/ استيعاب المعرفة و تقديمها,"أن يستخدم المتعلم الوسائط الرقمية في العروض البصرية للتعبير عن المعلومات، ويفهم المــادة المعروضة من خلال هذه الوسائط.",G12.5.1.3.1,"يقدم عرضا تقديميا معلوماتيا عن شخصيٍة أدبيٍة ، أوعلميٍة ، مظِهرا إحاَطًة تامًة في الموضوع المطروِق بالإجابِة عن أسئلِة المستمعيَنُ مستخدًما الُّلغَة العربَّيَة الفصيحَة ، ولغَة الجسِد المناسبَة ، مستفيًدا مَن البحِث الذي أعَّده عنه ، ومن المصادِر الورقّيِة والرقمية المتاحة، مستخدما تقنيات العرض المناسبة",,,,,,,,,,,,,,,,,
Grade 12,المحادثة,3.1,شعراء العصر الحديث,3.1.8,الاستماع والمحادثة,المحادثة/ استيعاب المعرفة و تقديمها,"أن يشارك المتعلم في النقاشات مع معلميه وزملائه، مكيفا كلامه وفق لمجموعة متنوعة مــن السـياقات والمهام  التواصلية، مظهرا إجادته للغة العربية الفصيحة.",G12.5.1.4.2,يلخص المتعلم بدقة الملحوظات التي عبر عنها المشاركون في النقاش محددا المعلومات والأبحاث والمهام الموكولة إلى فريقه ويقيم مدى إنجازه لمهمته وتحقيق أهدافه,,,,,,,,,,,,,,,,,
Grade 12,المحادثة,3.1,"تقديم عروض عن موضوعات ورد ذكرها في درس ""الموسيقا في العلم""",3.1.9,الاستماع والمحادثة,المحادثة/ استيعاب المعرفة و تقديمها,"أن يستخدم المتعلم الوسائط الرقمية في العروض البصرية للتعبير عن المعلومات، ويفهم المــادة المعروضة من خلال هذه الوسائط.",G12.5.1.3.1,"يقدم عرضا تقديميا معلوماتيا عن شخصيٍة أدبيٍة ، أوعلميٍة ، مظِهرا إحاَطًة تامًة في الموضوع المطروِق بالإجابِة عن أسئلِة المستمعيَنُ مستخدًما الُّلغَة العربَّيَة الفصيحَة ، ولغَة الجسِد المناسبَة ، مستفيًدا مَن البحِث الذي أعَّده عنه ، ومن المصادِر الورقّيِة والرقمية المتاحة، مستخدما تقنيات العرض المناسبة",,,,,,,,,,,,,,,,,
Grade 12,المحادثة,3.1,"تقديم عروض عن موضوعات ورد ذكرها في درس ""الموسيقا في العلم""",3.1.9,الاستماع والمحادثة,المحادثة/ استيعاب المعرفة و تقديمها,"أن يشارك المتعلم في النقاشات مع معلميه وزملائه، مكيفا كلامه وفق لمجموعة متنوعة مــن السـياقات والمهام  التواصلية، مظهرا إجادته للغة العربية الفصيحة.",G12.5.1.4.2,يلخص المتعلم بدقة الملحوظات التي عبر عنها المشاركون في النقاش محددا المعلومات والأبحاث والمهام الموكولة إلى فريقه ويقيم مدى إنجازه لمهمته وتحقيق أهدافه,,,,,,,,,,,,,,,,,
Grade 12,المحادثة,3.1,"تقديم عروض عن موضوعات ورد ذكرها في درس ""الموسيقا في العلم""",3.1.9,الكتابة,الكتابة/إنتاج الأعمال الكتابية و نشرها,أن يستخدم المتعلم التكنولوجيا بما فيها الإنترنت وغيرها من المصادر لينتج وينشر عملا كتابيا متفاعلا مع الآخرين,G12.4.2.5.3,يقدم عروضا صوتية مرئية تتضمن معلومات من مصادر مختلفة جامعا في عرضه بين النص والصوت والصورة واضعا في الاعتبار المتلقي,,,,,,,,,,,,,,,,,
Grade 12,المحادثة,3.1,فلم وثائقي تسجيلي,3.1.10,الاستماع والمحادثة,المحادثة/ استيعاب المعرفة و تقديمها,"أن يشارك المتعلم في النقاشات مع معلميه وزملائه، مكيفا كلامه وفق لمجموعة متنوعة مــن السـياقات والمهام  التواصلية، مظهرا إجادته للغة العربية الفصيحة.",G12.5.1.4.1,يحلل الاستراتيجيات المستخدمة في تقديم مادة أدبية مرئية (بوسيلة إعلامية) موضحا ومقيما المعلومات الواردة فيها لتحقيق الإقناع والامتاع,,,,,,,,,,,,,,,,,
Grade 12,المحادثة,3.1,فلم وثائقي تسجيلي,3.1.10,الاستماع والمحادثة,المحادثة/ استيعاب المعرفة و تقديمها,"أن يشارك المتعلم في النقاشات مع معلميه وزملائه، مكيفا كلامه وفق لمجموعة متنوعة مــن السـياقات والمهام  التواصلية، مظهرا إجادته للغة العربية الفصيحة.",G12.5.1.4.2,يلخص المتعلم بدقة الملحوظات التي عبر عنها المشاركون في النقاش محددا المعلومات والأبحاث والمهام الموكولة إلى فريقه ويقيم مدى إنجازه لمهمته وتحقيق أهدافه,,,,,,,,,,,,,,,,,
Grade 12,المحادثة,3.1,فلم وثائقي تسجيلي,3.1.10,الكتابة,الكتابة/إنتاج الأعمال الكتابية و نشرها,أن يستخدم المتعلم التكنولوجيا بما فيها الإنترنت وغيرها من المصادر لينتج وينشر عملا كتابيا متفاعلا مع الآخرين,G12.4.2.5.3,يقدم عروضا صوتية مرئية تتضمن معلومات من مصادر مختلفة جامعا في عرضه بين النص والصوت والصورة واضعا في الاعتبار المتلقي,,,,,,,,,,,,,,,,,
Grade 12,الكتابة,4.1,"كتابة استجابة لنص أدبي - ""قصة البدين والنحيف"" لتشيخوف",4.1.1,الكتابة,الكتابة/إنتاج الأعمال الكتابية و نشرها,أن ينتج المتعلم نصوصا سردية ومعلوماتية وإقناعية ووصفية وتظهر كتاباته تقيده بالسلامة اللغوية.,G12.4.2.4.2,"يكتب استجابات شخصية للنصوص الأدبية تعكس فهمه المعنى ، رابطا استجابته للنص وما فيه من تقنيات وأفكار باستناجات وأحكام مدعومة بأدلة من النص أو من نصوص أخرى لكتاب اخرين او من معرفته الشخصية عن اثر العمل الأدبي في المتلقي",,,,,,,,,,,,,,,,,
Grade 12,الكتابة,4.1,"كتابة استجابة لنص أدبي - ""قصة البدين والنحيف"" لتشيخوف",4.1.1,الكتابة,الكتابة/ البحث عن المعلومات,أن يبحث المتعلم عن المعلومات ويطبقها في موضوعات كتابية تستند إلى أغراض محددة تظهر فهمه بالمادة التي يبحث عنها وتتناسب مع غرض الكتابة وطبيعتها.,G12.4.2.3.4,يراجع المتعلم مسودات متعددة لما يكتب ويعيد تحريرها مركزا علي منطقية العرض وصوته الخاص ويعزز لغته وينوعها واضعا في اعتباره جمهور المتلقين والغرض وتماسك التنظيم والوضوح,,,,,,,,,,,,,,,,,
Grade 12,الكتابة,4.1,كتابة نص تأملي أو قصة قصيرة,4.1.2,الكتابة,الكتابة/إنتاج الأعمال الكتابية و نشرها,أن ينتج المتعلم نصوصا سردية ومعلوماتية وإقناعية ووصفية وتظهر كتاباته تقيده بالسلامة اللغوية.,G12.4.2.4.3,"يكتب المتعلم قصصا قصيرة مظهرا قدرة جيدة علي تحقيق التوازن في النص (الحبكة ، وجهة النظر ، الشخصية ، الزمان ، المكان)",كتابة نص تأملي أو قصة قصيرة,,,,,,,,,,,,,,,,
Grade 12,الكتابة,4.1,كتابة نص تأملي أو قصة قصيرة,4.1.2,الكتابة,الكتابة/إنتاج الأعمال الكتابية و نشرها,أن ينتج المتعلم نصوصا سردية ومعلوماتية وإقناعية ووصفية وتظهر كتاباته تقيده بالسلامة اللغوية.,G12.4.2.4.4,"يكتب المتعلم نصوصا تأملية تكشف أهمية تجاربه الشخصية التي مر بها وأثر الأحداث والأشخاص والأفكار في حياته ورؤيته الخاصه مستخدما إستراتيجيات كتابة مختلفة (سرد ، وصف ، تفسير)",,,,,,,,,,,,,,,,,
Grade 12,الكتابة,4.1,كتابة نص تأملي أو قصة قصيرة,4.1.2,الكتابة,الكتابة/إنتاج الأعمال الكتابية و نشرها,"أن يكتب المتعلم نصوصا تعبر عن  فكرة مركزية تظهر مقدرة على التركيز والتنظيم وتدل على وعي كامل بالمتلقي في علاقته بغرض وبموضوع الكتابة، مطورا مهاراته الكتابية من خلال مراحل الكتابة (ما قبل الكتابة، المسودة، المراجعة)، لتحرير النص.
",G12.4.2.3.1,يستخدم المتعلم التصوير البلاغي (التجسيد والتشخيص) والمحسنات البديعية والآساليب الإنشائية وغيرها من الأدوات في كتابته,,,,,,,,,,,,,,,,,
Grade 12,الكتابة,4.1,كتابة نص تأملي أو قصة قصيرة,4.1.2,الكتابة,الكتابة/ البحث عن المعلومات,أن يبحث المتعلم عن المعلومات ويطبقها في موضوعات كتابية تستند إلى أغراض محددة تظهر فهمه بالمادة التي يبحث عنها وتتناسب مع غرض الكتابة وطبيعتها.,G12.4.2.3.4,يراجع المتعلم مسودات متعددة لما يكتب ويعيد تحريرها مركزا علي منطقية العرض وصوته الخاص ويعزز لغته وينوعها واضعا في اعتباره جمهور المتلقين والغرض وتماسك التنظيم والوضوح,,,,,,,,,,,,,,,,,
Grade 12,الكتابة,4.1,كتابة نص إقناعي,4.1.3,الكتابة,الكتابة/إنتاج الأعمال الكتابية و نشرها,"أن يكتب المتعلم نصوصا تعبر عن  فكرة مركزية تظهر مقدرة على التركيز والتنظيم وتدل على وعي كامل بالمتلقي في علاقته بغرض وبموضوع الكتابة، مطورا مهاراته الكتابية من خلال مراحل الكتابة (ما قبل الكتابة، المسودة، المراجعة)، لتحرير النص.
",G12.4.2.3.2,ينظم المتعلم الأفكار والحجج المعبرة عن الموضوع مدعومة بالأدلة والأمثلة المقنعة بلغة تعكس أسلوبة مستخدما وسائل توضيحية,كتابة نص إقناعي,,,,,,,,,,,,,,,,
Grade 12,الكتابة,4.1,كتابة نص إقناعي,4.1.3,الكتابة,الكتابة/إنتاج الأعمال الكتابية و نشرها,"أن يكتب المتعلم نصوصا تعبر عن  فكرة مركزية تظهر مقدرة على التركيز والتنظيم وتدل على وعي كامل بالمتلقي في علاقته بغرض وبموضوع الكتابة، مطورا مهاراته الكتابية من خلال مراحل الكتابة (ما قبل الكتابة، المسودة، المراجعة)، لتحرير النص.
",G12.4.2.3.1,"يظهر المتعلم فهمه لعناصر الخطاب المختلفة (الغرض ، المتلقي ، الشكل) في كتابة نصوص سردية أو تفسيرية أو إقناعية أو وصفية",,,,,,,,,,,,,,,,,
Grade 12,الكتابة,4.1,كتابة نص إقناعي,4.1.3,الكتابة,الكتابة/ البحث عن المعلومات,أن يبحث المتعلم عن المعلومات ويطبقها في موضوعات كتابية تستند إلى أغراض محددة تظهر فهمه بالمادة التي يبحث عنها وتتناسب مع غرض الكتابة وطبيعتها.,G12.4.2.3.4,يراجع المتعلم مسودات متعددة لما يكتب ويعيد تحريرها مركزا علي منطقية العرض وصوته الخاص ويعزز لغته وينوعها واضعا في اعتباره جمهور المتلقين والغرض وتماسك التنظيم والوضوح,,,,,,,,,,,,,,,,,
Grade 12,الكتابة,4.1,كتابة سيرة غيرية,4.1.4,الكتابة,الكتابة/إنتاج الأعمال الكتابية و نشرها,أن ينتج المتعلم نصوصا سردية ومعلوماتية وإقناعية ووصفية وتظهر كتاباته تقيده بالسلامة اللغوية.,G12.4.2.4.1,"يكتب المتعلم سيرا غيرية ونصوصا سردية متنوعة مترابطة الأحداث واصفا المشاهد والأحداث والحركات وتعبيرات الوجوه والمشاعر باستخدام تفاصيل حسية دقيقة ، موظفا الحوار الداخلي والخارجي والصور البلاغية في الوصف والسرد",كتابة سيرة غيرية,,,,,,,,,,,,,,,,
Grade 12,الكتابة,4.1,كتابة سيرة غيرية,4.1.4,الكتابة,الكتابة/ البحث عن المعلومات,أن يبحث المتعلم عن المعلومات ويطبقها في موضوعات كتابية تستند إلى أغراض محددة تظهر فهمه بالمادة التي يبحث عنها وتتناسب مع غرض الكتابة وطبيعتها.,G12.4.2.3.4,يراجع المتعلم مسودات متعددة لما يكتب ويعيد تحريرها مركزا علي منطقية العرض وصوته الخاص ويعزز لغته وينوعها واضعا في اعتباره جمهور المتلقين والغرض وتماسك التنظيم والوضوح,,,,,,,,,,,,,,,,,
Grade 12,الكتابة,4.1,كتابة سيرة غيرية,4.1.4,الكتابة,الكتابة/إنتاج الأعمال الكتابية و نشرها,أن يستخدم المتعلم التكنولوجيا بما فيها الإنترنت وغيرها من المصادر لينتج وينشر عملا كتابيا متفاعلا مع الآخرين,G12.4.2.5.2,يشارك بكتاباته مع الآخرين من خلال وسائل النشر المختلفة,,,,,,,,,,,,,,,,,
Grade 12,الكتابة,4.1,كتابة ورقة بحثية,4.1.5,الكتابة,الكتابة/ البحث عن المعلومات,أن يبحث المتعلم عن المعلومات ويطبقها في موضوعات كتابية تستند إلى أغراض محددة تظهر فهمه بالمادة التي يبحث عنها وتتناسب مع غرض الكتابة وطبيعتها.,G12.4.1.1.1,يكتب المتعلم ورقة بحثية مطبقا خطوات البحث العلمي,كتابة بحث,,,,,,,,,,,,,,,,
Grade 12,الكتابة,4.1,كتابة ورقة بحثية,4.1.5,الكتابة,الكتابة/ البحث عن المعلومات,أن يبحث المتعلم عن المعلومات ويطبقها في موضوعات كتابية تستند إلى أغراض محددة تظهر فهمه بالمادة التي يبحث عنها وتتناسب مع غرض الكتابة وطبيعتها.,G12.4.1.1.2,"يطور المتعلم بحثه بوضع أسئلة واضحه ودقيقة عن الموضوع مطبقا استراتيجياات منوعة في البحث (المقابلات ، التجارب ، المصادر الإلكترونية ، دراسة الحالة)",,,,,,,,,,,,,,,,,
Grade 12,الكتابة,4.1,كتابة ورقة بحثية,4.1.5,الكتابة,الكتابة/ البحث عن المعلومات,أن يبحث المتعلم عن المعلومات ويطبقها في موضوعات كتابية تستند إلى أغراض محددة تظهر فهمه بالمادة التي يبحث عنها وتتناسب مع غرض الكتابة وطبيعتها.,G12.4.1.1.3,يضمن بحثه معلومات من مصادر تمثل وجهات نظر مختلفة مراعيا مصداقية المصادر مضمنا بحثه قائمة المصادر والمراجع,,,,,,,,,,,,,,,,,
Grade 12,الكتابة,4.1,كتابة ورقة بحثية,4.1.5,الكتابة,الكتابة/ البحث عن المعلومات,أن يبحث المتعلم عن المعلومات ويطبقها في موضوعات كتابية تستند إلى أغراض محددة تظهر فهمه بالمادة التي يبحث عنها وتتناسب مع غرض الكتابة وطبيعتها.,G12.4.2.3.4,يراجع المتعلم مسودات متعددة لما يكتب ويعيد تحريرها مركزا علي منطقية العرض وصوته الخاص ويعزز لغته وينوعها واضعا في اعتباره جمهور المتلقين والغرض وتماسك التنظيم والوضوح,,,,,,,,,,,,,,,,,
Grade 12,الكتابة,4.1,كتابة سيرة ذاتية في مجال الأعمال,4.1.6,الكتابة,الكتابة/إنتاج الأعمال الكتابية و نشرها,أن ينتج المتعلم نصوصا سردية ومعلوماتية وإقناعية ووصفية وتظهر كتاباته تقيده بالسلامة اللغوية.,G12.4.2.4.5,يكتب المتعلم سيرة ذاتية منظمة ودقيقة في مجال الأعمال مزودا المتلقي بمعلومات واضحة ويرتب المعلومات فيها ترتيبا يعطى انطباعا جيدا عن شخصيته ومهاراته,كتابة سيرة ذاتية,,,,,,,,,,,,,,,,
Grade 12,الكتابة,4.1,كتابة سيرة ذاتية في مجال الأعمال,4.1.6,الكتابة,الكتابة/ البحث عن المعلومات,أن يبحث المتعلم عن المعلومات ويطبقها في موضوعات كتابية تستند إلى أغراض محددة تظهر فهمه بالمادة التي يبحث عنها وتتناسب مع غرض الكتابة وطبيعتها.,G12.4.2.3.4,يراجع المتعلم مسودات متعددة لما يكتب ويعيد تحريرها مركزا علي منطقية العرض وصوته الخاص ويعزز لغته وينوعها واضعا في اعتباره جمهور المتلقين والغرض وتماسك التنظيم والوضوح,,,,,,,,,,,,,,,,,
Grade 12,الكتابة,4.1,كتابة استجابة لنص أدبي - محمود درويش,4.1.7,الكتابة,الكتابة/إنتاج الأعمال الكتابية و نشرها,أن ينتج المتعلم نصوصا سردية ومعلوماتية وإقناعية ووصفية وتظهر كتاباته تقيده بالسلامة اللغوية.,G12.4.2.4.2,"يكتب استجابات شخصية للنصوص الأدبية تعكس فهمه المعنى ، رابطا استجابته للنص وما فيه من تقنيات وأفكار باستناجات وأحكام مدعومة بأدلة من النص أو من نصوص أخرى لكتاب اخرين او من معرفته الشخصية عن اثر العمل الأدبي في المتلقي",كتابة استجابة أدبية,,,,,,,,,,,,,,,,
Grade 12,الكتابة,4.1,كتابة استجابة لنص أدبي - محمود درويش,4.1.7,الكتابة,الكتابة/إنتاج الأعمال الكتابية و نشرها,أن يستخدم المتعلم التكنولوجيا بما فيها الإنترنت وغيرها من المصادر لينتج وينشر عملا كتابيا متفاعلا مع الآخرين,G12.4.2.5.3,يقدم عروضا صوتيًة - مرئيًة : تتضمن معلوماٍتِ من مصادر مختلفٍة جامعا في عرضه بين النص والصوت والصورة واضعا في الاعتبار المتلقي,,,,,,,,,,,,,,,,,
Grade 12,الكتابة,4.1,كتابة استجابة لنص أدبي - محمود درويش,4.1.7,الكتابة,الكتابة/ البحث عن المعلومات,أن يبحث المتعلم عن المعلومات ويطبقها في موضوعات كتابية تستند إلى أغراض محددة تظهر فهمه بالمادة التي يبحث عنها وتتناسب مع غرض الكتابة وطبيعتها.,G12.4.2.3.4,يراجع المتعلم مسودات متعددة لما يكتب ويعيد تحريرها مركزا علي منطقية العرض وصوته الخاص ويعزز لغته وينوعها واضعا في اعتباره جمهور المتلقين والغرض وتماسك التنظيم والوضوح,,,,,,,,,,,,,,,,,
Grade 12,الكتابة,4.1,كتابة استجابة لنص أدبي - محمود درويش,4.1.7,الكتابة,الكتابة/إنتاج الأعمال الكتابية و نشرها,أن يستخدم المتعلم التكنولوجيا بما فيها الإنترنت وغيرها من المصادر لينتج وينشر عملا كتابيا متفاعلا مع الآخرين,G12.4.2.5.2,يشارك بكتاباته مع الآخرين من خلال وسائل النشر المختلفة,,,,,,,,,,,,,,,,,
Grade 12,الكتابة,4.1,كتابة استجابة لنص أدبي - ابراهيم محمد ابراهيم,4.1.8,الكتابة,الكتابة/إنتاج الأعمال الكتابية و نشرها,أن ينتج المتعلم نصوصا سردية ومعلوماتية وإقناعية ووصفية وتظهر كتاباته تقيده بالسلامة اللغوية.,G12.4.2.4.2,"يكتب استجابات شخصية للنصوص الأدبية تعكس فهمه المعنى ، رابطا استجابته للنص وما فيه من تقنيات وأفكار باستناجات وأحكام مدعومة بأدلة من النص أو من نصوص أخرى لكتاب اخرين او من معرفته الشخصية عن اثر العمل الأدبي في المتلقي",,,,,,,,,,,,,,,,,
Grade 12,الكتابة,4.1,كتابة استجابة لنص أدبي - ابراهيم محمد ابراهيم,4.1.8,الكتابة,الكتابة/إنتاج الأعمال الكتابية و نشرها,أن يستخدم المتعلم التكنولوجيا بما فيها الإنترنت وغيرها من المصادر لينتج وينشر عملا كتابيا متفاعلا مع الآخرين,G12.4.2.5.3,يقدم عروضا صوتيًة - مرئيًة : تتضمن معلوماٍتِ من مصادر مختلفٍة جامعا في عرضه بين النص والصوت والصورة واضعا في الاعتبار المتلقي,,,,,,,,,,,,,,,,,
Grade 12,الكتابة,4.1,كتابة استجابة لنص أدبي - ابراهيم محمد ابراهيم,4.1.8,الكتابة,الكتابة/ البحث عن المعلومات,أن يبحث المتعلم عن المعلومات ويطبقها في موضوعات كتابية تستند إلى أغراض محددة تظهر فهمه بالمادة التي يبحث عنها وتتناسب مع غرض الكتابة وطبيعتها.,G12.4.2.3.4,يراجع المتعلم مسودات متعددة لما يكتب ويعيد تحريرها مركزا علي منطقية العرض وصوته الخاص ويعزز لغته وينوعها واضعا في اعتباره جمهور المتلقين والغرض وتماسك التنظيم والوضوح,,,,,,,,,,,,,,,,,
Grade 12,الكتابة,4.1,كتابة استجابة لنص أدبي - ابراهيم محمد ابراهيم,4.1.8,الكتابة,الكتابة/إنتاج الأعمال الكتابية و نشرها,أن يستخدم المتعلم التكنولوجيا بما فيها الإنترنت وغيرها من المصادر لينتج وينشر عملا كتابيا متفاعلا مع الآخرين,G12.4.2.5.2,يشارك بكتاباته مع الآخرين من خلال وسائل النشر المختلفة,,,,,,,,,,,,,,,,,
